# Blender 4.4.0
# www.blender.org
mtllib Meshy_AI_Guardian_Wolf_0907141137_texture.mtl
o Meshy_AI_Guardian_Wolf_0907141137_texture
v 0.051732 0.841883 0.404754
v 0.058297 0.855623 0.375043
v 0.068316 0.668592 0.610323
v 0.064206 0.807712 0.446677
v 0.017753 0.752502 0.506853
v 0.042225 0.833085 0.433152
v 0.075736 0.792898 0.462321
v 0.064626 0.860991 0.337169
v 0.063038 0.853506 0.357822
v 0.064171 0.844432 0.281976
v 0.076703 0.856781 0.324422
v 0.063511 0.844881 0.315768
v 0.063737 0.846313 0.336208
v 0.063613 0.840173 0.352140
v 0.063417 0.865230 0.313209
v 0.062261 0.835404 0.261746
v 0.077428 0.851583 0.371557
v 0.068433 0.660663 0.630064
v 0.069562 0.654391 0.608451
v 0.066338 0.695196 0.554179
v 0.074357 0.861028 0.333123
v 0.071406 0.812814 0.435832
v 0.070831 0.839584 0.354420
v 0.083978 0.843345 0.280165
v 0.074024 0.824225 0.407161
v 0.070330 0.826816 0.432755
v 0.063578 0.840949 0.342804
v 0.084437 0.841663 0.315630
v 0.083552 0.826127 0.390515
v 0.084855 0.840480 0.345894
v 0.068229 0.719195 0.493013
v 0.082416 0.708872 0.486753
v 0.081221 0.722474 0.486739
v 0.067692 0.716691 0.507998
v 0.072488 0.701663 0.493308
v 0.066880 0.751653 0.507543
v 0.103605 0.759232 0.492881
v 0.077919 0.792844 0.459046
v 0.079343 0.653732 0.608039
v 0.090297 0.708912 0.484564
v 0.093519 0.725933 0.485505
v 0.118183 0.762394 0.486802
v 0.080175 0.813006 0.429588
v 0.122135 0.735378 0.486075
v 0.104660 0.837768 0.328083
v 0.121448 0.792590 0.446630
v 0.103003 0.806805 0.431551
v 0.094247 0.674498 0.486804
v 0.105877 0.871944 0.375977
v 0.119394 0.891691 0.444124
v 0.090363 0.701139 0.493895
v 0.091704 0.803350 0.269314
v 0.099859 0.800277 0.421527
v 0.099499 0.806161 0.408927
v 0.109118 0.731460 0.479151
v 0.110406 0.812466 0.292542
v 0.136275 0.877328 0.441569
v 0.126138 0.704873 0.476339
v 0.109298 0.732108 0.470583
v 0.111368 0.704178 0.479720
v 0.112301 0.704046 0.469254
v 0.120951 0.824908 0.326279
v 0.131187 0.708866 0.464196
v 0.119960 0.820496 0.309567
v 0.123502 0.805431 0.425177
v 0.126878 0.737051 0.466653
v 0.118043 0.782681 0.412111
v 0.110421 0.825461 0.343528
v 0.148157 0.820432 0.346751
v 0.133451 0.756535 0.401532
v 0.136764 0.759471 0.389939
v 0.124024 0.810619 0.342025
v 0.154546 0.701767 0.426032
v 0.140922 0.893733 0.410011
v 0.136357 0.779750 0.353278
v 0.149991 0.795962 0.289489
v 0.140453 0.717048 0.429087
v 0.140815 0.800398 0.327245
v 0.157899 0.766156 0.292910
v 0.159089 0.721512 0.403853
v 0.134977 0.744635 0.430908
v 0.133651 0.767156 0.356383
v 0.146800 0.761162 0.354684
v 0.154989 0.768695 0.332932
v 0.141430 0.890279 0.445975
v 0.154569 0.796867 0.229438
v 0.148438 0.693437 0.419954
v 0.135655 0.745166 0.280278
v 0.149167 0.695704 0.315528
v 0.165631 0.779485 0.230941
v 0.153325 0.678349 0.422725
v 0.150805 0.685924 0.420632
v 0.155912 0.803154 0.399514
v 0.159807 0.690673 0.404013
v 0.148632 0.678251 0.313094
v 0.158378 0.677867 0.314850
v 0.163354 0.672231 0.386935
v 0.158028 0.734233 0.397965
v 0.142572 0.751758 0.286479
v 0.169214 0.675513 0.280132
v 0.153472 0.697076 0.310969
v 0.169675 0.745208 0.283488
v 0.158835 0.739593 0.352961
v 0.158836 0.699019 0.276201
v 0.173240 0.709200 0.319060
v 0.171358 0.753503 0.363117
v 0.184061 0.671709 0.323359
v 0.162076 0.724557 0.379216
v 0.177271 0.738207 0.357889
v 0.174021 0.737986 0.318425
v 0.157633 0.719639 0.363035
v 0.186289 0.671318 0.357162
v 0.169713 0.659265 0.284914
v 0.173816 0.701809 0.336886
v 0.144696 0.665411 0.376762
v 0.189568 0.687266 0.348148
v 0.170488 0.692878 0.347657
v 0.178382 0.711687 0.362217
v 0.168500 0.676188 0.347186
v 0.188964 0.671230 0.316311
v 0.186077 0.674458 0.349826
v 0.145249 0.802585 0.409666
v 0.137405 0.802016 0.305198
v -0.093582 0.693328 0.371185
v -0.105355 0.689178 0.348121
v -0.083807 0.698253 0.348520
v -0.101328 0.673775 0.349465
v -0.094309 0.713423 0.362434
v -0.088022 0.700765 0.334070
v -0.086496 0.737466 0.316330
v -0.095036 0.719434 0.263839
v -0.077410 0.692210 0.403985
v -0.075379 0.721365 0.405273
v -0.087813 0.755514 0.362675
v -0.071664 0.741885 0.351038
v -0.086099 0.709760 0.315106
v -0.070571 0.718825 0.268103
v -0.098236 0.703605 0.270027
v -0.074507 0.736655 0.397505
v -0.078007 0.726715 0.380486
v -0.071422 0.700505 0.273758
v -0.076891 0.721662 0.251313
v -0.065567 0.694844 0.419474
v -0.047983 0.744404 0.277005
v -0.079354 0.748291 0.283979
v -0.067062 0.768947 0.329701
v -0.093196 0.739996 0.358492
v -0.071180 0.720026 0.362185
v -0.051490 0.747722 0.430986
v -0.074806 0.669151 0.308096
v -0.067624 0.673949 0.307323
v -0.068522 0.697185 0.304483
v -0.059575 0.763211 0.353150
v -0.066330 0.698106 0.314547
v -0.070392 0.677683 0.424273
v -0.058714 0.716343 0.428431
v -0.067395 0.689962 0.420400
v -0.065821 0.659660 0.427199
v -0.052084 0.761353 0.391003
v -0.061609 0.802385 0.409534
v -0.064421 0.695793 0.305358
v -0.072430 0.809099 0.402320
v -0.061209 0.797044 0.286797
v -0.074918 0.779055 0.229519
v -0.069000 0.765020 0.288775
v -0.050234 0.898574 0.447297
v -0.045240 0.807697 0.325563
v -0.042372 0.812801 0.279241
v -0.072521 0.701561 0.426596
v -0.047186 0.709864 0.465472
v -0.050738 0.767123 0.353740
v -0.046053 0.680714 0.473213
v -0.051825 0.746740 0.278836
v -0.037252 0.819483 0.305219
v -0.036122 0.812574 0.427846
v -0.034582 0.783334 0.412358
v -0.052773 0.780131 0.347313
v -0.026884 0.896721 0.446493
v -0.049275 0.759584 0.401477
v -0.009226 0.702351 0.492761
v -0.044648 0.705583 0.475711
v -0.018610 0.822968 0.345247
v -0.061976 0.819594 0.350668
v -0.049631 0.900000 0.411438
v -0.038423 0.738469 0.487038
v -0.032729 0.768250 0.486318
v -0.032571 0.789554 0.403306
v -0.043684 0.741973 0.467508
v -0.031060 0.816028 0.294301
v -0.014498 0.841673 0.324854
v -0.049153 0.896922 0.449174
v -0.036459 0.860831 0.442075
v -0.013873 0.803342 0.421328
v -0.012830 0.807967 0.410767
v -0.024253 0.734815 0.473245
v -0.028820 0.704911 0.469901
v -0.028554 0.705286 0.480049
v -0.010424 0.727970 0.485411
v -0.020451 0.833154 0.281430
v -0.018344 0.812271 0.427243
v -0.018126 0.811221 0.433089
v -0.013564 0.874526 0.381605
v 0.000564 0.844976 0.280684
v -0.007508 0.709255 0.484797
v -0.023526 0.763282 0.491805
v 0.001117 0.708831 0.487426
v -0.010474 0.703686 0.486767
v 0.006815 0.792417 0.463234
v 0.007814 0.816940 0.433283
v 0.027731 0.848529 0.300575
v 0.015825 0.717487 0.508462
v 0.001792 0.724555 0.486242
v 0.014783 0.719859 0.492640
v 0.007209 0.830588 0.379141
v 0.006496 0.840774 0.344045
v 0.006987 0.839760 0.350687
v 0.022430 0.838971 0.342325
v 0.000536 0.842945 0.312543
v 0.007414 0.856424 0.322863
v 0.006294 0.829319 0.398553
v 0.025170 0.844123 0.316657
v 0.008067 0.792536 0.465741
v 0.021711 0.808548 0.447516
v 0.014569 0.842937 0.410746
v 0.012653 0.850212 0.390891
v 0.022400 0.845491 0.383132
v 0.010727 0.702751 0.493234
v 0.021059 0.845487 0.392400
v 0.013280 0.655041 0.609388
v 0.017171 0.849182 0.328843
v 0.020529 0.830379 0.435619
v 0.015143 0.817025 0.434003
v 0.011930 0.832513 0.395469
v 0.028560 0.844913 0.403120
v 0.013240 0.863682 0.322456
v 0.026104 0.840886 0.333355
v 0.022543 0.835672 0.379781
v 0.041504 0.850482 0.366726
v 0.022659 0.864207 0.325579
v 0.041126 0.848232 0.308882
v 0.050062 0.844099 0.333689
v 0.039836 0.792970 0.466953
v 0.042751 0.858777 0.331628
v 0.028746 0.831804 0.266202
v 0.062205 0.846496 0.325226
v 0.014757 0.661351 0.630016
v 0.021670 0.628956 0.620218
v 0.023472 0.629872 0.610149
v 0.024199 0.642460 0.625388
v 0.026343 0.643432 0.618431
v 0.028838 0.625081 0.619666
v 0.036525 0.607120 0.600185
v 0.036533 0.602600 0.591101
v 0.026232 0.607057 0.587063
v 0.051510 0.624648 0.620144
v 0.040804 0.625690 0.605161
v 0.038976 0.625282 0.608651
v 0.004809 0.611980 0.524115
v 0.042774 0.603310 0.520062
v 0.044307 0.606333 0.600160
v 0.012683 0.588902 0.580069
v 0.068926 0.585682 0.579912
v 0.039962 0.609116 0.594421
v 0.049859 0.606812 0.587281
v 0.053455 0.642381 0.625985
v 0.041137 0.602110 0.442085
v 0.077335 0.611042 0.520074
v 0.052392 0.626752 0.609336
v 0.055322 0.642855 0.615681
v 0.070676 0.601367 0.588304
v 0.059329 0.628389 0.620235
v 0.058143 0.630292 0.610322
v 0.088668 0.622710 0.466534
v 0.076749 0.601172 0.589928
v 0.067442 0.630011 0.618117
v 0.068638 0.633658 0.605934
v 0.078510 0.630544 0.523114
v 0.081281 0.638951 0.493094
v 0.086702 0.643098 0.572090
v 0.080700 0.631092 0.602090
v 0.085676 0.644635 0.477575
v 0.088454 0.633002 0.519088
v 0.090553 0.642250 0.476741
v 0.128665 0.682855 0.472809
v 0.137778 0.618581 0.430828
v 0.130862 0.655788 0.461939
v 0.145993 0.658280 0.425073
v 0.148760 0.659208 0.426825
v 0.100598 0.610516 0.415578
v 0.092324 0.612940 0.437428
v 0.127257 0.625284 0.398126
v 0.130600 0.574155 0.389941
v 0.125100 0.568171 0.374665
v 0.127222 0.575414 0.374836
v 0.127533 0.571591 0.372737
v 0.144016 0.588039 0.365298
v 0.132629 0.562392 0.382834
v 0.149862 0.625833 0.385915
v 0.138119 0.547948 0.374227
v 0.150030 0.552610 0.366898
v 0.141678 0.629692 0.426466
v 0.142953 0.611652 0.408770
v 0.141513 0.631913 0.416892
v 0.163489 0.627221 0.386057
v 0.133616 0.596744 0.375704
v 0.161168 0.566646 0.355525
v 0.151575 0.655278 0.335180
v 0.162057 0.497924 0.353787
v 0.175524 0.534265 0.343515
v 0.161082 0.661261 0.353305
v 0.153132 0.657032 0.325701
v 0.185051 0.658900 0.327698
v 0.157188 0.586463 0.361398
v 0.168237 0.584319 0.370100
v 0.152421 0.586981 0.366995
v 0.158748 0.622489 0.343781
v 0.161575 0.623206 0.357742
v 0.162881 0.606163 0.355490
v 0.153812 0.630469 0.379185
v 0.141413 0.530957 0.353835
v 0.170108 0.560499 0.342005
v 0.165525 0.623870 0.349486
v 0.165545 0.639463 0.349019
v 0.150556 0.677750 0.318889
v 0.166841 0.636310 0.335846
v 0.162915 0.555993 0.340369
v 0.166281 0.628327 0.378565
v 0.171392 0.604542 0.339067
v 0.169902 0.582839 0.343407
v 0.170791 0.637512 0.377449
v 0.173262 0.637352 0.315188
v 0.173689 0.615906 0.326312
v 0.181065 0.611130 0.310153
v 0.180479 0.598885 0.320556
v 0.164920 0.570525 0.329982
v 0.174129 0.589187 0.322028
v 0.171847 0.640872 0.293079
v 0.202396 0.638821 0.269630
v 0.190306 0.480471 0.338260
v 0.172539 0.610898 0.306109
v 0.190176 0.523018 0.314594
v 0.207643 0.503492 0.331276
v 0.193982 0.567842 0.322179
v 0.223984 0.474725 0.305425
v 0.216162 0.539566 0.318321
v 0.199486 0.495266 0.343570
v 0.218044 0.611106 0.269698
v 0.214108 0.473024 0.337685
v 0.200739 0.478668 0.324805
v 0.199325 0.529686 0.325295
v 0.226142 0.463521 0.305610
v 0.200413 0.480493 0.322068
v 0.207247 0.574381 0.301154
v 0.226945 0.547861 0.291108
v 0.231345 0.487893 0.266813
v 0.223731 0.510193 0.296787
v 0.211138 0.514398 0.310855
v 0.236333 0.507986 0.310741
v 0.231132 0.446910 0.300662
v 0.245290 0.445688 0.310026
v 0.237049 0.456430 0.281546
v 0.047057 0.483472 0.413501
v 0.036159 0.494144 0.389396
v 0.065293 0.486859 0.389112
v 0.044695 0.454030 0.413408
v 0.040453 0.471108 0.411551
v 0.051390 0.500833 0.412270
v 0.028545 0.488270 0.378269
v 0.047007 0.466474 0.411628
v 0.060715 0.484096 0.387453
v 0.048868 0.529772 0.402882
v 0.056328 0.542999 0.413039
v 0.043841 0.531359 0.414885
v 0.053346 0.474336 0.383065
v 0.060630 0.458987 0.412948
v 0.048272 0.534552 0.394021
v 0.046952 0.504121 0.395313
v 0.062039 0.527795 0.404343
v 0.061732 0.481195 0.412109
v 0.056882 0.476381 0.389737
v 0.069620 0.455029 0.412958
v 0.074721 0.465836 0.388947
v 0.040413 0.541739 0.418738
v 0.062072 0.603924 0.435038
v 0.066022 0.473704 0.413023
v 0.070815 0.477221 0.412824
v 0.041472 0.430380 0.389001
v 0.084709 0.489882 0.384629
v 0.076110 0.561692 0.407433
v 0.075502 0.475591 0.411701
v 0.086963 0.559390 0.414182
v 0.066389 0.440052 0.414955
v 0.077505 0.459333 0.412223
v 0.066022 0.492228 0.411587
v 0.074800 0.476398 0.390152
v 0.065482 0.493739 0.390798
v 0.095098 0.507346 0.388333
v 0.088737 0.536591 0.399226
v 0.068942 0.458592 0.415125
v 0.066840 0.570670 0.420357
v 0.086950 0.548079 0.388229
v 0.111385 0.512424 0.359179
v 0.089817 0.563197 0.397567
v 0.105637 0.520952 0.388478
v 0.063977 0.538438 0.392820
v 0.104124 0.554536 0.387617
v 0.125242 0.509965 0.374498
v 0.119447 0.511860 0.364354
v 0.071960 0.490466 0.374367
v 0.099428 0.560500 0.411595
v 0.102968 0.556314 0.383290
v 0.108818 0.545741 0.391182
v 0.078420 0.499946 0.371673
v 0.121128 0.521943 0.360145
v 0.114376 0.612492 0.411963
v 0.102718 0.573535 0.405401
v 0.112468 0.481107 0.364970
v 0.121311 0.564927 0.403948
v 0.106626 0.567121 0.387712
v 0.126576 0.513708 0.366916
v 0.124511 0.503369 0.363556
v 0.126582 0.505476 0.373280
v 0.132431 0.472032 0.358816
v 0.136811 0.541136 0.380918
v 0.122842 0.529960 0.387623
v 0.126848 0.484938 0.361536
v 0.131410 0.495557 0.358598
v 0.128549 0.541822 0.390302
v 0.128483 0.483544 0.376684
v 0.137067 0.507945 0.362736
v 0.139204 0.508457 0.356506
v 0.125304 0.503430 0.377242
v 0.134083 0.516362 0.369214
v 0.141884 0.518937 0.373686
v 0.129053 0.509859 0.380581
v 0.128436 0.533225 0.390928
v 0.137526 0.517662 0.370081
v 0.144947 0.445052 0.375034
v 0.131941 0.522063 0.360700
v 0.139343 0.424551 0.370240
v 0.150031 0.525571 0.368324
v 0.131242 0.565693 0.387704
v 0.147503 0.527732 0.364006
v 0.144058 0.508703 0.361943
v 0.139911 0.519731 0.366287
v 0.133769 0.507316 0.370178
v 0.135840 0.503052 0.381771
v 0.142130 0.485353 0.381307
v 0.150169 0.489946 0.358450
v 0.153847 0.455788 0.356671
v 0.148019 0.507555 0.375102
v 0.153203 0.489212 0.373450
v 0.145354 0.449155 0.353368
v 0.143828 0.486949 0.356253
v 0.158340 0.438514 0.344854
v 0.185409 0.482477 0.326137
v 0.034711 0.466342 0.413192
v 0.111212 0.549080 0.398268
v 0.134358 0.529417 0.381513
v -0.062652 0.657287 0.425817
v -0.080180 0.628445 0.387507
v -0.059480 0.631020 0.426773
v -0.054697 0.620732 0.435735
v -0.048816 0.656166 0.462876
v -0.007002 0.628535 0.469549
v -0.011889 0.675052 0.487410
v -0.059361 0.611647 0.409130
v -0.030278 0.615704 0.411303
v -0.020238 0.615115 0.413029
v -0.019550 0.564306 0.405833
v -0.004024 0.644089 0.575961
v -0.006905 0.634990 0.519443
v -0.004455 0.564698 0.409095
v -0.004694 0.612243 0.426564
v -0.002795 0.646555 0.478373
v -0.007575 0.644798 0.477234
v 0.001685 0.639517 0.498893
v 0.002541 0.632116 0.522114
v 0.041207 0.606513 0.469555
v 0.009675 0.571589 0.416183
v 0.003667 0.654334 0.607983
v 0.000954 0.631999 0.601429
v 0.013209 0.601790 0.588601
v 0.006126 0.602543 0.591027
v 0.014188 0.633296 0.606102
v 0.015178 0.670170 0.609366
v 0.013858 0.630994 0.618625
v 0.019912 0.542982 0.410909
v 0.045654 0.537126 0.400354
v -0.105992 0.478423 0.320128
v -0.105245 0.499953 0.315946
v -0.116594 0.439688 0.320722
v -0.096930 0.480797 0.322533
v -0.123506 0.474988 0.331910
v -0.097234 0.482364 0.337310
v -0.087719 0.454328 0.346937
v -0.078886 0.497905 0.364841
v -0.081397 0.470912 0.365670
v -0.065215 0.496054 0.373901
v -0.077448 0.456227 0.352716
v -0.077414 0.481214 0.351032
v -0.077510 0.447278 0.365968
v -0.066581 0.514976 0.349036
v -0.079609 0.445672 0.325413
v -0.072703 0.516443 0.364124
v -0.065016 0.517025 0.352468
v -0.074704 0.498013 0.350291
v -0.070255 0.516535 0.352832
v -0.061974 0.513369 0.372281
v -0.069716 0.439414 0.342370
v -0.070485 0.460797 0.348807
v -0.054181 0.492449 0.352565
v -0.070333 0.453650 0.371751
v -0.057818 0.450051 0.320260
v -0.071034 0.463502 0.324130
v -0.067447 0.537592 0.353353
v -0.054550 0.530703 0.352039
v -0.057980 0.528830 0.359647
v -0.042360 0.528795 0.348708
v -0.058233 0.515371 0.355702
v -0.050984 0.540456 0.371231
v -0.061125 0.531100 0.356621
v -0.051869 0.513305 0.368763
v -0.059671 0.550451 0.365146
v -0.057437 0.540334 0.370439
v -0.061688 0.550191 0.370199
v -0.057313 0.472575 0.321596
v -0.048162 0.513244 0.356434
v -0.058695 0.515115 0.350088
v -0.058712 0.520380 0.349539
v -0.053265 0.494088 0.368853
v -0.057398 0.548034 0.377989
v -0.050123 0.493091 0.355594
v -0.055645 0.556646 0.376649
v -0.029987 0.483735 0.359132
v -0.052437 0.512110 0.351729
v -0.055357 0.528132 0.357781
v -0.049884 0.523503 0.367005
v -0.045761 0.545903 0.377847
v -0.045074 0.525110 0.353546
v -0.040299 0.533469 0.364185
v -0.031583 0.440695 0.355293
v -0.027312 0.541114 0.379651
v -0.026221 0.525703 0.374732
v -0.030107 0.562993 0.382089
v -0.010440 0.509569 0.359345
v -0.035509 0.514618 0.362963
v -0.025209 0.576529 0.398387
v 0.001105 0.545133 0.387493
v -0.015662 0.483044 0.363470
v -0.010162 0.528283 0.386348
v -0.012227 0.545666 0.390923
v 0.010957 0.495747 0.369722
v -0.001216 0.503428 0.382732
v -0.015930 0.501477 0.373253
v -0.013843 0.476446 0.411162
v -0.012671 0.477444 0.390808
v -0.013167 0.467528 0.389039
v -0.016875 0.458264 0.391424
v -0.016547 0.457665 0.412348
v -0.008632 0.460147 0.415543
v -0.014065 0.567731 0.388652
v -0.002416 0.493192 0.390889
v 0.005567 0.491598 0.381166
v -0.000348 0.479480 0.411565
v -0.004211 0.492491 0.411474
v -0.003190 0.476049 0.413974
v 0.007869 0.568972 0.408076
v 0.024639 0.483097 0.380829
v -0.002487 0.468044 0.373375
v 0.002218 0.459987 0.413572
v 0.011308 0.502216 0.391479
v 0.017183 0.467924 0.413247
v 0.026439 0.485435 0.388943
v -0.004118 0.459633 0.411389
v 0.004143 0.475664 0.412967
v 0.016678 0.486158 0.411345
v 0.014703 0.475013 0.411616
v 0.016281 0.540129 0.388588
v 0.014505 0.504152 0.411663
v 0.023931 0.469849 0.411546
v 0.019416 0.503928 0.389749
v 0.010139 0.490809 0.413150
v 0.021867 0.537913 0.391504
v 0.028580 0.497651 0.411568
v 0.012987 0.496382 0.415032
v 0.017428 0.532763 0.401005
v 0.022309 0.489859 0.411662
v 0.026274 0.450379 0.411591
v 0.021561 0.506144 0.404536
v 0.017657 0.531911 0.409788
v 0.045624 0.507155 0.407894
v 0.043931 0.494671 0.413024
v 0.030781 0.501565 0.415647
v 0.029632 0.506784 0.412921
v 0.040350 0.490773 0.411545
v 0.054328 0.486664 0.378416
v 0.045626 0.484673 0.386336
v 0.036002 0.449889 0.411627
v 0.015408 0.455895 0.411586
v -0.147194 0.460175 0.273465
v -0.143436 0.510927 0.299847
v -0.144690 0.541627 0.273827
v -0.107482 0.531034 0.317399
v -0.134417 0.560094 0.274348
v -0.141636 0.537344 0.275373
v -0.112391 0.575416 0.302743
v -0.123354 0.508028 0.286048
v -0.124592 0.529895 0.270183
v -0.120851 0.619205 0.264880
v -0.142303 0.507605 0.297956
v -0.122931 0.544770 0.311231
v -0.091448 0.611215 0.291773
v -0.095551 0.527677 0.310203
v -0.100174 0.574187 0.315203
v -0.083803 0.649638 0.281604
v -0.119082 0.633676 0.248669
v -0.084066 0.623476 0.292023
v -0.069598 0.655511 0.322866
v -0.077298 0.661752 0.349735
v -0.087464 0.509333 0.339976
v -0.076970 0.540600 0.339020
v -0.100784 0.669596 0.310545
v -0.086284 0.609477 0.300628
v -0.084383 0.590452 0.313184
v -0.089770 0.600032 0.310117
v -0.084720 0.576694 0.323098
v -0.083404 0.601261 0.328662
v -0.085491 0.623427 0.312745
v -0.099491 0.659600 0.320383
v -0.096737 0.669672 0.317438
v -0.077229 0.570394 0.320224
v -0.111096 0.496803 0.336547
v -0.064639 0.537808 0.350656
v -0.087834 0.639073 0.377826
v -0.078188 0.667008 0.275518
v -0.067999 0.566734 0.353032
v -0.077227 0.585549 0.341667
v -0.075916 0.622863 0.352462
v -0.082461 0.630096 0.377447
v -0.077383 0.607853 0.344965
v -0.071668 0.600386 0.351723
v -0.067702 0.633898 0.378168
v -0.072046 0.640549 0.362549
v -0.069537 0.618084 0.341035
v -0.080495 0.673584 0.387823
v -0.081331 0.637811 0.321984
v -0.080940 0.624269 0.343100
v -0.069649 0.646692 0.331893
v -0.078222 0.584271 0.366345
v -0.069686 0.624862 0.335013
v -0.102098 0.672505 0.357772
v -0.059332 0.666053 0.376033
v -0.067874 0.586392 0.359026
v -0.064137 0.629366 0.385236
v -0.079915 0.676314 0.348925
v -0.069033 0.656931 0.334519
v -0.069661 0.633801 0.326869
v -0.066403 0.680187 0.315272
v -0.055966 0.573598 0.369424
v -0.048262 0.596821 0.372102
v -0.056626 0.590327 0.359082
v -0.058296 0.632195 0.416190
v -0.064750 0.588322 0.362902
v -0.051534 0.556947 0.376081
v -0.046275 0.628566 0.396755
v -0.036986 0.561251 0.389731
v -0.053522 0.575308 0.377387
v -0.042535 0.622978 0.399056
v -0.047570 0.579830 0.364879
v -0.040925 0.579212 0.369011
v -0.049633 0.579256 0.381295
v -0.039722 0.570004 0.394250
v -0.024180 0.572817 0.382351
v 0.065258 0.801480 0.142980
v 0.043973 0.832233 0.257118
v 0.059541 0.830591 0.260802
v 0.044361 0.771733 0.124381
v 0.055509 0.645238 -0.045880
v 0.044526 0.637072 -0.043410
v 0.068516 0.717222 0.080715
v 0.061258 0.783354 0.148866
v 0.078490 0.763715 0.128075
v 0.070072 0.769860 0.120145
v 0.070782 0.681982 0.041834
v 0.072848 0.794281 0.181139
v 0.079560 0.696847 0.054788
v 0.073725 0.804357 0.202801
v 0.067630 0.820974 0.251652
v 0.066411 0.637001 -0.017104
v 0.080557 0.644658 -0.019202
v 0.075051 0.627935 -0.050614
v 0.082136 0.736624 0.089199
v 0.081319 0.812730 0.237568
v 0.072442 0.817196 0.240176
v 0.076659 0.658108 0.021558
v 0.061633 0.754449 0.110519
v 0.070383 0.762852 0.111651
v 0.079508 0.751669 0.119883
v 0.090027 0.796995 0.191261
v 0.087264 0.694628 0.061584
v 0.083628 0.687886 0.046774
v 0.082648 0.704283 0.074092
v 0.100509 0.660826 0.036013
v 0.096614 0.631036 -0.043817
v 0.085231 0.713735 0.064401
v 0.096160 0.778182 0.150281
v 0.097624 0.651341 -0.002203
v 0.096217 0.821373 0.231585
v 0.089953 0.806866 0.200374
v 0.076976 0.675193 0.047829
v 0.084756 0.745996 0.114285
v 0.102653 0.672529 0.038518
v 0.107341 0.743479 0.095006
v 0.095551 0.831229 0.232809
v 0.102443 0.832500 0.280797
v 0.112536 0.818318 0.277365
v 0.107654 0.680529 0.051735
v 0.093326 0.721879 0.107406
v 0.104101 0.672337 0.042636
v 0.123289 0.665510 0.037669
v 0.113418 0.749366 0.090479
v 0.115318 0.711268 0.105639
v 0.111851 0.726612 0.104813
v 0.114301 0.720316 0.100587
v 0.116532 0.724966 0.110188
v 0.104290 0.701824 0.077767
v 0.121369 0.677923 0.057292
v 0.113080 0.690006 0.055336
v 0.113789 0.731903 0.118783
v 0.120837 0.740023 0.088359
v 0.120658 0.749141 0.173266
v 0.121538 0.764694 0.230385
v 0.131502 0.718496 0.107134
v 0.115609 0.739292 0.150898
v 0.128546 0.648480 0.025005
v 0.143173 0.701781 0.088286
v 0.122744 0.704974 0.105966
v 0.131691 0.659336 0.039230
v 0.131004 0.722419 0.131935
v 0.162404 0.726450 0.241059
v 0.143404 0.676827 0.069858
v 0.129225 0.704890 0.119670
v 0.129038 0.810674 0.278666
v 0.168113 0.706229 0.114288
v 0.139309 0.682506 0.130133
v 0.140248 0.705581 0.115368
v 0.147288 0.667503 0.038429
v 0.136998 0.643288 0.054839
v 0.155891 0.656335 0.030720
v 0.155021 0.730572 0.223329
v 0.120333 0.756236 0.190286
v 0.126131 0.748288 0.173284
v 0.158224 0.678256 0.124924
v 0.169488 0.708227 0.154343
v 0.155183 0.727769 0.190610
v 0.154471 0.723708 0.177702
v 0.155290 0.730812 0.183536
v 0.172679 0.709445 0.187169
v 0.168247 0.705901 0.209862
v 0.163554 0.711390 0.184985
v 0.163026 0.716221 0.183689
v 0.155832 0.704974 0.210925
v 0.177787 0.683359 0.205545
v 0.177846 0.693334 0.103156
v 0.169645 0.688435 0.154441
v 0.174982 0.663039 0.105679
v 0.186321 0.712038 0.231231
v 0.189999 0.659061 0.186155
v 0.157697 0.715818 0.268058
v 0.184396 0.721222 0.265103
v 0.187604 0.704954 0.269797
v 0.193540 0.687994 0.223223
v 0.227606 0.641456 0.213385
v 0.063870 0.732164 0.077666
v 0.113053 0.777077 0.184378
v 0.112033 0.761538 0.139350
v 0.137096 0.679719 0.058797
v 0.178715 0.637077 0.116343
v 0.166224 0.637559 0.107282
v 0.177021 0.629984 0.117598
v 0.179637 0.619972 0.093234
v 0.183500 0.659805 0.132307
v 0.190410 0.462424 0.114728
v 0.179805 0.637706 0.138833
v 0.179082 0.635041 0.120996
v 0.177986 0.683142 0.181126
v 0.190047 0.631310 0.151711
v 0.166005 0.681099 0.275789
v 0.206233 0.463366 0.140847
v 0.173895 0.441398 0.141574
v 0.184413 0.643573 0.149236
v 0.185134 0.634275 0.098189
v 0.203638 0.624578 0.110301
v 0.191545 0.461261 0.141581
v 0.185462 0.552157 0.062780
v 0.186671 0.475142 0.068745
v 0.190680 0.643577 0.212922
v 0.195974 0.621766 0.154246
v 0.193328 0.640979 0.194850
v 0.185568 0.661436 0.153366
v 0.197216 0.492479 0.147381
v 0.189374 0.638189 0.226040
v 0.194979 0.635905 0.216291
v 0.197913 0.644989 0.233206
v 0.194576 0.627315 0.183064
v 0.194542 0.519355 0.087892
v 0.208576 0.654348 0.164098
v 0.196216 0.604119 0.099477
v 0.191341 0.663427 0.207611
v 0.204209 0.598060 0.113486
v 0.202334 0.617004 0.194473
v 0.214884 0.642168 0.174491
v 0.195987 0.638313 0.180708
v 0.210473 0.615811 0.226357
v 0.197944 0.593173 0.089494
v 0.191828 0.656571 0.248087
v 0.182133 0.691518 0.255180
v 0.220937 0.579143 0.104074
v 0.206276 0.600674 0.190112
v 0.193564 0.656031 0.151813
v 0.197401 0.638363 0.160557
v 0.192711 0.475571 0.111147
v 0.206970 0.476934 0.112252
v 0.197196 0.548878 0.122886
v 0.212106 0.515910 0.100783
v 0.192711 0.495641 0.078712
v 0.234709 0.555940 0.097554
v 0.220136 0.618086 0.227666
v 0.218779 0.615575 0.215745
v 0.216792 0.641628 0.260020
v 0.207539 0.599510 0.274435
v 0.213503 0.613943 0.203357
v 0.210773 0.630778 0.247148
v 0.211996 0.632227 0.254249
v 0.213100 0.643576 0.167632
v 0.210003 0.585935 0.273648
v 0.219899 0.515840 0.129454
v 0.227144 0.628156 0.158371
v 0.204347 0.581211 0.268536
v 0.225710 0.486363 0.101221
v 0.220417 0.588886 0.145541
v 0.219300 0.559176 0.143441
v 0.224503 0.589324 0.261027
v 0.210726 0.487295 0.143525
v 0.199643 0.612283 0.226485
v 0.236174 0.589587 0.233533
v 0.221552 0.563771 0.238992
v 0.234928 0.590297 0.270049
v 0.228082 0.491490 0.141376
v 0.226322 0.607249 0.258589
v 0.211345 0.553263 0.272420
v 0.231415 0.538378 0.282262
v 0.220464 0.524518 0.281990
v 0.229732 0.521428 0.124694
v 0.226379 0.531233 0.148537
v 0.224470 0.548199 0.131999
v 0.227765 0.557252 0.156359
v 0.225831 0.595605 0.258344
v 0.230898 0.516632 0.146107
v 0.228957 0.486616 0.119545
v 0.221042 0.469689 0.111094
v 0.241992 0.540883 0.282042
v 0.227733 0.448572 0.181166
v 0.229036 0.442277 0.140872
v 0.231995 0.497504 0.136084
v 0.237402 0.525544 0.157657
v 0.230770 0.480529 0.146808
v 0.234538 0.477782 0.153269
v 0.234213 0.461456 0.163170
v 0.236175 0.531212 0.153244
v 0.228272 0.563002 0.196331
v 0.242266 0.475998 0.194281
v 0.244847 0.478552 0.138014
v 0.229608 0.468092 0.180054
v 0.239508 0.499541 0.210676
v 0.238662 0.482945 0.300307
v 0.240715 0.536457 0.174406
v 0.236740 0.534130 0.212400
v 0.246678 0.504135 0.148228
v 0.245213 0.565594 0.243523
v 0.244669 0.492479 0.156850
v 0.258868 0.484636 0.185413
v 0.243768 0.432870 0.231859
v 0.239133 0.484582 0.244425
v 0.250330 0.453664 0.252434
v 0.255000 0.432073 0.204160
v 0.250743 0.506873 0.170055
v 0.259430 0.467931 0.156360
v 0.262713 0.471895 0.159624
v 0.265977 0.458751 0.161929
v 0.204820 0.540150 0.119914
v 0.202517 0.611530 0.199510
v 0.083584 0.631687 -0.058176
v 0.077851 0.624506 -0.045774
v 0.090917 0.624609 -0.043565
v 0.099278 0.618525 -0.081830
v 0.109681 0.646016 -0.021466
v 0.115255 0.626771 -0.046967
v 0.123211 0.608621 -0.045429
v 0.131910 0.598579 -0.050285
v 0.129151 0.607129 -0.064471
v 0.143014 0.624615 -0.037284
v 0.131661 0.617438 0.004220
v 0.128890 0.637630 -0.006072
v 0.132209 0.615775 0.007697
v 0.137803 0.599744 -0.020921
v 0.132381 0.639198 0.036827
v 0.134206 0.623645 0.002266
v 0.154417 0.574762 -0.027817
v 0.145947 0.658580 0.086930
v 0.154564 0.619486 0.012718
v 0.159069 0.540604 -0.041015
v 0.153038 0.543586 -0.067635
v 0.164835 0.620760 0.030638
v 0.154565 0.596027 -0.011252
v 0.155737 0.600384 0.002698
v 0.175362 0.477523 0.029854
v 0.154464 0.441247 -0.003841
v 0.160355 0.540194 -0.014878
v 0.159171 0.439148 0.024453
v 0.157551 0.642919 0.089275
v 0.187955 0.632451 0.083972
v 0.176523 0.631710 0.086462
v 0.170562 0.570764 0.041175
v 0.177646 0.575255 0.039465
v 0.179721 0.591965 0.041931
v 0.196695 0.570241 -0.003631
v 0.190177 0.459113 0.062157
v 0.184160 0.518919 0.042704
v 0.185521 0.595344 0.084621
v 0.185263 0.649480 0.110796
v 0.190707 0.544310 0.106832
v 0.188217 0.585886 0.064496
v 0.192922 0.580280 0.089712
v 0.189094 0.574740 0.087929
v 0.194700 0.555924 0.047565
v 0.169463 0.532982 -0.001611
v 0.166189 0.559987 0.006389
v -0.101321 0.662899 0.204810
v -0.119509 0.658186 0.233511
v -0.090869 0.659021 0.133373
v -0.082195 0.662452 0.109547
v -0.082115 0.683773 0.192890
v -0.072129 0.716065 0.181722
v -0.085482 0.692686 0.103149
v -0.067066 0.730323 0.222569
v -0.077408 0.687990 0.155264
v -0.082688 0.710270 0.183452
v -0.091203 0.682924 0.202747
v -0.063008 0.704232 0.209610
v -0.074406 0.706524 0.209258
v -0.068916 0.706885 0.188648
v -0.069688 0.659583 0.097038
v -0.063292 0.797684 0.230208
v -0.034299 0.764836 0.228616
v -0.065585 0.728361 0.189391
v -0.065139 0.731549 0.184270
v -0.062281 0.723978 0.174407
v -0.024168 0.736214 0.146465
v -0.077255 0.705669 0.113118
v -0.035768 0.704277 0.116839
v -0.048243 0.680362 0.080004
v -0.048752 0.704890 0.114218
v -0.037994 0.721811 0.111159
v -0.051481 0.701856 0.086919
v -0.028868 0.742394 0.138990
v -0.029417 0.752953 0.180677
v -0.029561 0.740364 0.088842
v -0.023067 0.775635 0.186664
v -0.020481 0.759749 0.135379
v -0.014071 0.790307 0.253746
v -0.026649 0.723305 0.110518
v -0.021616 0.733436 0.129719
v -0.020080 0.726637 0.104197
v -0.013995 0.822486 0.228159
v -0.009946 0.797007 0.221956
v -0.003492 0.723794 0.106594
v -0.006912 0.804451 0.266904
v -0.021894 0.749091 0.091005
v 0.012026 0.766558 0.134190
v -0.022892 0.719792 0.100453
v -0.012555 0.831911 0.231118
v 0.004469 0.812582 0.238767
v -0.005345 0.778273 0.154595
v 0.000072 0.795737 0.192484
v 0.027799 0.837524 0.267532
v -0.010764 0.803950 0.192636
v -0.004814 0.809233 0.199213
v -0.002253 0.806592 0.258091
v 0.007237 0.745826 0.114815
v 0.005370 0.715915 0.065745
v 0.026704 0.799500 0.143847
v 0.014644 0.802150 0.203143
v 0.020833 0.823006 0.233187
v 0.020685 0.761336 0.109658
v 0.035234 0.761485 0.120725
v 0.028981 0.754809 0.110217
v 0.021114 0.769145 0.119476
v 0.032887 0.768504 0.124694
v 0.024340 0.787151 0.166072
v 0.039117 0.742796 0.077004
v 0.025336 0.738847 0.084618
v 0.007400 0.738869 0.096282
v 0.044154 0.830552 0.233806
v 0.046055 0.795664 0.103725
v 0.043254 0.761146 0.117850
v 0.059337 0.844848 0.242365
v 0.057085 0.768854 0.124633
v -0.084478 0.634889 0.065029
v -0.073679 0.634976 0.056526
v -0.066119 0.677092 0.125795
v -0.060542 0.656503 0.037806
v -0.052156 0.657673 0.086003
v -0.072198 0.620755 0.032950
v -0.051508 0.671372 0.045730
v -0.043109 0.620718 0.000860
v -0.034621 0.637864 -0.000744
v -0.046262 0.682338 0.128673
v -0.028864 0.653219 0.060534
v -0.044491 0.642873 0.060346
v -0.017677 0.646001 -0.018489
v -0.041077 0.682283 0.062578
v -0.051493 0.624498 -0.031483
v -0.031181 0.605613 -0.034809
v -0.043647 0.599519 -0.017167
v -0.040243 0.636621 0.041341
v -0.025071 0.708973 0.105984
v -0.038580 0.605118 -0.046204
v -0.033958 0.609162 -0.039072
v -0.034532 0.668583 0.041080
v -0.027739 0.680863 0.059189
v -0.019716 0.663404 0.059397
v -0.038973 0.602045 -0.112569
v -0.021351 0.673894 0.051244
v -0.020889 0.690125 0.056013
v -0.011822 0.660492 0.038168
v -0.013615 0.681714 0.052807
v -0.015274 0.669526 0.036755
v 0.010538 0.644112 -0.017415
v -0.002933 0.653930 0.008086
v 0.013426 0.674411 0.048358
v 0.015214 0.656883 0.017041
v 0.007743 0.628398 -0.029358
v -0.002568 0.612229 -0.105362
v 0.001171 0.685502 0.053804
v 0.012453 0.696355 0.055282
v 0.007825 0.704812 0.076356
v 0.006747 0.688768 0.048293
v 0.026545 0.689905 0.049606
v 0.020492 0.635521 -0.020405
v 0.017946 0.651216 -0.025143
v 0.045801 0.707542 0.015847
v 0.020206 0.723463 0.075630
v 0.036261 0.648040 -0.037384
v 0.025445 0.655732 -0.011980
v 0.025770 0.639406 -0.031598
v 0.023168 0.678469 0.042976
v 0.023591 0.717572 0.082418
v 0.045991 0.705323 0.062171
v 0.044156 0.724790 0.045084
v 0.036691 0.638209 -0.031960
v 0.044962 0.661549 -0.013838
v 0.046930 0.642040 -0.054152
v 0.046061 0.715194 0.020871
v 0.060572 0.711406 0.039787
v 0.045547 0.670779 0.021148
v 0.064499 0.650560 -0.011643
v 0.046398 0.673070 0.018305
v -0.020265 0.705603 0.085400
v -0.013105 0.622644 -0.044780
v -0.170744 0.457961 0.165712
v -0.156402 0.504360 0.196609
v -0.157330 0.504088 0.167913
v -0.161690 0.487747 0.147120
v -0.140770 0.478939 0.151579
v -0.147355 0.537518 0.174837
v -0.153394 0.466846 0.225918
v -0.166839 0.467661 0.160312
v -0.147308 0.488370 0.142644
v -0.140995 0.537234 0.213992
v -0.142825 0.486613 0.244195
v -0.147545 0.498889 0.140957
v -0.144878 0.499303 0.210694
v -0.144929 0.591408 0.235439
v -0.153120 0.427490 0.263927
v -0.149790 0.431534 0.232275
v -0.145843 0.522806 0.153713
v -0.145392 0.490584 0.154962
v -0.130945 0.460990 0.166302
v -0.156967 0.496279 0.161847
v -0.147521 0.474590 0.193031
v -0.147312 0.449606 0.180338
v -0.133259 0.448844 0.178618
v -0.144758 0.531267 0.151249
v -0.145297 0.476866 0.138814
v -0.131099 0.567753 0.202966
v -0.124401 0.564672 0.241326
v -0.142321 0.498887 0.130063
v -0.139628 0.590561 0.256253
v -0.152679 0.565044 0.243201
v -0.133056 0.490794 0.120522
v -0.138895 0.472549 0.187905
v -0.132967 0.466697 0.177926
v -0.127464 0.514543 0.130870
v -0.131149 0.471087 0.156458
v -0.126862 0.587675 0.144043
v -0.132323 0.555429 0.176144
v -0.135389 0.522735 0.123525
v -0.126076 0.483634 0.136606
v -0.129446 0.478150 0.142951
v -0.134357 0.416312 0.181790
v -0.123589 0.651959 0.211417
v -0.131561 0.530768 0.143453
v -0.115036 0.603145 0.137993
v -0.122104 0.577234 0.167243
v -0.130594 0.614452 0.230312
v -0.128521 0.549610 0.130787
v -0.140928 0.556012 0.097960
v -0.131204 0.574063 0.102152
v -0.125786 0.559572 0.142663
v -0.113479 0.600486 0.186239
v -0.116249 0.516464 0.100627
v -0.130594 0.486109 0.101320
v -0.124167 0.512015 0.127670
v -0.121073 0.582839 0.269461
v -0.109250 0.539321 0.119007
v -0.122060 0.523097 0.124601
v -0.111126 0.613535 0.187022
v -0.109081 0.578211 0.263377
v -0.126707 0.468984 0.114280
v -0.114409 0.650162 0.188178
v -0.102999 0.655445 0.181646
v -0.124032 0.635628 0.181077
v -0.096906 0.476335 0.113080
v -0.114295 0.484328 0.142149
v -0.102072 0.687531 0.220484
v -0.096020 0.495620 0.081508
v -0.125326 0.630946 0.181107
v -0.103856 0.604832 0.102625
v -0.117644 0.614905 0.142911
v -0.107934 0.419002 0.138197
v -0.106042 0.593423 0.090016
v -0.098284 0.679131 0.253065
v -0.101891 0.548927 0.122848
v -0.094166 0.636088 0.215500
v -0.097387 0.491833 0.144848
v -0.087193 0.620452 0.096235
v -0.098801 0.641486 0.187546
v -0.095363 0.659738 0.178120
v -0.092565 0.641109 0.145739
v -0.135143 0.631085 0.214866
v -0.114097 0.638792 0.235032
v -0.094163 0.633137 0.222320
v -0.107290 0.625771 0.111099
v -0.089051 0.633765 0.137024
v -0.094932 0.464599 0.107877
v -0.094174 0.585785 0.064615
v -0.097486 0.517847 0.088422
v -0.095586 0.544440 0.107329
v -0.091675 0.595522 0.084716
v -0.084902 0.465212 0.058086
v -0.096888 0.575970 0.087678
v -0.085075 0.575231 0.041774
v -0.086820 0.593204 0.043582
v -0.085739 0.634911 0.112378
v -0.071164 0.559420 0.011417
v -0.088958 0.552657 0.066622
v -0.104333 0.571347 0.004185
v -0.072886 0.431570 0.065705
v -0.102005 0.562485 0.048181
v -0.078740 0.633863 0.096590
v -0.074074 0.570416 0.043236
v -0.064594 0.636157 0.062368
v -0.066728 0.439652 0.028325
v -0.061803 0.599746 0.004272
v -0.091719 0.471237 0.143974
v -0.056224 0.417558 0.141105
v -0.061556 0.524637 -0.034505
v -0.060075 0.619453 0.014513
v -0.038343 0.615663 0.010065
v -0.060597 0.595386 -0.007087
v -0.054465 0.578942 -0.085119
v -0.107154 0.614216 0.135662
v -0.112371 0.602061 0.120055
v -0.093820 0.646570 0.147350
v -0.074731 0.530097 0.002505
v -0.067508 0.542679 -0.004534
v -0.061936 0.573425 -0.025115
v 0.028330 0.290964 0.203788
v 0.057164 0.310022 0.219454
v 0.066220 0.288038 0.274874
v 0.066359 0.430350 0.381960
v 0.048105 0.427699 0.415131
v 0.060940 0.277647 0.240640
v 0.059528 0.424374 0.411220
v 0.075468 0.369461 0.352015
v 0.062514 0.338338 0.343743
v 0.071629 0.436832 0.411485
v 0.087806 0.332401 0.274298
v 0.072262 0.438316 0.391204
v 0.083529 0.323418 0.284041
v 0.082948 0.331792 0.309721
v 0.081357 0.340952 0.221154
v 0.087825 0.301242 0.293095
v 0.076100 0.345489 0.238704
v 0.109118 0.362145 0.366254
v 0.076424 0.388082 0.371528
v 0.082392 0.387026 0.355998
v 0.102733 0.302667 0.237703
v 0.085123 0.324104 0.232129
v 0.097358 0.380346 0.345045
v 0.110782 0.430295 0.369550
v 0.098999 0.389857 0.379460
v 0.098089 0.329107 0.313926
v 0.102061 0.317453 0.298061
v 0.120869 0.332374 0.302950
v 0.098988 0.322577 0.204655
v 0.110233 0.376410 0.332605
v 0.110462 0.305422 0.267885
v 0.117530 0.244499 0.274361
v 0.119874 0.219169 0.227515
v 0.092179 0.342904 0.265814
v 0.122900 0.228977 0.275132
v 0.119616 0.411281 0.345384
v 0.118186 0.439196 0.359120
v 0.128031 0.407113 0.356776
v 0.131746 0.371338 0.315757
v 0.144099 0.388352 0.351899
v 0.130499 0.285821 0.290604
v 0.164903 0.282883 0.292429
v 0.124347 0.346772 0.284879
v 0.146401 0.379377 0.303306
v 0.134951 0.442196 0.359495
v 0.139237 0.428946 0.359537
v 0.150730 0.427464 0.324874
v 0.129205 0.402037 0.333476
v 0.158471 0.408924 0.341181
v 0.144373 0.419612 0.357877
v 0.151843 0.443895 0.356939
v 0.142067 0.368982 0.287097
v 0.149290 0.465479 0.321589
v 0.156451 0.454220 0.370771
v 0.160399 0.234170 0.291130
v 0.152075 0.437447 0.368375
v 0.150080 0.436181 0.318462
v 0.164396 0.342416 0.285314
v 0.159392 0.432112 0.338843
v 0.175431 0.430819 0.325471
v 0.157798 0.346621 0.294410
v 0.171067 0.361333 0.306211
v 0.171238 0.281973 0.288751
v 0.174026 0.449542 0.347488
v 0.185604 0.311004 0.286977
v 0.202551 0.332513 0.291129
v 0.182038 0.317477 0.284824
v 0.182582 0.416053 0.338456
v 0.199185 0.365539 0.317299
v 0.187467 0.233898 0.286152
v 0.186345 0.284332 0.289747
v 0.210924 0.394681 0.319762
v 0.195786 0.326824 0.275669
v 0.184818 0.308139 0.292353
v 0.192727 0.449047 0.333338
v 0.187561 0.452574 0.326389
v 0.205018 0.339020 0.260796
v 0.207030 0.282605 0.270047
v 0.210296 0.281518 0.232225
v 0.208505 0.326418 0.225753
v 0.225750 0.391496 0.313524
v 0.204281 0.234788 0.239543
v 0.214593 0.315968 0.280941
v 0.218578 0.333571 0.265093
v 0.230238 0.415052 0.311476
v 0.211607 0.361181 0.251552
v 0.226062 0.364666 0.293428
v 0.218574 0.363633 0.251097
v 0.230958 0.368251 0.263077
v 0.238089 0.355086 0.247097
v 0.218167 0.370436 0.309772
v 0.240684 0.402393 0.285291
v 0.236160 0.362186 0.310570
v 0.239943 0.383176 0.285424
v 0.249111 0.369411 0.259416
v 0.250311 0.390048 0.276999
v 0.241861 0.450448 0.263987
v 0.241276 0.414218 0.224116
v 0.255687 0.420381 0.262002
v 0.240487 0.386740 0.268316
v 0.243983 0.407662 0.256512
v 0.246548 0.468987 0.225252
v 0.062971 0.298531 0.201526
v 0.047369 0.285743 0.183922
v 0.073176 0.326814 0.173150
v 0.091819 0.347965 0.121776
v 0.049865 0.322196 0.148123
v 0.080117 0.325642 0.197838
v 0.079175 0.306565 0.183621
v 0.082646 0.331848 0.193526
v 0.090954 0.333852 0.174514
v 0.100456 0.332637 0.173872
v 0.113279 0.384970 0.020913
v 0.081917 0.323652 0.202142
v 0.087968 0.366758 0.061470
v 0.115604 0.383677 0.061698
v 0.118576 0.363536 0.135844
v 0.143738 0.386485 0.093607
v 0.102820 0.327343 0.194640
v 0.108936 0.319561 0.198794
v 0.114700 0.358675 0.093898
v 0.102867 0.277104 0.208573
v 0.121343 0.372031 0.166627
v 0.126798 0.300705 0.187201
v 0.092498 0.353311 0.157518
v 0.116825 0.237506 0.190876
v 0.132451 0.219053 0.199877
v 0.119847 0.326975 0.174995
v 0.139498 0.406474 0.026318
v 0.132696 0.232378 0.181459
v 0.139565 0.399167 0.132026
v 0.124643 0.365207 0.141818
v 0.140073 0.401987 0.059172
v 0.152685 0.397124 0.094692
v 0.122062 0.412103 -0.028714
v 0.141553 0.445587 -0.038270
v 0.160061 0.207934 0.189054
v 0.155475 0.304336 0.179375
v 0.160370 0.338900 0.159565
v 0.155948 0.404767 0.156556
v 0.143384 0.334209 0.171552
v 0.177862 0.315029 0.185743
v 0.152539 0.277394 0.183692
v 0.176046 0.446002 0.067667
v 0.153256 0.234682 0.170611
v 0.180448 0.245464 0.186879
v 0.157861 0.221956 0.189927
v 0.177781 0.403284 0.138916
v 0.157818 0.302787 0.175854
v 0.175092 0.432265 0.100017
v 0.169296 0.429759 0.098160
v 0.162372 0.378016 0.157755
v 0.178906 0.283478 0.189531
v 0.199094 0.406434 0.142759
v 0.169460 0.364824 0.145853
v 0.180863 0.232129 0.196385
v 0.180907 0.213533 0.196606
v 0.187309 0.376266 0.158946
v 0.199831 0.251483 0.204322
v 0.194993 0.235001 0.215051
v 0.197058 0.371802 0.161601
v 0.192454 0.387476 0.150861
v 0.193375 0.338332 0.163647
v 0.198802 0.302068 0.197442
v 0.199168 0.375638 0.154161
v 0.204330 0.341750 0.184832
v 0.207278 0.359936 0.176186
v 0.200467 0.332834 0.206914
v 0.201674 0.377869 0.158838
v 0.202498 0.285011 0.201250
v 0.220150 0.405166 0.138990
v 0.210792 0.374292 0.190813
v 0.205740 0.367047 0.194419
v 0.203160 0.375071 0.147813
v 0.219107 0.382148 0.161529
v 0.208509 0.375136 0.163664
v 0.214981 0.370081 0.165364
v 0.219892 0.353171 0.171239
v 0.214180 0.344587 0.224020
v 0.221155 0.401233 0.201183
v 0.222385 0.372437 0.175847
v 0.229860 0.403179 0.183117
v 0.212615 0.395919 0.147716
v 0.227511 0.437121 0.157211
v 0.214834 0.373694 0.206402
v 0.235446 0.342031 0.216761
v 0.230619 0.405145 0.202682
v 0.227168 0.409224 0.198196
v 0.240658 0.373885 0.206315
v 0.230026 0.415109 0.186453
v 0.248043 0.408201 0.210180
v 0.250739 0.427117 0.186623
v 0.259518 0.399680 0.199231
v 0.243190 0.450311 0.181537
v 0.109918 0.238407 0.214688
v 0.253608 0.426308 0.217276
v -0.153320 0.392985 0.284621
v -0.140906 0.382007 0.292219
v -0.147400 0.371125 0.274863
v -0.142920 0.372996 0.263700
v -0.147147 0.408614 0.271634
v -0.143660 0.459377 0.285831
v -0.126410 0.402428 0.315865
v -0.132542 0.334916 0.279682
v -0.128745 0.373618 0.312707
v -0.123323 0.343485 0.290629
v -0.098161 0.332504 0.301499
v -0.102835 0.345032 0.271271
v -0.097263 0.373132 0.318997
v -0.097698 0.318118 0.292558
v -0.084939 0.328052 0.282249
v -0.096005 0.347644 0.275100
v -0.102722 0.454113 0.330933
v -0.095409 0.454244 0.323943
v -0.100208 0.426316 0.338427
v -0.084979 0.285770 0.287877
v -0.071520 0.366708 0.308209
v -0.090406 0.394659 0.323812
v -0.060763 0.433422 0.357872
v -0.063121 0.433496 0.368355
v -0.076906 0.335432 0.285994
v -0.069678 0.412972 0.343637
v -0.053953 0.420680 0.354828
v -0.049088 0.366308 0.285646
v -0.066846 0.443574 0.337955
v -0.055954 0.406909 0.312204
v -0.056321 0.395225 0.352654
v -0.051239 0.375780 0.301282
v -0.063773 0.345953 0.294941
v -0.059980 0.427937 0.327214
v -0.037851 0.370944 0.316445
v -0.032812 0.342430 0.283738
v -0.038963 0.408193 0.336719
v -0.041170 0.410291 0.356151
v -0.030911 0.414811 0.344658
v -0.037858 0.234379 0.288681
v -0.034019 0.285621 0.291192
v -0.010546 0.383095 0.344557
v -0.023520 0.363902 0.366841
v -0.013901 0.285640 0.273825
v -0.008367 0.333791 0.266568
v -0.008215 0.239353 0.252975
v -0.000294 0.279347 0.249021
v -0.009419 0.436813 0.412353
v -0.019718 0.373607 0.330846
v 0.002911 0.388983 0.354749
v -0.000014 0.426800 0.412282
v -0.009975 0.438180 0.390278
v 0.013164 0.418763 0.390252
v -0.016695 0.315559 0.296376
v 0.004062 0.327373 0.269229
v -0.013420 0.394051 0.380015
v 0.009271 0.390084 0.372465
v 0.001365 0.305102 0.247272
v 0.005481 0.452269 0.378652
v -0.002304 0.439737 0.415028
v 0.005249 0.442065 0.413041
v -0.001401 0.443564 0.411487
v 0.015062 0.437627 0.413460
v 0.012664 0.426069 0.415357
v 0.016508 0.371032 0.370227
v 0.015988 0.321505 0.248993
v 0.021750 0.430502 0.389050
v 0.021361 0.432759 0.383804
v 0.020979 0.338909 0.345099
v 0.041305 0.319718 0.329698
v 0.010623 0.363139 0.345242
v 0.028903 0.414897 0.390885
v 0.021195 0.428314 0.411558
v 0.026247 0.387824 0.384654
v 0.054807 0.383309 0.385025
v 0.044278 0.429613 0.411604
v 0.013187 0.417876 0.412326
v 0.032825 0.415366 0.412266
v 0.030651 0.419945 0.415035
v 0.008000 0.331211 0.267858
v -0.000041 0.334954 0.307257
v 0.040512 0.264273 0.252145
v 0.042739 0.285375 0.291381
v 0.046213 0.418245 0.390196
v 0.041943 0.349916 0.381849
v 0.042267 0.431527 0.386238
v 0.044778 0.417254 0.412284
v 0.045904 0.436319 0.411116
v 0.056519 0.445999 0.412973
v 0.041697 0.333717 0.358028
v 0.061174 0.437777 0.413040
v 0.041424 0.310371 0.337180
v 0.072217 0.464824 0.381273
v -0.158799 0.432541 0.220788
v -0.161501 0.428522 0.201387
v -0.165548 0.400431 0.201619
v -0.152646 0.409936 0.213749
v -0.155325 0.427144 0.186894
v -0.134303 0.417745 0.187388
v -0.155212 0.375357 0.242373
v -0.147997 0.413464 0.222799
v -0.118155 0.347420 0.227027
v -0.148861 0.377606 0.210609
v -0.116994 0.376511 0.207094
v -0.125860 0.421735 0.157985
v -0.124639 0.403823 0.201057
v -0.128728 0.471296 0.147990
v -0.134417 0.404619 0.203366
v -0.145721 0.341998 0.217880
v -0.124146 0.356357 0.180595
v -0.120807 0.390071 0.160863
v -0.125444 0.423436 0.146118
v -0.111259 0.410775 0.142868
v -0.119571 0.388859 0.152009
v -0.105996 0.391526 0.156428
v -0.108097 0.374497 0.145786
v -0.111819 0.326127 0.228230
v -0.113365 0.280989 0.233829
v -0.105932 0.280490 0.203025
v -0.109853 0.250878 0.237522
v -0.108567 0.282740 0.270343
v -0.117567 0.373347 0.253761
v -0.102125 0.336007 0.206400
v -0.109330 0.369238 0.196430
v -0.103168 0.231291 0.241352
v -0.090985 0.412744 0.138903
v -0.110136 0.352361 0.179864
v -0.106204 0.378457 0.160871
v -0.096270 0.339459 0.168550
v -0.100801 0.249952 0.204334
v -0.080781 0.284248 0.191970
v -0.103936 0.386690 0.150328
v -0.083448 0.244773 0.188267
v -0.086959 0.391501 0.152158
v -0.086107 0.263886 0.285359
v -0.077426 0.327251 0.179688
v -0.102759 0.300861 0.198541
v -0.073205 0.347711 0.160889
v -0.086664 0.391177 0.146759
v -0.095305 0.382269 0.145363
v -0.052186 0.343542 0.162185
v -0.072768 0.427226 0.103687
v -0.046138 0.401101 0.064458
v -0.056588 0.234855 0.171115
v -0.044352 0.405092 0.030251
v -0.064988 0.406270 0.148212
v -0.084096 0.435919 0.144858
v -0.054634 0.395126 0.138950
v -0.057425 0.409618 0.155686
v -0.050814 0.399789 0.163690
v -0.066459 0.326075 0.178608
v -0.045668 0.405655 0.141604
v -0.037213 0.232200 0.181558
v -0.054419 0.274125 0.185480
v -0.051441 0.302689 0.180080
v -0.052326 0.296418 0.173872
v -0.039655 0.324918 0.177770
v -0.026536 0.365101 0.144172
v -0.022550 0.326056 0.177721
v -0.025447 0.375740 0.175062
v -0.019637 0.381648 0.065301
v -0.020718 0.362892 0.138840
v -0.019868 0.359114 0.094292
v -0.018459 0.236921 0.192080
v 0.007739 0.351830 0.157616
v -0.028242 0.302103 0.188789
v -0.003787 0.276667 0.211253
v -0.011887 0.355252 0.185656
v -0.017642 0.220869 0.228490
v -0.005290 0.346235 0.192888
v 0.006577 0.345955 0.124367
v -0.004892 0.327667 0.210087
v -0.020275 0.384872 0.023096
v 0.007039 0.380419 0.031389
v 0.019880 0.332468 0.171302
v -0.001153 0.336332 0.177732
v 0.004935 0.336831 0.197326
v 0.047279 0.325096 0.116890
v 0.040608 0.309580 0.219614
v 0.019787 0.343718 0.237577
v -0.093977 0.399168 0.144464
v -0.048934 0.384760 0.098651
v 0.003487 0.367658 0.063129
v 0.107735 0.081260 0.290511
v 0.110521 0.239157 0.247282
v 0.116931 0.223225 0.251140
v 0.109794 0.070234 0.278157
v 0.125329 0.060389 0.271138
v 0.118857 0.116939 0.272596
v 0.115598 0.196762 0.263078
v 0.125232 0.117293 0.251898
v 0.119436 0.069491 0.290201
v 0.130229 0.031421 0.264012
v 0.119432 0.030143 0.319230
v 0.127272 0.058466 0.354629
v 0.128604 0.068235 0.315628
v 0.128386 0.155283 0.240903
v 0.124444 0.034003 0.308370
v 0.121784 0.151536 0.263261
v 0.123189 0.097615 0.292577
v 0.133051 0.009222 0.279511
v 0.133207 0.008570 0.304972
v 0.122651 0.007203 0.317392
v 0.126045 0.005567 0.357056
v 0.127101 0.032544 0.359408
v 0.144568 0.106833 0.308880
v 0.125956 0.068374 0.330695
v 0.137583 0.002371 0.360800
v 0.134083 0.257024 0.290310
v 0.137084 0.029591 0.362464
v 0.136977 0.023126 0.378585
v 0.138880 0.043059 0.367453
v 0.141169 0.160003 0.296413
v 0.164260 0.222119 0.286994
v 0.146146 0.115976 0.221894
v 0.143564 0.060777 0.358511
v 0.144345 0.061852 0.230922
v 0.135893 0.201073 0.201252
v 0.155020 0.000060 0.389116
v 0.143585 0.153072 0.215132
v 0.138323 0.000693 0.385821
v 0.140383 0.042963 0.361771
v 0.147696 0.022021 0.238279
v 0.171523 0.020898 0.230734
v 0.138348 0.086836 0.216476
v 0.154231 0.043434 0.366448
v 0.154872 0.004712 0.258890
v 0.155737 0.023838 0.381618
v 0.167118 0.124561 0.303209
v 0.163441 0.086145 0.207471
v 0.147437 0.072067 0.324518
v 0.162082 0.066988 0.366356
v 0.154607 0.042244 0.369695
v 0.158966 0.003988 0.369184
v 0.160338 0.002251 0.354092
v 0.165506 0.034233 0.370869
v 0.194675 0.004954 0.250897
v 0.194740 0.167195 0.295049
v 0.164505 0.065845 0.365157
v 0.168542 0.148238 0.207510
v 0.189066 0.151991 0.217368
v 0.161149 0.077361 0.334046
v 0.168676 0.068194 0.370852
v 0.201318 0.068134 0.363606
v 0.200343 0.004144 0.299432
v 0.140328 0.001497 0.315128
v 0.177132 0.000749 0.373293
v 0.171483 0.004749 0.370983
v 0.172058 0.060895 0.218831
v 0.169540 0.113182 0.212357
v 0.190667 0.108706 0.224438
v 0.180545 0.076401 0.333247
v 0.179739 0.000000 0.388315
v 0.197857 0.024324 0.381710
v 0.177871 0.042963 0.374005
v 0.199245 0.000178 0.389035
v 0.198577 0.078630 0.329868
v 0.199412 0.023612 0.234948
v 0.200472 0.199620 0.271343
v 0.195116 0.042508 0.368614
v 0.194761 0.043046 0.372716
v 0.211666 0.126292 0.283373
v 0.204984 0.004611 0.368288
v 0.208423 0.154262 0.252128
v 0.197842 0.000852 0.370528
v 0.204313 0.065024 0.351286
v 0.199508 0.122872 0.300733
v 0.215922 0.011247 0.261932
v 0.206867 0.089453 0.315007
v 0.201105 0.231680 0.269364
v 0.206926 0.048977 0.363027
v 0.233507 0.070169 0.315326
v 0.197798 0.077299 0.322088
v 0.221889 0.002043 0.300108
v 0.215381 0.116852 0.258415
v 0.205661 0.032294 0.370227
v 0.222376 0.043094 0.360933
v 0.218014 0.060811 0.270526
v 0.217642 0.000929 0.342656
v 0.220321 0.003212 0.358303
v 0.210217 0.067052 0.356675
v 0.237158 0.002290 0.342055
v 0.225786 0.009271 0.291921
v 0.240683 0.060197 0.341524
v 0.221523 0.043349 0.356256
v 0.235515 0.071463 0.280093
v 0.219344 0.095037 0.288001
v 0.227032 0.062945 0.281467
v 0.225062 0.024094 0.370936
v 0.226277 0.000945 0.376737
v 0.243733 0.000885 0.372529
v 0.229514 0.031392 0.295743
v 0.225472 0.067669 0.302460
v 0.236986 0.029930 0.299636
v 0.234905 0.007417 0.297658
v 0.234600 0.042465 0.349974
v 0.236723 0.043565 0.355486
v 0.236685 0.032323 0.350177
v 0.244639 0.028736 0.345497
v 0.243832 0.004177 0.341232
v 0.115642 0.088794 0.263859
v 0.126627 0.195693 0.280490
v 0.202313 0.060195 0.241521
v 0.200740 0.086437 0.231217
v 0.215529 0.091562 0.249814
v -0.143141 0.000878 0.371054
v -0.139620 0.022168 0.365551
v -0.142335 0.027553 0.344319
v -0.133771 0.029838 0.299546
v -0.131479 0.041805 0.348300
v -0.138374 0.057944 0.340913
v -0.142090 0.004158 0.339691
v -0.132806 0.000805 0.341249
v -0.122828 0.022958 0.372355
v -0.125984 0.000848 0.378710
v -0.118873 0.001455 0.300245
v -0.133828 0.041679 0.354661
v -0.119166 0.043502 0.353397
v -0.126366 0.034010 0.296330
v -0.131847 0.005989 0.296976
v -0.120094 0.041676 0.359897
v -0.124087 0.062701 0.283959
v -0.115581 0.098771 0.291809
v -0.132010 0.070067 0.281605
v -0.117118 0.058700 0.274308
v -0.122632 0.066930 0.304556
v -0.098746 0.002796 0.329127
v -0.122758 0.008939 0.291231
v -0.113799 0.001301 0.338312
v -0.117590 0.003357 0.357598
v -0.107525 0.026427 0.363184
v -0.113600 0.116001 0.260661
v -0.114097 0.091583 0.252664
v -0.130528 0.068873 0.316002
v -0.092677 0.003651 0.301858
v -0.112824 0.010524 0.262144
v -0.100738 0.060499 0.242413
v -0.107145 0.152281 0.254756
v -0.106325 0.066978 0.356057
v -0.098323 0.086958 0.232190
v -0.099436 0.198609 0.275044
v -0.087623 0.152686 0.218442
v -0.094704 0.231558 0.214246
v -0.103734 0.028194 0.360315
v -0.105199 0.254520 0.266744
v -0.064546 0.001170 0.313137
v -0.100668 0.062873 0.350567
v -0.096617 0.001419 0.365434
v -0.108050 0.002127 0.361703
v -0.100814 0.029635 0.366217
v -0.098303 0.026427 0.235905
v -0.092102 0.005263 0.249754
v -0.097251 0.076703 0.329821
v -0.072840 0.060371 0.221819
v -0.100124 0.000831 0.389583
v -0.070418 0.021430 0.232192
v -0.100746 0.230970 0.269879
v -0.097390 0.023486 0.380352
v -0.080018 0.022957 0.385739
v -0.081316 0.229470 0.196188
v -0.071572 0.082438 0.199142
v -0.091759 0.043906 0.362959
v -0.099491 0.066650 0.359014
v -0.098656 0.124515 0.301540
v -0.041761 0.113383 0.308437
v -0.091620 0.043560 0.366227
v -0.082290 0.000012 0.394184
v -0.083312 0.065640 0.358542
v -0.071339 0.121878 0.305447
v -0.089771 0.188623 0.293077
v -0.075074 0.043199 0.365381
v -0.077497 0.042943 0.370098
v -0.077796 0.076293 0.330749
v -0.104006 0.075405 0.322308
v -0.067098 0.147820 0.208528
v -0.058144 0.077702 0.334591
v -0.075290 0.001434 0.370741
v -0.043456 0.072665 0.323120
v -0.050691 0.004620 0.261576
v -0.066147 0.002168 0.372090
v -0.043440 0.061105 0.233450
v -0.062333 0.066373 0.365086
v -0.043261 0.114802 0.224442
v -0.063681 0.032234 0.369245
v -0.043553 0.023228 0.243227
v -0.061427 0.004490 0.366427
v -0.035281 0.084590 0.220426
v -0.057172 0.064940 0.365106
v -0.054881 0.004372 0.367544
v -0.070374 0.111352 0.213489
v -0.050432 0.042789 0.364552
v -0.040230 0.155094 0.299174
v -0.035103 0.001926 0.314115
v -0.061409 0.207274 0.190154
v -0.059486 0.221660 0.189588
v -0.030915 0.219795 0.201607
v -0.029477 0.009150 0.282231
v -0.052247 0.000069 0.387027
v -0.034612 0.000139 0.384460
v -0.052113 0.020396 0.379963
v -0.033995 0.041718 0.366146
v -0.023577 0.068577 0.314711
v -0.020365 0.068390 0.328445
v -0.023657 0.229459 0.276183
v -0.022371 0.117428 0.251733
v -0.034533 0.041702 0.359893
v -0.026134 0.031445 0.265958
v -0.019857 0.087506 0.253695
v -0.022674 0.057770 0.353158
v -0.023096 0.151664 0.245122
v -0.022343 0.005349 0.356186
v -0.010052 0.238488 0.217561
v -0.019687 0.035378 0.309392
v -0.015104 0.200489 0.264985
v -0.018389 0.095486 0.291620
v -0.017696 0.007680 0.318014
v -0.022200 0.028517 0.357966
v -0.013909 0.031271 0.318669
v -0.023014 0.059362 0.270431
v -0.005772 0.071958 0.281727
v -0.014935 0.223715 0.254248
v -0.007463 0.070071 0.276339
v -0.009856 0.104918 0.276276
v -0.018290 0.148181 0.265245
v 0.003053 0.076709 0.284698
v -0.008375 0.088883 0.265457
v -0.041576 0.146333 0.218698
v -0.028687 0.008549 0.305677
v -0.026335 0.070801 0.259620
v -0.015191 0.070144 0.288470
v -0.089555 0.506350 -0.262556
v -0.094809 0.519995 -0.241235
v -0.116450 0.490953 -0.169560
v -0.073455 0.544609 -0.185167
v -0.073251 0.544941 -0.142503
v -0.070461 0.554438 -0.229229
v -0.113034 0.523078 -0.273075
v -0.074418 0.571473 -0.128275
v -0.069020 0.554099 -0.166874
v -0.066829 0.553081 -0.107550
v -0.091818 0.554041 -0.148350
v -0.064726 0.559767 -0.084411
v -0.077456 0.546224 -0.102793
v -0.062992 0.548353 -0.107243
v -0.053612 0.586981 -0.152520
v -0.062812 0.557094 -0.173198
v -0.041077 0.582775 -0.254215
v -0.054091 0.586437 -0.168126
v -0.048673 0.582619 -0.230748
v -0.052168 0.575271 -0.166809
v -0.058049 0.596649 -0.227841
v -0.047371 0.586755 -0.168435
v -0.020120 0.603924 -0.137770
v -0.025913 0.595386 -0.235879
v -0.011585 0.597032 -0.238286
v -0.038103 0.603605 -0.200992
v -0.021433 0.603936 -0.234569
v 0.000192 0.611715 -0.130196
v 0.010850 0.609216 -0.285316
v -0.022251 0.601333 -0.313419
v 0.009478 0.610395 -0.221165
v 0.007010 0.612525 -0.220219
v -0.010071 0.613593 -0.170393
v 0.020550 0.627902 -0.258220
v 0.036556 0.627705 -0.135720
v 0.019985 0.616285 -0.239641
v 0.050541 0.591076 -0.245022
v 0.046881 0.611822 -0.223908
v 0.059857 0.624529 -0.210328
v 0.040489 0.625806 -0.099111
v 0.076177 0.618188 -0.102859
v 0.072884 0.613581 -0.183551
v 0.065752 0.593957 -0.249418
v 0.072105 0.602575 -0.251250
v 0.098873 0.602552 -0.225141
v 0.095691 0.601876 -0.154401
v 0.078773 0.614256 -0.102700
v 0.083675 0.594683 -0.249627
v 0.107216 0.598363 -0.259521
v 0.093705 0.580913 -0.248355
v 0.115894 0.587799 -0.196598
v 0.106385 0.581445 -0.202672
v 0.107579 0.584163 -0.172509
v 0.127891 0.541098 -0.223910
v 0.122273 0.594031 -0.150326
v 0.122066 0.604673 -0.112133
v 0.127141 0.588976 -0.143818
v 0.110586 0.577642 -0.175124
v 0.137494 0.546479 -0.160960
v 0.151579 0.482876 -0.041633
v 0.146725 0.459307 -0.110073
v 0.150915 0.516705 -0.094995
v 0.147912 0.513368 -0.074917
v 0.151894 0.523172 -0.045598
v 0.142384 0.579820 -0.054048
v 0.145568 0.576182 -0.094543
v 0.162405 0.543336 -0.126227
v 0.152181 0.551627 -0.125269
v 0.134248 0.551046 -0.176202
v 0.167191 0.555811 -0.162138
v 0.155927 0.570123 -0.137294
v 0.138001 0.506692 -0.108943
v 0.157825 0.472049 -0.131273
v 0.143440 0.544884 -0.120706
v 0.173364 0.516995 -0.137049
v -0.000961 0.624725 -0.204390
v 0.146965 0.480174 -0.062471
v -0.171997 0.333952 -0.227040
v -0.153160 0.344899 -0.211365
v -0.124716 0.462619 -0.199273
v -0.145626 0.410702 -0.243966
v -0.145104 0.376595 -0.198587
v -0.143587 0.282893 -0.187444
v -0.111814 0.491585 -0.204505
v -0.122542 0.465565 -0.259366
v -0.110949 0.453264 -0.158939
v -0.117723 0.455817 -0.164992
v -0.099260 0.420985 -0.117579
v -0.103831 0.429085 -0.120342
v -0.097564 0.362264 -0.118059
v -0.079248 0.376364 -0.112354
v -0.074276 0.498574 -0.111292
v -0.037931 0.294223 -0.139538
v -0.074760 0.416407 -0.099389
v -0.080526 0.469536 -0.102862
v -0.089586 0.518602 -0.099817
v -0.069542 0.526325 -0.107274
v -0.062043 0.504945 -0.097049
v -0.060495 0.460403 -0.093105
v -0.066351 0.543576 -0.070218
v -0.056636 0.504407 -0.090890
v -0.061894 0.545400 -0.054844
v -0.064412 0.460095 -0.091000
v -0.063883 0.519516 -0.077414
v -0.059067 0.516856 -0.060458
v -0.053290 0.458823 -0.091020
v -0.052320 0.577557 -0.044086
v -0.067699 0.540429 -0.032192
v -0.062136 0.459163 -0.085446
v -0.054692 0.442449 -0.092943
v -0.048101 0.448062 -0.061049
v -0.027556 0.340204 -0.120805
v -0.070366 0.477252 -0.002935
v -0.031709 0.412811 -0.024007
v -0.027654 0.411482 -0.063048
v -0.057174 0.405431 -0.091804
v -0.054737 0.416533 -0.097503
v -0.034069 0.418858 -0.096774
v -0.032710 0.414794 -0.076650
v -0.022334 0.412192 -0.041031
v -0.004236 0.398390 -0.073722
v -0.025658 0.396578 -0.101395
v -0.009417 0.384341 -0.084265
v 0.021365 0.391937 -0.024616
v -0.013267 0.390781 -0.107269
v 0.001623 0.375713 -0.120376
v 0.010176 0.388308 -0.087873
v 0.014596 0.362243 -0.182188
v 0.044894 0.385146 -0.023642
v 0.038860 0.364226 -0.121522
v 0.090142 0.398757 -0.078425
v 0.076201 0.393428 -0.030713
v 0.085261 0.381195 0.026344
v 0.074223 0.388588 -0.090689
v 0.096163 0.392067 -0.116651
v 0.112251 0.412804 -0.045360
v 0.094862 0.384245 -0.089719
v 0.115684 0.413594 -0.082184
v 0.106764 0.397413 -0.110688
v 0.127099 0.410731 0.005800
v 0.138943 0.405461 -0.108373
v 0.133058 0.443802 -0.072140
v -0.058218 0.480753 -0.051817
v -0.051530 0.444709 -0.030478
v -0.031478 0.409544 0.006976
v 0.010751 0.372113 -0.144546
v 0.044018 0.385074 -0.070086
v -0.019209 0.335044 -0.270211
v -0.001972 0.388386 -0.285153
v 0.004250 0.377623 -0.265457
v -0.008172 0.303841 -0.172182
v 0.006291 0.344002 -0.189222
v 0.018666 0.362271 -0.239130
v 0.005400 0.364803 -0.236663
v 0.028191 0.391097 -0.289294
v 0.029043 0.356581 -0.180235
v 0.032627 0.364274 -0.240208
v 0.028050 0.378085 -0.267376
v 0.033286 0.359038 -0.275277
v 0.038215 0.347280 -0.223227
v 0.041115 0.388811 -0.325479
v 0.039662 0.361137 -0.180775
v 0.038556 0.320691 -0.236067
v 0.045565 0.331877 -0.299895
v 0.052958 0.343192 -0.319683
v 0.062014 0.337696 -0.321709
v 0.066730 0.306006 -0.177015
v 0.052086 0.330799 -0.305427
v 0.047570 0.335102 -0.281948
v 0.063977 0.333766 -0.310091
v 0.058403 0.316037 -0.307422
v 0.065199 0.318893 -0.295144
v 0.080918 0.298219 -0.167982
v 0.079991 0.377405 -0.131787
v 0.075478 0.375214 -0.121915
v 0.067712 0.321412 -0.298083
v 0.056547 0.587698 -0.296381
v 0.084577 0.558870 -0.291305
v 0.082679 0.550730 -0.309770
v 0.081190 0.528842 -0.312662
v 0.101649 0.522511 -0.324962
v 0.083580 0.524980 -0.316123
v 0.083357 0.561081 -0.300155
v 0.093053 0.518996 -0.347305
v 0.097302 0.553355 -0.290524
v 0.114401 0.366218 -0.126790
v 0.120959 0.546856 -0.293185
v 0.121392 0.468599 -0.330074
v 0.105822 0.503715 -0.309050
v 0.113590 0.511793 -0.321558
v 0.110335 0.343234 -0.342382
v 0.121985 0.523145 -0.315123
v 0.115013 0.417015 -0.107757
v 0.109617 0.504346 -0.299641
v 0.112262 0.334510 -0.333900
v 0.118219 0.333706 -0.345591
v 0.126503 0.524794 -0.317779
v 0.144814 0.522329 -0.310076
v 0.145428 0.522803 -0.305750
v 0.123835 0.343608 -0.340418
v 0.119706 0.376783 -0.342842
v 0.128340 0.290990 -0.160943
v 0.156929 0.341266 -0.150529
v 0.143850 0.319752 -0.341139
v 0.142042 0.371418 -0.339614
v 0.152586 0.524703 -0.187085
v 0.133099 0.517703 -0.269010
v 0.142879 0.329272 -0.318355
v 0.171901 0.356469 -0.155933
v 0.155119 0.489471 -0.247620
v 0.152668 0.419392 -0.124597
v 0.149998 0.364181 -0.355907
v 0.133645 0.416640 -0.116287
v 0.149276 0.441591 -0.328725
v 0.143485 0.440731 -0.085160
v 0.144131 0.352722 -0.343730
v 0.154690 0.369251 -0.342205
v 0.149889 0.377891 -0.349373
v 0.157759 0.380892 -0.352208
v 0.156132 0.408549 -0.342938
v 0.156815 0.365030 -0.327545
v 0.147395 0.522903 -0.139112
v 0.164819 0.496584 -0.196038
v 0.174618 0.430115 -0.157763
v 0.136969 0.459434 -0.109780
v 0.161368 0.371353 -0.349515
v 0.169373 0.451816 -0.203882
v 0.144792 0.506014 -0.126719
v 0.175372 0.326518 -0.324385
v 0.154045 0.355417 -0.326595
v 0.175147 0.349935 -0.325570
v 0.168055 0.460328 -0.248615
v 0.170703 0.490367 -0.214578
v 0.177868 0.398362 -0.167455
v 0.173664 0.437343 -0.230354
v 0.179866 0.391409 -0.284815
v 0.159001 0.456452 -0.283872
v 0.172393 0.374370 -0.316732
v 0.174535 0.407247 -0.309152
v 0.181766 0.368335 -0.344930
v 0.164261 0.303981 -0.309904
v 0.194681 0.328077 -0.206251
v 0.200620 0.305919 -0.315749
v 0.185270 0.382986 -0.248587
v 0.203837 0.335307 -0.289922
v 0.191915 0.347979 -0.265766
v -0.002816 0.351579 -0.252294
v 0.036689 0.351153 -0.260230
v 0.043760 0.345825 -0.189703
v 0.063479 0.375664 -0.140560
v 0.064076 0.322370 -0.306596
v 0.114750 0.555012 -0.251216
v 0.124137 0.508075 -0.290247
v 0.140287 0.466628 -0.311945
v 0.173194 0.456722 -0.209770
v -0.190583 0.408494 -0.419369
v -0.183911 0.371876 -0.395212
v -0.149628 0.413130 -0.250677
v -0.145900 0.411630 -0.289416
v -0.158444 0.362808 -0.243942
v -0.170299 0.368730 -0.282572
v -0.152923 0.374911 -0.260269
v -0.131667 0.407021 -0.363951
v -0.159749 0.350398 -0.267211
v -0.124625 0.328244 -0.276244
v -0.165350 0.357590 -0.383868
v -0.118804 0.362892 -0.367597
v -0.111051 0.459513 -0.376776
v -0.128900 0.380777 -0.298476
v -0.135769 0.441464 -0.276311
v -0.116083 0.434672 -0.368888
v -0.141588 0.364981 -0.273693
v -0.136421 0.330360 -0.292630
v -0.137607 0.353686 -0.293905
v -0.095211 0.392981 -0.360360
v -0.120786 0.414583 -0.301522
v -0.128066 0.374643 -0.293024
v -0.109977 0.363785 -0.301589
v -0.118813 0.442276 -0.296724
v -0.115005 0.407799 -0.314587
v -0.105615 0.425848 -0.363119
v -0.129211 0.421744 -0.361514
v -0.123455 0.460625 -0.350847
v -0.107940 0.491328 -0.342852
v -0.126189 0.485167 -0.370228
v -0.127107 0.366679 -0.318232
v -0.110121 0.379912 -0.319062
v -0.108455 0.377244 -0.298229
v -0.111070 0.478760 -0.285271
v -0.101573 0.444821 -0.332642
v -0.135032 0.443765 -0.318447
v -0.103960 0.478605 -0.344085
v -0.107278 0.513894 -0.343331
v -0.110745 0.438021 -0.308744
v -0.109291 0.473210 -0.271634
v -0.107719 0.484835 -0.313377
v -0.102317 0.397782 -0.317416
v -0.099049 0.491273 -0.324365
v -0.102714 0.389975 -0.315320
v -0.099976 0.377884 -0.310143
v -0.117063 0.428846 -0.342453
v -0.089679 0.430022 -0.352577
v -0.090317 0.476621 -0.325486
v -0.073432 0.526097 -0.286004
v -0.087452 0.546492 -0.271466
v -0.079402 0.457436 -0.320303
v -0.101410 0.341222 -0.308598
v -0.088288 0.338229 -0.317743
v -0.066125 0.415812 -0.335249
v -0.073395 0.504663 -0.308676
v -0.097442 0.383617 -0.323020
v -0.074410 0.438921 -0.324448
v -0.086111 0.407348 -0.326169
v -0.082002 0.529459 -0.293835
v -0.054993 0.561352 -0.275792
v -0.059963 0.316061 -0.325443
v -0.063901 0.550713 -0.299124
v -0.069684 0.404420 -0.320995
v -0.050793 0.381673 -0.323552
v -0.076008 0.529389 -0.286529
v -0.054095 0.360996 -0.358396
v -0.064197 0.545134 -0.289209
v -0.062699 0.526275 -0.293071
v -0.056559 0.544960 -0.289096
v -0.042288 0.339136 -0.303802
v -0.032850 0.385563 -0.341062
v -0.040103 0.373676 -0.311043
v -0.023041 0.331792 -0.289258
v -0.036519 0.314366 -0.291921
v -0.022067 0.387221 -0.308864
v -0.009375 0.418886 -0.305527
v -0.042464 0.331488 -0.291778
v -0.034667 0.346751 -0.305475
v -0.011428 0.366702 -0.379664
v -0.030229 0.440163 -0.315107
v -0.012632 0.352722 -0.389772
v -0.019453 0.436753 -0.316490
v 0.011937 0.391083 -0.295288
v 0.026713 0.423746 -0.316840
v 0.042086 0.445156 -0.337278
v 0.074834 0.323387 -0.341704
v -0.119501 0.468869 -0.361303
v -0.046369 0.372430 -0.354048
v -0.093274 0.526230 -0.328686
v -0.097320 0.528716 -0.360300
v -0.083944 0.546370 -0.339360
v -0.052723 0.575469 -0.371460
v -0.061904 0.560135 -0.316596
v -0.072220 0.560301 -0.389947
v -0.044018 0.569368 -0.379612
v -0.050907 0.582468 -0.315798
v -0.034105 0.589537 -0.279432
v -0.030444 0.593031 -0.349183
v -0.039917 0.587710 -0.367908
v -0.041484 0.577944 -0.411949
v -0.013908 0.553400 -0.413488
v -0.029810 0.521332 -0.467650
v -0.038000 0.568937 -0.404451
v -0.018227 0.594050 -0.375368
v -0.013603 0.510734 -0.476091
v -0.001949 0.502731 -0.465887
v -0.024899 0.510571 -0.488754
v 0.006572 0.521064 -0.449159
v -0.007219 0.507359 -0.462730
v -0.006094 0.560486 -0.388937
v 0.004760 0.554215 -0.415895
v 0.011431 0.586409 -0.376117
v 0.007463 0.571068 -0.392420
v 0.016247 0.490046 -0.466548
v 0.016613 0.471984 -0.478993
v 0.004456 0.460608 -0.482736
v 0.017012 0.422435 -0.481514
v 0.011347 0.578075 -0.383863
v 0.024599 0.450775 -0.469598
v -0.003335 0.506998 -0.466132
v 0.015115 0.492732 -0.477870
v 0.003468 0.611327 -0.320531
v 0.032294 0.600095 -0.321964
v 0.007768 0.564361 -0.388744
v -0.004312 0.378183 -0.360054
v 0.041564 0.450520 -0.354256
v 0.034032 0.412437 -0.389136
v 0.040429 0.533453 -0.411049
v -0.001078 0.357942 -0.501547
v 0.023339 0.456682 -0.480959
v 0.023325 0.464011 -0.474272
v 0.022024 0.507525 -0.459330
v 0.027555 0.489557 -0.455736
v 0.010702 0.562309 -0.392490
v 0.012716 0.570873 -0.401984
v 0.035244 0.557358 -0.378573
v 0.007944 0.432778 -0.327788
v 0.047273 0.474218 -0.452053
v 0.032268 0.444667 -0.453161
v 0.038162 0.406602 -0.441956
v 0.046261 0.514532 -0.417779
v 0.045938 0.452517 -0.419719
v 0.049887 0.433602 -0.410227
v 0.079479 0.539177 -0.352601
v 0.057945 0.386955 -0.340408
v 0.062004 0.454889 -0.349994
v 0.059284 0.531114 -0.377574
v 0.055798 0.462720 -0.376822
v 0.072926 0.468631 -0.370054
v 0.071623 0.461150 -0.406879
v 0.043094 0.442557 -0.486267
v 0.067697 0.503104 -0.365716
v 0.100224 0.434718 -0.354692
v 0.076502 0.409531 -0.346127
v 0.085845 0.408356 -0.358158
v 0.079440 0.516791 -0.389776
v 0.076599 0.468807 -0.372275
v 0.067033 0.371818 -0.337802
v 0.087878 0.516506 -0.375386
v 0.075431 0.505562 -0.351203
v 0.084932 0.516325 -0.338823
v 0.101557 0.385019 -0.354771
v 0.096824 0.345983 -0.342949
v 0.102007 0.482270 -0.364254
v 0.109104 0.376203 -0.349580
v 0.118205 0.471752 -0.342467
v 0.106203 0.434124 -0.356397
v 0.124032 0.434038 -0.382554
v 0.100956 0.401291 -0.354761
v 0.119661 0.376674 -0.362514
v 0.118567 0.440315 -0.344713
v 0.047928 0.580758 -0.335288
v 0.048146 0.542296 -0.383634
v -0.174499 0.427098 -0.535994
v -0.155514 0.441148 -0.446269
v -0.156291 0.437960 -0.478093
v -0.202462 0.394611 -0.442625
v -0.175202 0.456330 -0.469732
v -0.158076 0.426173 -0.382807
v -0.126619 0.449807 -0.492599
v -0.194667 0.442634 -0.472551
v -0.130318 0.480894 -0.472197
v -0.150876 0.439811 -0.448573
v -0.139904 0.454997 -0.415491
v -0.142073 0.471479 -0.435468
v -0.141956 0.469626 -0.390972
v -0.155902 0.457545 -0.389571
v -0.140947 0.454810 -0.517369
v -0.130104 0.444864 -0.509150
v -0.137032 0.465089 -0.498507
v -0.133125 0.465802 -0.372106
v -0.137024 0.477171 -0.379977
v -0.109601 0.448518 -0.513699
v -0.126520 0.464934 -0.521862
v -0.111499 0.478481 -0.401735
v -0.129837 0.458344 -0.398828
v -0.088202 0.504984 -0.484470
v -0.129469 0.517085 -0.437483
v -0.122194 0.490286 -0.396629
v -0.115929 0.462371 -0.520760
v -0.112012 0.470319 -0.518219
v -0.109580 0.442930 -0.527805
v -0.098404 0.506122 -0.405220
v -0.122777 0.517621 -0.459144
v -0.106204 0.503934 -0.448235
v -0.109065 0.510492 -0.397589
v -0.092940 0.439135 -0.531334
v -0.103529 0.524214 -0.460917
v -0.094159 0.504791 -0.400565
v -0.097354 0.538844 -0.372456
v -0.099154 0.540513 -0.429426
v -0.119574 0.445103 -0.548307
v -0.093404 0.460775 -0.538043
v -0.089072 0.529405 -0.455455
v -0.070758 0.479277 -0.516342
v -0.080952 0.431862 -0.530821
v -0.094252 0.519065 -0.481871
v -0.074637 0.521693 -0.442655
v -0.058549 0.546790 -0.448276
v -0.075639 0.453049 -0.528110
v -0.077109 0.514508 -0.470796
v -0.062575 0.522879 -0.467944
v -0.055038 0.496643 -0.497445
v -0.068260 0.448270 -0.528654
v -0.048286 0.471406 -0.514018
v -0.049083 0.512631 -0.474604
v -0.051475 0.516437 -0.488193
v -0.027529 0.485306 -0.497408
v -0.024930 0.468758 -0.518220
v -0.022893 0.447082 -0.539985
v -0.037199 0.409932 -0.546990
v -0.035362 0.451257 -0.517192
v -0.016562 0.431696 -0.504710
v -0.035751 0.454605 -0.522940
v -0.026605 0.519226 -0.462504
v -0.018786 0.461480 -0.528150
v -0.001955 0.459523 -0.480470
v -0.001521 0.456820 -0.497291
v -0.015347 0.392813 -0.527983
v -0.002248 0.467741 -0.498276
v -0.005517 0.486346 -0.491730
v -0.162130 0.022716 -0.249060
v -0.180575 0.022229 -0.253627
v -0.181097 0.000649 -0.253143
v -0.153403 0.004749 -0.300506
v -0.162929 0.002009 -0.247202
v -0.148049 0.005536 -0.262595
v -0.158352 0.005790 -0.266487
v -0.150072 0.064848 -0.261734
v -0.144580 0.006688 -0.266736
v -0.140825 0.064956 -0.262563
v -0.144110 0.063690 -0.265879
v -0.134738 0.005084 -0.263670
v -0.129999 0.042951 -0.265833
v -0.124657 0.059153 -0.269162
v -0.136986 0.002782 -0.285601
v -0.132404 0.001398 -0.246377
v -0.132422 0.022810 -0.249560
v -0.114982 0.004730 -0.319082
v -0.123588 0.068297 -0.289896
v -0.114970 0.002051 -0.248132
v -0.131165 0.042744 -0.260218
v -0.178488 0.010131 -0.337272
v -0.112409 0.011292 -0.326800
v -0.115709 0.042476 -0.260658
v -0.115095 0.004701 -0.267785
v -0.115367 0.022378 -0.250643
v -0.114602 0.041957 -0.266878
v -0.123947 0.024609 -0.373123
v -0.093663 0.063934 -0.339681
v -0.098284 0.010895 -0.318606
v -0.103900 0.007350 -0.269035
v -0.114291 0.068804 -0.311141
v -0.102674 0.067035 -0.291956
v -0.105871 0.057788 -0.269689
v -0.102064 0.047617 -0.321726
v -0.110725 0.263793 -0.163784
v -0.118908 0.239393 -0.184824
v -0.070086 0.176657 -0.311713
v -0.095447 0.201792 -0.245693
v -0.080623 0.182204 -0.286152
v -0.066246 0.202929 -0.250035
v -0.060857 0.194057 -0.290943
v -0.063780 0.245459 -0.177153
v -0.070815 0.248382 -0.171652
v -0.049861 0.275782 -0.161225
v -0.078185 0.232728 -0.177814
v -0.056745 0.244416 -0.186123
v -0.054766 0.232617 -0.175233
v -0.060483 0.253137 -0.302265
v -0.035259 0.250076 -0.262072
v -0.043527 0.243412 -0.191659
v -0.031057 0.235508 -0.231055
v -0.044226 0.230121 -0.196160
v -0.021086 0.295332 -0.149815
v -0.035558 0.261140 -0.167998
v -0.026835 0.252233 -0.206338
v -0.028354 0.264811 -0.252724
v -0.023268 0.255133 -0.221071
v -0.013842 0.273506 -0.250445
v 0.000065 0.319623 -0.233520
v 0.054772 0.290505 -0.293797
v 0.047605 0.275665 -0.255616
v 0.075397 0.255659 -0.204173
v 0.064411 0.255878 -0.225234
v 0.070324 0.279560 -0.289913
v 0.061155 0.267132 -0.259567
v 0.076764 0.290923 -0.330640
v 0.066241 0.251071 -0.268263
v 0.076770 0.244912 -0.279407
v 0.069517 0.236308 -0.234152
v 0.089734 0.233341 -0.205197
v 0.079475 0.206681 -0.276250
v 0.074126 0.307430 -0.299480
v 0.076120 0.224787 -0.252839
v 0.103622 0.185939 -0.285357
v 0.102991 0.289154 -0.163598
v 0.089832 0.293545 -0.323798
v 0.107562 0.232905 -0.193530
v 0.129242 0.245674 -0.190800
v 0.130405 0.276296 -0.174312
v -0.101133 0.023887 -0.343845
v -0.042493 0.224842 -0.246206
v 0.065738 0.315910 -0.322657
v 0.078155 0.206912 -0.321816
v 0.082544 0.231426 -0.328745
v 0.079364 0.193576 -0.372726
v 0.112027 0.063881 -0.350066
v 0.097338 0.253256 -0.328990
v 0.094773 0.195332 -0.395362
v 0.081172 0.250789 -0.308326
v 0.130379 0.187739 -0.284313
v 0.104000 0.332495 -0.333807
v 0.120063 0.201428 -0.405696
v 0.116370 0.251459 -0.349238
v 0.121503 0.205307 -0.407201
v 0.130746 0.143109 -0.405789
v 0.131327 0.232663 -0.191775
v 0.131290 0.321150 -0.329722
v 0.106598 0.166588 -0.306574
v 0.120484 0.127775 -0.317408
v 0.128551 0.169602 -0.306650
v 0.119227 0.227036 -0.378725
v 0.141323 0.257810 -0.341279
v 0.156447 0.192431 -0.289206
v 0.141005 0.191885 -0.409775
v 0.155708 0.236305 -0.204906
v 0.160286 0.191799 -0.393064
v 0.171335 0.228050 -0.316320
v 0.141898 0.215231 -0.390071
v 0.144415 0.227034 -0.389724
v 0.178464 0.290707 -0.297981
v 0.170756 0.221834 -0.264331
v 0.169407 0.209313 -0.304847
v 0.166875 0.184643 -0.325177
v 0.181710 0.249414 -0.299671
v 0.174877 0.230418 -0.281132
v 0.174221 0.195935 -0.345943
v 0.161693 0.202227 -0.368854
v 0.183680 0.254713 -0.251067
v 0.188868 0.320183 -0.271775
v 0.191515 0.285400 -0.245467
v 0.093491 0.142118 -0.374072
v 0.159546 0.294837 -0.174173
v 0.118224 0.069426 -0.377380
v 0.089102 0.175035 -0.318205
v 0.118919 0.048701 -0.327369
v 0.119517 0.024106 -0.352111
v 0.125950 0.026294 -0.378484
v 0.115863 0.129851 -0.394914
v 0.113217 0.136445 -0.397500
v 0.124571 0.008608 -0.328863
v 0.126656 0.008697 -0.350668
v 0.131262 0.011846 -0.336326
v 0.151029 0.101238 -0.321837
v 0.137514 0.127142 -0.405131
v 0.131212 0.057851 -0.277474
v 0.122643 0.065664 -0.301272
v 0.134461 0.066725 -0.316998
v 0.132496 0.007256 -0.276315
v 0.137414 0.004260 -0.329511
v 0.158442 0.138783 -0.404719
v 0.144604 0.066357 -0.300788
v 0.139862 0.027265 -0.396447
v 0.144111 0.004653 -0.276409
v 0.135422 0.130495 -0.411221
v 0.148224 0.133279 -0.401884
v 0.162863 0.006761 -0.334512
v 0.142211 0.041171 -0.274542
v 0.158008 0.041276 -0.274446
v 0.145645 0.004703 -0.252860
v 0.152598 0.007294 -0.380273
v 0.162124 0.004693 -0.254834
v 0.152756 0.069397 -0.319035
v 0.142815 0.022698 -0.258188
v 0.158626 0.073349 -0.295938
v 0.142145 0.042271 -0.268923
v 0.157730 0.041766 -0.270495
v 0.150779 0.058452 -0.278800
v 0.178436 0.100557 -0.329416
v 0.155456 0.171262 -0.316500
v 0.170164 0.070625 -0.406777
v 0.170525 0.155578 -0.348599
v 0.172456 0.067865 -0.322159
v 0.161090 0.024039 -0.260022
v 0.161292 0.027965 -0.406467
v 0.175831 0.031399 -0.269262
v 0.161149 0.005739 -0.275297
v 0.183679 0.121200 -0.369008
v 0.175270 0.007201 -0.388909
v 0.179952 0.025996 -0.407858
v 0.169453 0.135485 -0.393324
v 0.167513 0.062938 -0.273634
v 0.183308 0.009307 -0.351421
v 0.167439 0.073236 -0.300199
v 0.175341 0.063914 -0.275503
v 0.190589 0.073148 -0.393623
v 0.187301 0.105442 -0.349621
v 0.177731 0.007083 -0.270917
v 0.183622 0.062388 -0.289121
v 0.191045 0.070070 -0.327194
v 0.196542 0.006037 -0.286612
v 0.182003 0.040636 -0.279339
v 0.185111 0.042952 -0.274306
v 0.184752 0.006164 -0.278011
v 0.211135 0.011594 -0.366263
v 0.192272 0.042775 -0.287185
v 0.190307 0.004673 -0.260648
v 0.198570 0.020283 -0.397364
v 0.211643 0.004703 -0.357883
v 0.186957 0.025153 -0.263340
v 0.204847 0.067958 -0.373063
v 0.202774 0.062868 -0.296122
v 0.208658 0.010441 -0.379127
v 0.195628 0.041109 -0.281169
v 0.201766 0.064304 -0.292027
v 0.206883 0.061700 -0.350748
v 0.203313 0.005386 -0.269705
v 0.201118 0.025045 -0.272381
v 0.203287 0.009019 -0.385395
v 0.207335 0.030189 -0.292632
v 0.194475 0.006705 -0.330097
v 0.212138 0.031608 -0.292233
v 0.208299 0.006000 -0.290604
v 0.191596 0.004761 -0.347544
v 0.212147 0.031639 -0.363755
v 0.199962 0.073287 -0.315509
v 0.207599 0.065780 -0.329909
v 0.209647 0.063725 -0.294919
v 0.215639 0.059386 -0.306900
v 0.218671 0.005678 -0.298825
v 0.221744 0.031868 -0.361519
v 0.224277 0.065021 -0.340037
v 0.216140 0.040763 -0.300912
v 0.228750 0.042481 -0.310381
v 0.237481 0.024183 -0.298997
v 0.220429 0.043592 -0.296274
v 0.227610 0.005692 -0.283898
v 0.240110 0.006773 -0.318700
v 0.233557 0.055773 -0.316397
v 0.238115 0.028105 -0.314610
v 0.229584 0.004416 -0.313024
v 0.223689 0.009227 -0.363522
v 0.241478 0.005796 -0.295021
v -0.219417 0.006663 -0.289955
v -0.209625 0.065673 -0.308672
v -0.209092 0.039491 -0.284474
v -0.213485 0.055725 -0.291225
v -0.196763 0.058770 -0.282902
v -0.204987 0.032952 -0.338088
v -0.195691 0.002748 -0.312213
v -0.200312 0.001329 -0.264045
v -0.215572 0.001608 -0.272390
v -0.199401 0.021217 -0.265879
v -0.211492 0.031912 -0.336426
v -0.214268 0.021370 -0.274403
v -0.195399 0.061025 -0.324964
v -0.203768 0.009869 -0.355203
v -0.204154 0.012567 -0.341151
v -0.204388 0.026133 -0.354579
v -0.210414 0.004831 -0.287456
v -0.199678 0.068906 -0.348836
v -0.213214 0.009368 -0.337632
v -0.198658 0.004375 -0.332954
v -0.190321 0.068822 -0.300838
v -0.198603 0.020809 -0.375423
v -0.190887 0.073612 -0.370714
v -0.176179 0.006745 -0.370702
v -0.195166 0.001555 -0.273762
v -0.193899 0.042809 -0.276412
v -0.182308 0.094540 -0.328649
v -0.182509 0.025710 -0.388990
v -0.186186 0.070993 -0.286277
v -0.190615 0.063231 -0.274311
v -0.180759 0.004396 -0.311937
v -0.184079 0.063127 -0.275837
v -0.176134 0.127201 -0.346944
v -0.179383 0.073311 -0.295525
v -0.185347 0.080664 -0.295338
v -0.185895 0.006669 -0.275428
v -0.183655 0.005214 -0.272468
v -0.181587 0.065679 -0.272451
v -0.163783 0.100585 -0.309010
v -0.158364 0.132404 -0.384414
v -0.177076 0.043134 -0.267859
v -0.178965 0.004517 -0.271487
v -0.171570 0.003951 -0.300636
v -0.176438 0.075154 -0.292012
v -0.177950 0.303225 -0.252079
v -0.174448 0.070961 -0.388437
v -0.176889 0.071631 -0.309981
v -0.159057 0.323209 -0.268073
v -0.177785 0.043610 -0.262012
v -0.158720 0.063290 -0.270346
v -0.170047 0.134876 -0.372755
v -0.163632 0.043638 -0.256758
v -0.162084 0.042846 -0.266523
v -0.137969 0.100271 -0.308592
v -0.157258 0.190049 -0.374047
v -0.160349 0.154197 -0.328181
v -0.151570 0.202317 -0.344451
v -0.162159 0.139932 -0.388171
v -0.138011 0.150165 -0.393752
v -0.154899 0.138752 -0.389711
v -0.141409 0.302512 -0.257422
v -0.159050 0.197159 -0.319848
v -0.150120 0.183504 -0.305030
v -0.158312 0.071628 -0.290138
v -0.147832 0.075884 -0.287219
v -0.126738 0.260389 -0.322213
v -0.142901 0.262709 -0.206412
v -0.150253 0.315467 -0.218607
v -0.151381 0.250252 -0.258815
v -0.142055 0.128173 -0.393278
v -0.149140 0.302741 -0.204104
v -0.140694 0.006810 -0.364293
v -0.163602 0.027749 -0.391881
v -0.141793 0.027020 -0.388400
v -0.138777 0.170020 -0.299985
v -0.141231 0.230722 -0.252759
v -0.141202 0.130456 -0.399460
v -0.142591 0.072120 -0.287823
v -0.137108 0.232334 -0.373047
v -0.134885 0.253732 -0.196974
v -0.136897 0.075417 -0.286701
v -0.137806 0.070553 -0.307493
v -0.119001 0.320783 -0.295627
v -0.136041 0.220108 -0.374333
v -0.122494 0.207466 -0.395422
v -0.120125 0.267261 -0.177499
v -0.133247 0.320098 -0.296273
v -0.128640 0.136371 -0.390844
v -0.109428 0.008835 -0.342144
v -0.111208 0.138324 -0.388979
v -0.116373 0.067153 -0.372500
v -0.125992 0.359798 -0.143394
v -0.115630 0.130575 -0.386233
v -0.094286 0.197348 -0.388380
v -0.120455 0.205299 -0.392270
v -0.142264 0.193514 -0.394698
v -0.091422 0.163800 -0.297710
v -0.113140 0.312686 -0.313285
v -0.113919 0.233317 -0.366516
v -0.108491 0.257677 -0.336650
v -0.102861 0.124871 -0.308526
v -0.112690 0.345429 -0.300574
v -0.109297 0.335692 -0.307910
v -0.091739 0.340291 -0.121483
v -0.087645 0.143547 -0.370288
v -0.130381 0.195622 -0.273209
v -0.085415 0.259061 -0.321184
v -0.095721 0.100818 -0.325370
v -0.073484 0.194566 -0.370049
v -0.084533 0.105334 -0.346018
v -0.061421 0.188851 -0.334583
v -0.072553 0.305475 -0.304944
v -0.058156 0.203882 -0.321527
v -0.047803 0.243230 -0.269417
v -0.048241 0.311118 -0.301132
v -0.050182 0.305845 -0.280404
v -0.028369 0.288903 -0.283982
v -0.044157 0.281626 -0.278084
v -0.042876 0.321568 -0.276869
v -0.145805 0.228202 -0.287567
v -0.144150 0.213053 -0.280652
v -0.227045 0.365402 -0.491442
v -0.203065 0.386886 -0.452720
v -0.188540 0.414605 -0.499949
v -0.209590 0.391401 -0.525107
v -0.185239 0.315552 -0.397297
v -0.186661 0.394493 -0.410326
v -0.174934 0.259051 -0.416163
v -0.162280 0.372409 -0.374505
v -0.152432 0.298140 -0.393501
v -0.130288 0.242955 -0.425333
v -0.150592 0.228698 -0.435732
v -0.113429 0.292287 -0.399483
v -0.106726 0.401773 -0.567196
v -0.108768 0.250890 -0.439623
v -0.133391 0.210325 -0.450575
v -0.112702 0.251512 -0.422677
v -0.118634 0.251362 -0.427355
v -0.100777 0.257981 -0.421479
v -0.093124 0.241387 -0.426806
v -0.107161 0.335250 -0.299521
v -0.100872 0.331041 -0.313196
v -0.091294 0.391149 -0.567134
v -0.098827 0.364351 -0.589813
v -0.093607 0.246479 -0.474413
v -0.092213 0.226021 -0.491900
v -0.101697 0.213127 -0.464671
v -0.076327 0.243504 -0.445318
v -0.081694 0.244275 -0.466994
v -0.095902 0.247241 -0.466681
v -0.088611 0.332529 -0.312493
v -0.079670 0.382774 -0.577518
v -0.085558 0.219099 -0.493795
v -0.077084 0.240798 -0.474978
v -0.073350 0.272865 -0.400630
v -0.073866 0.370248 -0.573743
v -0.072801 0.348595 -0.595730
v -0.074860 0.368769 -0.571017
v -0.059107 0.236534 -0.488264
v -0.056159 0.273893 -0.451568
v -0.071630 0.210692 -0.500532
v -0.053389 0.368724 -0.582721
v -0.043498 0.344220 -0.374156
v -0.069957 0.348374 -0.584893
v -0.047497 0.407635 -0.548966
v -0.078186 0.328035 -0.596288
v -0.038075 0.337766 -0.551363
v -0.079588 0.253715 -0.589165
v -0.058088 0.290826 -0.574673
v -0.033241 0.299775 -0.534265
v -0.050137 0.260472 -0.530047
v -0.042242 0.236801 -0.507693
v -0.039576 0.277161 -0.469269
v -0.046380 0.366052 -0.558768
v -0.039147 0.306541 -0.414421
v -0.030757 0.400823 -0.538927
v -0.021648 0.342521 -0.395963
v -0.020043 0.338164 -0.419543
v -0.022250 0.282717 -0.500943
v 0.003836 0.346153 -0.474086
v 0.001997 0.357374 -0.429141
v 0.017939 0.360998 -0.465301
v -0.107824 0.229531 -0.461559
v -0.103594 0.357765 -0.589811
v -0.094346 0.283750 -0.394034
v -0.081862 0.358710 -0.369848
v -0.060104 0.349892 -0.366565
v -0.256951 0.230144 -0.520773
v -0.250792 0.210841 -0.531971
v -0.264634 0.259929 -0.517742
v -0.264614 0.237922 -0.505693
v -0.252150 0.191804 -0.597818
v -0.244190 0.195628 -0.571100
v -0.255300 0.293298 -0.531149
v -0.250459 0.322788 -0.517023
v -0.266580 0.238802 -0.543754
v -0.271181 0.283597 -0.582085
v -0.248420 0.223521 -0.493885
v -0.246442 0.345472 -0.556610
v -0.233641 0.269304 -0.441350
v -0.236275 0.330195 -0.450496
v -0.224736 0.200681 -0.617428
v -0.237292 0.294582 -0.603926
v -0.251816 0.271635 -0.580075
v -0.224385 0.194622 -0.589301
v -0.223090 0.282446 -0.594247
v -0.238766 0.169712 -0.574826
v -0.221501 0.290395 -0.427260
v -0.221016 0.350618 -0.586203
v -0.189359 0.169745 -0.610743
v -0.240578 0.182134 -0.512604
v -0.203395 0.192395 -0.480430
v -0.191624 0.342854 -0.612529
v -0.198148 0.273703 -0.615626
v -0.201983 0.275392 -0.418669
v -0.212023 0.194468 -0.618944
v -0.210948 0.241948 -0.436159
v -0.186667 0.195258 -0.614573
v -0.188121 0.217114 -0.436343
v -0.201961 0.246440 -0.434024
v -0.213422 0.390654 -0.568309
v -0.204850 0.174317 -0.470628
v -0.220622 0.205535 -0.474303
v -0.186862 0.153845 -0.568389
v -0.165223 0.246859 -0.632227
v -0.220860 0.281348 -0.631495
v -0.153893 0.319793 -0.616369
v -0.212655 0.166070 -0.591118
v -0.211992 0.271112 -0.615738
v -0.220862 0.127037 -0.573570
v -0.177156 0.186834 -0.475579
v -0.162240 0.384389 -0.585269
v -0.200491 0.378694 -0.562540
v -0.163047 0.199139 -0.455502
v -0.198695 0.151474 -0.535387
v -0.194771 0.133395 -0.593073
v -0.166713 0.143933 -0.590236
v -0.125433 0.184354 -0.595693
v -0.196738 0.184010 -0.478658
v -0.186149 0.138444 -0.531530
v -0.163849 0.194590 -0.467217
v -0.180399 0.116768 -0.567144
v -0.174010 0.283848 -0.619215
v -0.126255 0.362347 -0.596150
v -0.141442 0.419746 -0.560324
v -0.151508 0.135164 -0.568022
v -0.121280 0.160658 -0.555874
v -0.144836 0.175868 -0.481235
v -0.118504 0.206156 -0.473115
v -0.098092 0.285737 -0.611794
v -0.130155 0.183399 -0.502389
v -0.133295 0.162522 -0.522517
v -0.100054 0.209278 -0.591127
v -0.138037 0.254869 -0.625484
v -0.124069 0.237152 -0.622133
v -0.117432 0.180990 -0.498420
v -0.086515 0.189015 -0.533004
v -0.096507 0.208525 -0.568409
v -0.112339 0.147140 -0.552720
v -0.077099 0.214276 -0.523212
v -0.085574 0.211216 -0.504383
v -0.085905 0.207629 -0.515893
v -0.081685 0.188917 -0.516015
v -0.057123 0.204204 -0.510806
v -0.256179 0.285144 -0.474425
v -0.241923 0.206319 -0.484841
v -0.155220 0.154324 -0.510846
v -0.150109 0.272878 -0.627374
v -0.116017 0.229368 -0.610657
vn -0.9955 0.0005 0.0950
vn -0.9045 -0.2563 0.3409
vn -0.8803 -0.4296 0.2013
vn -0.9113 -0.1984 -0.3608
vn -0.9282 -0.3594 0.0965
vn -0.9352 -0.3103 -0.1704
vn -0.9937 -0.0598 0.0948
vn -0.3570 -0.5874 0.7263
vn -0.9690 -0.1243 0.2136
vn -0.8568 -0.1957 0.4770
vn -0.9959 0.0748 0.0517
vn -0.9279 0.3549 0.1147
vn -0.5557 -0.6820 -0.4754
vn -0.9616 -0.1941 0.1939
vn -0.9284 0.1795 -0.3253
vn -0.7594 -0.1696 0.6281
vn -0.9410 0.2611 0.2154
vn -0.9538 -0.0842 -0.2884
vn -0.8433 -0.5350 -0.0508
vn -0.9481 -0.0432 0.3150
vn -0.8138 0.5806 0.0242
vn -0.7434 0.6277 -0.2310
vn -0.9842 -0.1598 0.0769
vn 0.0898 -0.5309 -0.8427
vn -0.2339 -0.1523 -0.9603
vn -0.9794 -0.1835 0.0842
vn -0.2609 -0.9314 -0.2539
vn 0.4245 -0.4713 -0.7731
vn -0.6946 -0.0257 0.7189
vn -0.5851 0.5929 -0.5534
vn -0.0107 -0.9998 -0.0180
vn -0.4976 -0.8273 0.2606
vn -0.6269 -0.3114 -0.7142
vn -0.6235 -0.5398 -0.5656
vn -0.3713 0.1531 -0.9158
vn -0.5592 -0.2883 -0.7773
vn 0.0394 0.0911 -0.9951
vn -0.4809 -0.2755 0.8324
vn -0.4408 0.7203 -0.5356
vn -0.1934 -0.2977 -0.9349
vn -0.4648 -0.5129 0.7217
vn -0.7469 -0.4905 0.4490
vn -0.4184 -0.3065 0.8550
vn -0.6610 -0.4497 -0.6008
vn -0.5519 0.7940 0.2548
vn 0.5758 -0.6334 -0.5170
vn -0.2803 -0.0717 0.9572
vn -0.7008 0.1090 -0.7050
vn -0.5027 0.4696 0.7258
vn -0.8677 -0.2729 0.4156
vn -0.1339 -0.4848 0.8643
vn 0.1236 -0.7446 -0.6559
vn -0.7087 -0.7003 -0.0856
vn -0.3341 -0.4570 -0.8244
vn -0.9136 -0.3866 -0.1263
vn -0.9383 0.0513 -0.3421
vn -0.7087 -0.6000 -0.3710
vn -0.8049 0.5903 0.0610
vn -0.7449 0.6668 0.0219
vn -0.8667 -0.2801 -0.4127
vn -0.8921 -0.4353 0.1209
vn -0.0276 -0.9987 -0.0419
vn -0.8927 -0.4442 0.0756
vn 0.1663 0.3539 0.9204
vn -0.3076 -0.2064 0.9289
vn -0.1293 -0.4422 0.8875
vn -0.6947 -0.7154 0.0740
vn -0.2477 -0.9678 -0.0446
vn -0.0992 0.9898 0.1027
vn -0.5951 0.6657 0.4503
vn -0.5941 -0.4073 0.6937
vn -0.9669 0.1061 -0.2321
vn 0.4657 -0.4425 -0.7664
vn -0.1910 -0.9811 -0.0311
vn -0.1882 -0.7874 0.5870
vn -0.6212 0.2859 0.7296
vn -0.1881 -0.9821 -0.0031
vn -0.9562 0.2927 0.0065
vn -0.2911 -0.3688 -0.8828
vn -0.7767 0.0554 0.6274
vn 0.1436 0.2335 -0.9617
vn -0.8279 -0.5568 -0.0675
vn -0.8596 0.2323 -0.4550
vn -0.4460 -0.8794 -0.1665
vn -0.7039 -0.4196 0.5731
vn 0.5168 -0.5761 0.6332
vn -0.2304 -0.7908 -0.5671
vn -0.3644 -0.2230 0.9041
vn -0.1369 -0.5915 -0.7946
vn -0.3219 0.3002 -0.8979
vn -0.4470 -0.3507 0.8229
vn 0.8839 0.0029 0.4677
vn -0.8480 0.2993 0.4373
vn -0.8374 0.3317 0.4344
vn -0.9561 0.0363 -0.2906
vn 0.8729 -0.3791 0.3071
vn 0.2079 -0.7213 -0.6607
vn -0.2977 -0.3658 0.8818
vn -0.9801 0.1519 0.1278
vn -0.3075 -0.6621 -0.6834
vn -0.4170 -0.4548 0.7869
vn -0.4506 -0.2560 -0.8552
vn -0.7690 -0.4212 -0.4808
vn -0.4936 0.8186 -0.2937
vn -0.4394 0.2903 0.8501
vn 0.4096 -0.5299 0.7426
vn 0.5345 -0.6542 0.5351
vn 0.0398 -0.9992 -0.0093
vn -0.4794 -0.2797 0.8318
vn -0.5022 0.8577 0.1103
vn 0.0827 0.9103 -0.4057
vn -0.9415 0.3340 0.0446
vn -0.4436 0.8675 -0.2249
vn -0.5783 0.7918 -0.1965
vn -0.2864 -0.6287 -0.7230
vn -0.5500 0.5306 -0.6450
vn 0.2365 -0.7841 0.5738
vn -0.4719 0.1701 0.8651
vn -0.6159 0.6430 -0.4552
vn -0.5098 0.6829 0.5232
vn -0.9560 -0.2911 -0.0369
vn -0.6255 -0.2234 0.7475
vn 0.1977 -0.4818 -0.8537
vn -0.1020 -0.6961 0.7107
vn -0.6982 -0.2751 0.6609
vn -0.5439 -0.5179 -0.6602
vn -0.3963 0.9145 0.0811
vn 0.1334 -0.7204 0.6807
vn -0.0238 -0.9990 0.0388
vn 0.7760 0.6278 0.0609
vn -0.1262 -0.8733 0.4705
vn -0.8407 -0.5019 -0.2035
vn -0.5268 0.8062 -0.2692
vn -0.4266 0.8894 0.1644
vn -0.3229 0.5593 0.7635
vn -0.4086 -0.4020 -0.8194
vn -0.4736 0.2395 0.8476
vn -0.2741 -0.7990 0.5352
vn 0.5238 -0.2145 0.8244
vn -0.7572 -0.6517 -0.0449
vn -0.9794 0.1999 0.0301
vn -0.8940 0.2284 0.3856
vn -0.4956 -0.2567 0.8297
vn -0.4704 -0.0510 0.8810
vn -0.6166 -0.4221 0.6646
vn -0.8850 0.2907 -0.3637
vn -0.9372 0.3107 -0.1585
vn -0.4822 -0.3826 -0.7881
vn -0.5899 -0.5534 -0.5880
vn -0.1593 -0.5229 -0.8374
vn -0.9829 0.0228 -0.1826
vn -0.4344 0.5221 0.7340
vn 0.1337 -0.9161 0.3780
vn -0.9335 -0.1495 -0.3259
vn -0.8234 -0.5255 0.2142
vn -0.2361 0.5821 -0.7781
vn -0.3223 0.3818 0.8662
vn -0.3019 -0.9198 -0.2507
vn 0.1375 -0.5827 0.8010
vn -0.9471 -0.0446 0.3179
vn -0.1489 0.7776 -0.6109
vn -0.9811 -0.1203 0.1513
vn 0.8162 0.5404 -0.2045
vn -0.3571 0.2908 -0.8876
vn -0.4914 0.4727 0.7315
vn -0.9965 0.0683 -0.0490
vn -0.9581 0.2854 -0.0254
vn -0.7509 -0.6015 -0.2727
vn -0.4347 0.8996 0.0429
vn 0.1150 -0.9818 -0.1510
vn -0.4197 0.0181 -0.9075
vn 0.0100 -0.0999 0.9949
vn -0.4545 0.5756 -0.6798
vn -0.4289 -0.7133 -0.5543
vn -0.0370 0.0178 -0.9992
vn -0.1945 -0.9806 0.0239
vn -0.5527 0.4316 0.7129
vn -0.9867 -0.1456 0.0719
vn -0.9776 0.1318 -0.1642
vn -0.0705 -0.4000 0.9138
vn 0.1055 0.3837 -0.9174
vn -0.1439 -0.8274 0.5429
vn -0.9597 0.2043 -0.1927
vn -0.8759 -0.1566 -0.4565
vn -0.4483 -0.2870 0.8465
vn -0.2575 0.4198 -0.8703
vn -0.9039 0.3462 -0.2512
vn 0.5024 0.0135 0.8645
vn -0.9911 -0.0695 0.1135
vn -0.9581 0.2703 -0.0943
vn -0.9070 -0.4211 0.0013
vn -0.9516 0.2678 -0.1507
vn -0.9344 0.3334 -0.1254
vn 0.5732 0.0585 0.8173
vn -0.9182 0.2410 -0.3143
vn -0.1755 -0.2828 0.9430
vn -0.5034 0.1042 -0.8577
vn -0.4314 -0.1033 -0.8962
vn -0.9358 -0.1232 0.3302
vn -0.2639 0.0659 -0.9623
vn -0.0613 -0.3158 -0.9468
vn -0.8285 0.4739 0.2983
vn -0.2470 -0.8670 0.4327
vn -0.7696 -0.4137 0.4865
vn 0.8860 -0.4495 0.1139
vn -0.0292 -0.3648 -0.9306
vn 0.0371 0.5427 0.8391
vn -0.5469 0.8196 -0.1705
vn -0.9414 0.2739 -0.1967
vn -0.8481 0.3990 -0.3486
vn -0.9734 0.2276 -0.0266
vn -0.0156 0.0670 -0.9976
vn 0.0287 -0.9462 0.3223
vn -0.7585 -0.2577 0.5986
vn -0.6854 0.7268 -0.0454
vn -0.4357 0.8986 -0.0512
vn -0.9592 -0.2135 -0.1852
vn -0.9197 -0.2450 0.3069
vn -0.9921 -0.0053 0.1251
vn 0.0009 0.9974 0.0722
vn -0.0575 -0.6964 -0.7153
vn -0.7172 -0.4923 0.4932
vn -0.2825 0.1045 0.9536
vn -0.9554 -0.1434 -0.2580
vn -0.5927 0.8023 -0.0707
vn -0.0688 0.3919 -0.9174
vn -0.2430 -0.2631 -0.9337
vn -0.8094 -0.1261 -0.5736
vn -0.9491 -0.2360 -0.2086
vn -0.9564 -0.2855 0.0618
vn -0.7959 -0.2544 0.5494
vn -0.9315 0.1434 -0.3342
vn -0.9882 -0.0225 -0.1514
vn -0.2063 -0.9766 -0.0613
vn 0.1779 -0.8751 0.4499
vn -0.9551 -0.2195 0.1990
vn -0.9763 0.1411 0.1642
vn -0.9819 0.1453 0.1215
vn -0.9464 0.3230 0.0049
vn -0.5838 0.6562 -0.4781
vn -0.9817 0.1429 0.1257
vn -0.9805 -0.1523 -0.1245
vn -0.2872 -0.1580 -0.9448
vn -0.5595 0.3664 -0.7435
vn 0.1136 0.6011 -0.7911
vn -0.1724 0.6335 -0.7543
vn -0.9191 0.0062 0.3939
vn -0.9403 -0.2680 0.2099
vn 0.0884 -0.1105 -0.9899
vn -0.7450 -0.6631 -0.0731
vn -0.8900 -0.0451 0.4537
vn -0.7883 -0.2844 0.5457
vn -0.3268 0.6901 0.6457
vn -0.9537 0.2552 0.1590
vn -0.6339 -0.7722 -0.0434
vn -0.7675 0.5762 0.2811
vn -0.8470 0.3337 -0.4138
vn -0.6523 -0.6773 -0.3401
vn -0.9891 -0.1182 0.0880
vn -0.9750 0.0700 0.2110
vn -0.4923 -0.5456 -0.6782
vn 0.4415 -0.7184 -0.5376
vn -0.4468 0.5544 -0.7021
vn -0.7619 0.3034 -0.5723
vn 0.5267 -0.7973 -0.2947
vn 0.2873 -0.5398 -0.7913
vn -0.2876 -0.0665 -0.9554
vn -0.5309 -0.8076 -0.2568
vn -0.9495 0.2893 0.1214
vn -0.9330 -0.3519 0.0751
vn 0.1864 -0.6050 0.7741
vn -0.5576 -0.3026 0.7729
vn -0.3246 -0.9209 0.2160
vn 0.7595 0.5535 0.3418
vn -0.9304 -0.0378 -0.3646
vn -0.9175 -0.0891 0.3877
vn 0.2581 -0.6947 0.6714
vn -0.4483 0.8526 -0.2685
vn -0.9729 0.1765 0.1496
vn -0.6143 -0.0845 -0.7845
vn -0.7780 -0.1550 0.6088
vn -0.8878 -0.4030 0.2223
vn -0.8661 0.4763 -0.1518
vn -0.0352 -0.2815 -0.9589
vn -0.1306 -0.2346 -0.9633
vn -0.8216 0.4199 0.3857
vn 0.5351 0.8366 0.1173
vn 0.0864 -0.4018 0.9116
vn -0.8663 0.3934 -0.3079
vn 0.0267 -0.3368 -0.9412
vn 0.2275 -0.3370 -0.9136
vn -0.6973 0.0860 -0.7116
vn -0.8154 -0.5599 -0.1473
vn -0.9564 -0.0666 -0.2842
vn -0.8915 0.2213 0.3952
vn -0.7260 0.1728 0.6656
vn -0.4873 0.8183 0.3048
vn -0.7738 -0.4574 0.4382
vn -0.5727 0.7089 0.4118
vn -0.0545 -0.9919 0.1148
vn -0.1409 0.7276 0.6714
vn -0.7335 -0.5036 0.4564
vn 0.4870 -0.3735 0.7895
vn 0.7569 -0.4414 -0.4819
vn -0.8477 0.0128 -0.5303
vn -0.9176 0.2427 0.3148
vn -0.9488 0.3119 -0.0501
vn -0.5081 -0.2750 0.8162
vn -0.0815 -0.9626 -0.2582
vn -0.8789 0.2414 -0.4114
vn -0.5586 0.7904 0.2516
vn -0.7323 0.6224 -0.2764
vn -0.6929 0.6382 -0.3355
vn -0.5097 -0.8523 0.1177
vn -0.3453 -0.8958 0.2798
vn -0.8266 0.4620 0.3215
vn 0.0421 -0.9884 0.1456
vn 0.7855 -0.1376 0.6034
vn -0.0969 -0.2671 -0.9588
vn -0.9193 0.1585 -0.3602
vn -0.9977 0.0513 0.0432
vn -0.4400 -0.4415 0.7819
vn 0.0244 -0.3720 -0.9279
vn -0.8803 -0.0270 -0.4736
vn 0.0177 -0.8993 -0.4371
vn -0.9993 -0.0309 0.0196
vn -0.9447 0.0031 -0.3279
vn -0.9411 0.1220 -0.3155
vn -0.9507 -0.1965 0.2399
vn 0.0429 -0.9854 0.1645
vn -0.1205 -0.5218 0.8445
vn -0.5848 0.8109 0.0235
vn -0.8132 -0.4001 0.4225
vn -0.6688 0.5454 0.5052
vn -0.3418 0.6929 -0.6349
vn -0.9557 0.0819 0.2826
vn -0.8018 -0.1048 0.5883
vn -0.8089 -0.1384 0.5714
vn -0.9071 -0.0199 0.4205
vn -0.6651 -0.2484 0.7042
vn 0.5838 -0.4057 0.7033
vn -0.9852 -0.0589 -0.1611
vn -0.0526 -0.3879 0.9202
vn -0.7703 -0.3907 0.5041
vn -0.5448 0.4375 0.7154
vn 0.5375 -0.8125 -0.2259
vn 0.3482 -0.4931 -0.7972
vn -0.8336 0.3957 -0.3853
vn -0.3032 0.1602 -0.9394
vn 0.2576 0.4825 -0.8372
vn 0.2338 -0.0219 -0.9720
vn 0.5856 0.3943 -0.7082
vn -0.9864 0.1335 0.0955
vn 0.1726 0.5460 -0.8198
vn -0.6769 -0.7353 -0.0336
vn -0.8972 0.4403 -0.0346
vn -0.9972 -0.0000 -0.0752
vn -0.3324 0.6449 -0.6882
vn -0.8436 -0.0720 -0.5322
vn 0.0931 0.2662 0.9594
vn -0.8043 -0.5575 -0.2054
vn -0.7441 0.4952 0.4484
vn 0.0266 0.9121 0.4091
vn -0.9081 0.1615 0.3862
vn -0.8736 0.4835 0.0547
vn -0.0248 0.7873 -0.6161
vn 0.2858 -0.0900 -0.9540
vn -0.1200 -0.8279 0.5479
vn -0.4421 0.4675 -0.7655
vn 0.5755 -0.4643 0.6732
vn 0.7943 -0.4809 -0.3713
vn -0.6343 0.2811 0.7202
vn -0.5649 -0.8049 -0.1814
vn -0.6811 0.7316 -0.0304
vn -0.9346 -0.1925 -0.2990
vn -0.7618 0.4872 -0.4270
vn -0.7120 -0.3214 -0.6243
vn -0.9450 0.1886 -0.2671
vn -0.8251 0.0954 -0.5568
vn 0.1397 -0.5113 -0.8480
vn -0.2941 0.8702 -0.3953
vn -0.9994 0.0338 0.0010
vn -0.3126 -0.1892 0.9308
vn -0.6451 0.1399 -0.7512
vn -0.3056 0.0451 -0.9511
vn -0.3449 0.2684 -0.8995
vn -0.9275 0.1952 0.3187
vn -0.7797 0.0854 -0.6203
vn -0.8664 0.2388 0.4384
vn -0.5535 0.7925 -0.2561
vn -0.8575 -0.4655 0.2191
vn -0.2835 0.8427 -0.4577
vn -0.3603 0.2406 -0.9013
vn -0.7638 -0.4122 0.4967
vn -0.1591 -0.0384 -0.9865
vn -0.2624 0.2555 -0.9305
vn -0.8201 -0.5716 0.0259
vn -0.2234 0.3670 -0.9030
vn 0.0798 -0.6215 -0.7793
vn 0.6007 -0.7977 0.0535
vn -0.8101 -0.4731 0.3463
vn 0.2329 -0.7270 -0.6460
vn 0.2133 -0.7924 -0.5715
vn 0.0733 -0.8144 -0.5756
vn -0.5843 -0.1273 0.8015
vn -0.5349 -0.5361 -0.6530
vn -0.7274 0.2395 0.6431
vn -0.5877 0.7678 -0.2549
vn 0.0479 -0.1590 -0.9861
vn 0.1496 -0.7773 -0.6110
vn -0.2527 0.5316 -0.8084
vn -0.9946 0.0734 0.0728
vn -0.7801 -0.5740 -0.2489
vn 0.2252 0.9250 0.3061
vn -0.2237 0.4446 0.8674
vn -0.7643 -0.5850 -0.2713
vn -0.1195 -0.9924 0.0306
vn -0.9918 0.1079 -0.0681
vn -0.7125 0.1473 -0.6861
vn -0.1750 -0.9845 -0.0114
vn 0.2513 0.6981 -0.6705
vn -0.4281 -0.3571 0.8302
vn -0.4377 -0.5441 -0.7158
vn -0.6638 0.7203 -0.2013
vn -0.7537 0.0844 -0.6518
vn -0.4853 -0.3205 0.8135
vn -0.8418 -0.3464 0.4141
vn -0.7550 -0.1688 -0.6337
vn -0.5260 0.6251 0.5767
vn -0.4298 -0.9022 0.0370
vn -0.9643 -0.1397 -0.2249
vn -0.9923 -0.0069 0.1240
vn -0.8232 -0.0503 0.5656
vn -0.9320 -0.0266 -0.3614
vn -0.6591 -0.6323 -0.4071
vn -0.4648 -0.7504 -0.4700
vn 0.0380 -0.9991 0.0206
vn -0.2825 -0.9481 0.1460
vn -0.6655 0.6570 -0.3542
vn -0.2727 -0.8262 -0.4930
vn -0.6747 -0.4735 0.5663
vn -0.5445 0.7903 0.2811
vn -0.8091 0.1211 -0.5751
vn -0.7447 0.2167 -0.6313
vn -0.2347 -0.9615 -0.1429
vn 0.7159 -0.1991 -0.6692
vn -0.8949 0.4416 -0.0651
vn 0.0458 0.6174 -0.7853
vn 0.0969 -0.9837 0.1513
vn -0.7041 0.0963 0.7035
vn -0.7129 0.6749 0.1906
vn 0.4184 -0.7556 -0.5039
vn -0.9706 -0.2405 0.0115
vn -0.2666 0.2918 0.9186
vn -0.5460 0.6512 -0.5272
vn -0.7900 -0.5942 0.1512
vn -0.8661 -0.4991 0.0283
vn 0.0166 -0.5252 0.8508
vn -0.8995 0.2583 0.3523
vn -0.8255 0.2881 0.4853
vn -0.5731 0.7105 -0.4084
vn 0.0595 -0.9982 0.0117
vn 0.0281 -0.9301 0.3662
vn -0.0787 0.3181 0.9448
vn 0.3482 -0.5355 -0.7694
vn 0.1895 -0.5686 -0.8005
vn -0.1203 -0.1840 0.9755
vn -0.3512 0.6260 -0.6963
vn -0.7929 0.5758 -0.1994
vn 0.3062 -0.8348 0.4576
vn 0.2286 -0.8365 0.4981
vn -0.0075 -0.9876 0.1567
vn -0.6468 -0.7461 -0.1577
vn 0.6255 0.5197 -0.5820
vn -0.1985 0.2911 -0.9359
vn -0.1471 -0.8114 0.5657
vn -0.1434 -0.9693 0.1999
vn -0.6344 -0.3089 -0.7086
vn -0.6434 -0.1284 0.7547
vn -0.7112 0.0006 -0.7030
vn -0.3461 -0.7730 -0.5316
vn -0.3767 -0.1113 0.9196
vn -0.9114 -0.4088 0.0464
vn -0.8763 -0.1767 -0.4481
vn -0.8814 -0.0951 -0.4626
vn -0.7172 -0.0560 -0.6947
vn -0.7377 -0.3389 -0.5839
vn 0.1581 -0.8312 0.5330
vn 0.7794 0.4117 -0.4723
vn -0.1363 0.4450 -0.8851
vn -0.0409 0.1998 -0.9790
vn -0.4265 -0.2428 -0.8713
vn 0.4053 -0.6096 -0.6813
vn -0.8554 0.2481 -0.4548
vn 0.7300 -0.5776 -0.3655
vn -0.2168 -0.8125 0.5412
vn 0.4092 -0.2511 0.8772
vn -0.3457 0.5715 -0.7443
vn 0.0750 -0.7068 -0.7034
vn -0.0332 0.9197 -0.3911
vn 0.2465 0.1759 -0.9531
vn -0.8834 0.3798 0.2745
vn -0.5858 0.2348 0.7757
vn -0.7771 0.4424 -0.4476
vn -0.5577 0.8274 0.0661
vn -0.7204 -0.0171 0.6933
vn -0.9605 0.0780 0.2672
vn -0.4301 0.8763 0.2170
vn -0.0086 -1.0000 0.0049
vn -0.8986 -0.1083 -0.4252
vn -0.7355 -0.5854 -0.3411
vn -0.9717 0.2309 -0.0493
vn 0.0517 0.9970 0.0572
vn -0.0078 -0.8351 -0.5500
vn 0.4211 -0.6695 0.6119
vn 0.2646 -0.7290 0.6313
vn -0.4386 0.4145 0.7974
vn 0.7293 -0.6503 0.2127
vn -0.6627 -0.6742 0.3259
vn 0.3589 -0.5373 -0.7632
vn -0.2259 -0.0750 0.9713
vn -0.6614 0.3282 -0.6744
vn -0.8058 -0.0395 0.5908
vn 0.5473 -0.1438 -0.8245
vn 0.3417 -0.3658 0.8657
vn -0.6721 0.2938 0.6797
vn -0.9959 -0.0502 0.0757
vn -0.2173 0.7592 -0.6136
vn -0.1087 -0.5691 0.8151
vn 0.1557 0.2304 -0.9606
vn -0.4332 -0.3177 -0.8434
vn 0.5739 -0.2425 0.7822
vn 0.8792 0.1947 -0.4349
vn -0.5492 -0.0588 -0.8336
vn -0.6565 0.7083 -0.2594
vn -0.9616 0.2271 -0.1545
vn 0.3129 -0.7101 -0.6308
vn 0.6166 -0.6172 0.4888
vn -0.9637 -0.0503 0.2623
vn -0.8288 -0.1071 0.5492
vn -0.8079 -0.3249 0.4917
vn -0.9947 -0.0433 -0.0930
vn -0.1368 -0.4222 0.8961
vn -0.7505 0.5240 -0.4027
vn 0.1421 -0.9779 0.1537
vn -0.3626 -0.9121 0.1912
vn 0.8159 -0.4566 -0.3547
vn -0.3451 -0.2692 -0.8991
vn -0.1563 -0.8807 0.4472
vn 0.5336 0.5633 -0.6308
vn -0.2675 0.1497 -0.9519
vn -0.7709 -0.1175 0.6260
vn -0.8352 -0.0629 0.5464
vn -0.3183 0.5829 0.7476
vn -0.5700 -0.8165 0.0912
vn -0.1231 0.9609 -0.2480
vn -0.9246 0.1823 -0.3346
vn -0.3843 0.1021 -0.9175
vn -0.8555 0.4820 -0.1890
vn -0.6442 0.2478 0.7236
vn -0.8643 0.4799 0.1508
vn -0.1442 -0.9602 0.2392
vn -0.5495 -0.0368 0.8347
vn -0.7019 0.6639 0.2581
vn -0.9391 -0.3184 0.1290
vn -0.7202 0.1003 -0.6865
vn -0.8377 -0.4060 0.3653
vn -0.8667 0.1118 -0.4861
vn 0.1196 -0.2216 0.9678
vn -0.7462 -0.6385 -0.1884
vn -0.1104 0.4747 0.8732
vn -0.9270 0.3632 -0.0942
vn -0.8704 -0.3167 0.3770
vn -0.5606 -0.2153 0.7996
vn 0.1029 -0.9846 -0.1414
vn 0.8465 -0.1746 -0.5029
vn -0.7514 0.4623 -0.4708
vn -0.7162 0.6957 0.0553
vn -0.7846 -0.4848 0.3866
vn -0.5977 0.5967 -0.5355
vn -0.0880 -0.9833 -0.1590
vn -0.1755 -0.5061 0.8445
vn -0.8037 -0.0567 -0.5923
vn 0.7805 -0.1300 -0.6114
vn 0.4141 -0.4394 0.7971
vn -0.6766 -0.1751 -0.7152
vn 0.0326 -0.3421 0.9391
vn -0.4260 -0.6759 0.6014
vn -0.9134 -0.0468 -0.4043
vn 0.6996 -0.4484 -0.5562
vn -0.5813 -0.1155 -0.8054
vn -0.9734 -0.1929 -0.1237
vn -0.7521 0.5183 0.4071
vn -0.2214 -0.9752 0.0046
vn 0.5520 -0.0559 0.8320
vn -0.3889 0.0179 -0.9211
vn -0.3947 0.3859 -0.8338
vn -0.7247 -0.6848 -0.0769
vn 0.5501 -0.1557 -0.8205
vn 0.8145 -0.0924 -0.5727
vn -0.9967 -0.0177 -0.0788
vn -0.8738 -0.4223 -0.2409
vn -0.9743 -0.2135 -0.0718
vn -0.7751 0.1208 -0.6202
vn -0.4083 0.0231 0.9126
vn -0.6918 -0.1970 0.6947
vn -0.9436 0.1418 -0.2993
vn -0.6310 0.7754 0.0235
vn -0.9085 -0.3993 -0.1235
vn -0.9279 0.3067 0.2119
vn -0.4201 -0.3764 0.8258
vn 0.4132 0.8990 -0.1452
vn -0.9040 -0.4114 -0.1163
vn -0.9802 0.0473 -0.1922
vn -0.2948 -0.2683 -0.9171
vn -0.0525 -0.6671 0.7431
vn -0.6289 0.0467 -0.7760
vn -0.1198 -0.9908 -0.0635
vn -0.7681 -0.4613 -0.4442
vn -0.3971 0.4267 -0.8125
vn 0.0617 -0.0640 0.9960
vn -0.5952 0.3182 -0.7379
vn -0.8698 -0.4520 0.1977
vn -0.7239 0.0981 -0.6829
vn -0.9287 -0.1938 -0.3161
vn 0.3305 -0.2814 -0.9009
vn -0.8599 0.2270 0.4572
vn -0.0678 -0.7657 -0.6396
vn -0.7171 0.4573 0.5260
vn -0.5437 -0.8252 0.1531
vn 0.5286 -0.7100 0.4653
vn -0.6083 0.5127 -0.6059
vn -0.7319 -0.6294 -0.2611
vn -0.1313 0.9039 -0.4070
vn 0.4080 -0.8815 -0.2379
vn -0.6920 0.6218 -0.3667
vn -0.5967 0.4227 -0.6821
vn -0.7400 -0.3925 0.5462
vn -0.9635 -0.1272 -0.2354
vn -0.5078 -0.8158 -0.2767
vn -0.9615 -0.1075 0.2527
vn 0.6766 -0.4485 0.5840
vn 0.5535 -0.8123 -0.1837
vn -0.0940 -0.1598 -0.9827
vn -0.9090 -0.2196 0.3542
vn 0.7265 0.0080 -0.6871
vn 0.0408 -0.5273 -0.8487
vn 0.5106 -0.6276 -0.5877
vn 0.2093 -0.2505 -0.9452
vn -0.6616 -0.0709 0.7465
vn 0.7649 -0.2257 0.6033
vn 0.0841 -0.0260 0.9961
vn -0.7538 -0.5695 0.3278
vn -0.8873 -0.4580 -0.0552
vn 0.8801 -0.3410 0.3302
vn 0.8616 -0.4478 0.2391
vn 0.9120 -0.2807 0.2990
vn -0.2881 -0.7226 0.6283
vn 0.2218 0.5833 0.7814
vn -0.8753 0.3718 -0.3092
vn -0.4833 -0.1272 -0.8662
vn -0.4275 -0.0622 -0.9019
vn -0.9494 0.0635 0.3074
vn 0.5357 0.5697 0.6232
vn 0.6653 -0.2250 -0.7119
vn -0.7358 -0.0983 -0.6700
vn 0.1123 0.1596 -0.9808
vn -0.5660 0.6761 -0.4717
vn -0.8752 0.3767 -0.3035
vn 0.7676 -0.2252 -0.6001
vn -0.9254 0.3507 0.1437
vn -0.8937 -0.1780 0.4117
vn 0.7096 0.5967 -0.3747
vn -0.9844 -0.0330 -0.1729
vn 0.8705 -0.1472 0.4697
vn -0.9039 0.4184 0.0895
vn -0.7770 -0.1865 -0.6012
vn -0.8778 0.1579 -0.4523
vn -0.9991 -0.0242 0.0352
vn -0.7521 -0.1320 0.6457
vn -0.8308 -0.1315 -0.5408
vn -0.7244 0.0632 0.6865
vn -0.1703 -0.4266 -0.8882
vn -0.7428 0.5418 -0.3935
vn -0.4956 -0.0174 0.8684
vn -0.7816 0.6231 -0.0282
vn -0.6369 -0.4297 -0.6400
vn -0.9471 -0.2610 -0.1869
vn -0.1538 0.0052 0.9881
vn -0.6227 0.6115 0.4881
vn -0.9172 0.2764 -0.2868
vn -0.6909 0.5195 -0.5027
vn -0.5299 -0.5530 0.6430
vn -0.8526 0.4927 0.1740
vn -0.3091 0.0188 0.9508
vn -0.9333 0.2717 0.2347
vn -0.1892 -0.3716 -0.9089
vn 0.5012 -0.0219 -0.8651
vn -0.7173 -0.0156 -0.6966
vn -0.8354 0.4540 0.3097
vn -0.9195 0.3923 -0.0252
vn -0.5159 0.0029 -0.8567
vn -0.1704 -0.9687 -0.1807
vn -0.6417 -0.7418 0.1945
vn -0.9006 0.0658 0.4296
vn 0.3689 -0.2442 0.8968
vn -0.9531 0.2913 -0.0820
vn -0.6567 -0.2463 -0.7128
vn -0.6872 0.4796 -0.5457
vn -0.9680 0.1620 0.1918
vn -0.9210 0.3665 0.1320
vn -0.3389 -0.0519 -0.9394
vn -0.9454 0.0019 0.3260
vn -0.8778 -0.3964 -0.2691
vn 0.2786 -0.6841 0.6741
vn -0.7253 0.1173 0.6784
vn -0.8100 0.5450 -0.2164
vn -0.9036 0.3545 -0.2406
vn -0.6601 0.7084 -0.2497
vn -0.8295 0.5242 -0.1926
vn -0.1058 0.1080 -0.9885
vn 0.8551 -0.4784 -0.1997
vn -0.9314 0.2895 0.2208
vn -0.6920 0.7103 0.1287
vn 0.9942 0.0986 -0.0439
vn -0.9790 0.1995 -0.0413
vn -0.6738 0.0009 0.7389
vn -0.0993 -0.2609 0.9603
vn 0.2083 -0.5959 0.7756
vn -0.1804 -0.9223 0.3417
vn -0.2403 0.8677 0.4351
vn -0.9732 -0.2292 0.0187
vn -0.6668 -0.2496 -0.7022
vn -0.0815 0.3096 -0.9474
vn -0.0592 -0.0397 -0.9975
vn -0.0222 -0.9259 0.3771
vn -0.5899 -0.7787 -0.2135
vn -0.6077 -0.7012 0.3729
vn -0.3857 0.3982 -0.8323
vn 0.1516 0.0721 -0.9858
vn -0.8074 -0.3299 0.4892
vn -0.9829 -0.0918 -0.1596
vn -0.5569 0.8302 0.0272
vn -0.9538 -0.3004 -0.0006
vn -0.6494 -0.1054 -0.7531
vn -0.6881 -0.0777 -0.7214
vn 0.9745 0.2233 0.0236
vn -0.7998 -0.5287 0.2841
vn 0.4737 -0.8795 0.0458
vn 0.7102 -0.3779 -0.5940
vn -0.2471 -0.3112 0.9177
vn -0.8214 0.1651 0.5460
vn -0.8397 -0.0104 -0.5429
vn -0.4474 -0.7566 -0.4769
vn -0.6904 0.7217 0.0510
vn -0.9453 0.2576 0.2003
vn -0.4541 -0.6771 -0.5791
vn 0.0014 -0.2913 0.9566
vn 0.5614 -0.3739 -0.7383
vn -0.8143 0.5759 -0.0724
vn -0.7696 0.1149 0.6281
vn -0.9417 0.2914 0.1682
vn 0.3864 0.5226 -0.7600
vn 0.1174 -0.9114 -0.3944
vn -0.3571 -0.0990 -0.9288
vn -0.8307 0.2337 0.5054
vn -0.7823 -0.4927 0.3811
vn 0.3839 -0.9184 0.0956
vn -0.3448 -0.5214 -0.7805
vn -0.5638 -0.2998 0.7696
vn 0.3729 0.4625 0.8044
vn 0.5436 0.4022 -0.7367
vn 0.1422 0.6229 -0.7693
vn -0.1076 0.8429 -0.5272
vn -0.3755 -0.7778 0.5040
vn -0.9233 -0.3785 -0.0648
vn 0.7421 -0.6687 0.0471
vn -0.7398 0.5814 0.3387
vn -0.9575 0.2883 0.0100
vn -0.9615 0.2533 -0.1067
vn -0.9516 0.3067 0.0186
vn -0.6387 -0.7098 0.2969
vn 0.8304 -0.5485 0.0983
vn -0.9275 0.0310 0.3724
vn 0.2329 0.2904 -0.9281
vn -0.8309 0.5485 0.0934
vn -0.8499 -0.0811 0.5206
vn -0.8496 -0.1329 0.5105
vn -0.7333 -0.3722 0.5689
vn -0.8032 -0.3618 -0.4733
vn -0.3790 0.9254 -0.0017
vn 0.3941 -0.7635 -0.5117
vn -0.7005 0.5566 -0.4467
vn 0.2592 0.4938 -0.8301
vn -0.7081 -0.2750 -0.6504
vn 0.4114 0.1102 -0.9048
vn -0.8681 0.1107 0.4839
vn -0.6431 0.2656 0.7183
vn -0.9179 -0.2967 0.2634
vn -0.7083 0.6621 0.2450
vn -0.2090 -0.3974 0.8935
vn -0.4848 0.3386 -0.8064
vn -0.0626 -0.6705 -0.7392
vn 0.4055 -0.7443 0.5307
vn 0.3715 0.5103 -0.7756
vn 0.4029 -0.9139 -0.0506
vn -0.5467 -0.3601 0.7560
vn -0.5736 -0.0121 -0.8191
vn -0.0446 -0.0992 -0.9941
vn -0.3320 0.0822 -0.9397
vn -0.2194 0.0035 0.9756
vn -0.9673 -0.2536 -0.0012
vn -0.7294 -0.0127 0.6840
vn -0.6480 0.0412 0.7605
vn -0.1537 -0.4769 -0.8654
vn -0.2949 -0.7987 -0.5245
vn 0.1131 -0.9837 -0.1399
vn 0.4141 -0.3862 0.8242
vn -0.3970 0.5375 0.7440
vn 0.1237 -0.6761 -0.7264
vn 0.0165 -0.5345 -0.8450
vn -0.9320 -0.2762 -0.2346
vn -0.7052 -0.6037 -0.3719
vn -0.2529 0.2370 -0.9380
vn -0.6525 0.7534 0.0814
vn -0.6616 0.1877 -0.7260
vn -0.5011 -0.5695 -0.6516
vn -0.8145 0.5786 0.0420
vn -0.1529 -0.4341 -0.8878
vn -0.2398 -0.8810 -0.4079
vn -0.6108 0.2965 0.7342
vn -0.3796 0.1399 0.9145
vn -0.4131 -0.3012 0.8594
vn -0.7795 -0.5347 0.3264
vn -0.3879 -0.8782 0.2797
vn -0.9518 0.2290 -0.2043
vn -0.9673 0.0746 -0.2422
vn -0.9459 -0.2655 -0.1863
vn -0.3235 0.1883 -0.9273
vn -0.6508 -0.1542 -0.7434
vn -0.2041 0.7822 0.5887
vn -0.9690 -0.1583 -0.1897
vn -0.5574 -0.7161 0.4202
vn 0.7711 -0.1619 -0.6158
vn 0.5417 -0.0023 -0.8406
vn 0.3591 0.2650 -0.8949
vn 0.4510 0.6435 -0.6185
vn 0.9015 -0.4325 -0.0151
vn -0.7923 0.5958 -0.1316
vn -0.8073 0.5754 0.1309
vn -0.6541 0.5133 0.5555
vn 0.9714 -0.1439 -0.1888
vn -0.9681 -0.0816 -0.2367
vn -0.4156 -0.8581 0.3016
vn -0.2041 -0.7827 0.5881
vn -0.8859 -0.1531 0.4379
vn -0.9305 -0.1445 -0.3366
vn -0.2245 -0.4066 0.8856
vn 0.5319 -0.8331 -0.1515
vn -0.8540 0.2082 -0.4767
vn -0.9127 0.3896 -0.1229
vn -0.8047 0.3564 -0.4748
vn -0.8083 -0.0189 0.5885
vn -0.3996 -0.1857 0.8977
vn -0.2598 -0.0871 0.9617
vn -0.8767 -0.1317 0.4627
vn -0.8675 0.2490 0.4306
vn -0.0721 0.6045 -0.7934
vn -0.1917 0.0942 0.9769
vn 0.3116 -0.9344 -0.1726
vn -0.7393 0.3932 -0.5467
vn -0.4015 -0.8875 0.2260
vn -0.4835 -0.4144 0.7710
vn 0.6036 -0.4371 -0.6669
vn -0.5393 0.7269 -0.4251
vn -0.4820 0.3812 0.7889
vn -0.8793 -0.2628 0.3972
vn -0.9362 -0.0560 -0.3471
vn 0.1397 -0.8294 -0.5409
vn -0.3372 0.9414 0.0072
vn -0.5474 -0.7044 -0.4518
vn -0.8461 0.4954 -0.1968
vn -0.9628 0.2024 -0.1789
vn -0.8833 0.2483 -0.3977
vn -0.9440 0.0464 0.3266
vn -0.1310 0.6419 -0.7555
vn -0.6309 0.5775 -0.5182
vn 0.9184 -0.1125 -0.3792
vn -0.8958 -0.4330 0.1008
vn 0.2971 0.2672 -0.9167
vn -0.9892 -0.0455 -0.1395
vn 0.1476 -0.8876 0.4364
vn 0.0965 -0.5974 -0.7961
vn -0.7632 0.4552 -0.4586
vn -0.9712 0.1620 0.1748
vn -0.9887 0.0053 0.1498
vn -0.9711 -0.1065 -0.2136
vn -0.5058 -0.8491 0.1522
vn -0.0338 0.0682 0.9971
vn 0.0705 0.3502 0.9340
vn -0.0162 -0.8931 0.4495
vn -0.9210 0.3868 0.0465
vn -0.7489 0.6269 0.2147
vn -0.7828 0.3031 -0.5434
vn -0.8927 -0.4470 -0.0567
vn -0.9708 -0.2196 0.0963
vn -0.9399 0.1058 0.3248
vn -0.0506 -0.3941 -0.9177
vn -0.7178 -0.0591 -0.6938
vn -0.6605 0.1371 -0.7382
vn 0.6530 -0.7528 0.0828
vn -0.9608 -0.1839 -0.2075
vn -0.8563 -0.3496 0.3803
vn 0.4064 -0.8570 -0.3168
vn 0.6790 0.7095 -0.1888
vn -0.2540 0.8740 -0.4142
vn -0.2533 0.0267 0.9670
vn -0.9290 0.3238 0.1794
vn -0.8107 0.5854 -0.0098
vn 0.3389 -0.9206 0.1941
vn 0.6644 0.0369 -0.7465
vn -0.9812 0.0732 -0.1787
vn -0.6092 0.5494 -0.5719
vn 0.2261 -0.8231 0.5209
vn -0.2529 -0.8243 -0.5065
vn 0.0240 -0.9619 -0.2722
vn -0.3074 -0.8720 -0.3810
vn -0.0423 0.1544 0.9871
vn -0.9413 0.1122 0.3184
vn -0.6111 -0.7650 0.2033
vn 0.5758 -0.4086 -0.7082
vn 0.4062 -0.4307 -0.8059
vn -0.1985 -0.3092 -0.9300
vn 0.0328 0.0618 -0.9976
vn 0.0059 -0.0431 -0.9991
vn -0.9075 -0.3961 0.1400
vn -0.5768 -0.1248 -0.8073
vn 0.1966 -0.2620 0.9448
vn -0.6067 0.3857 -0.6951
vn -0.8452 -0.1520 0.5123
vn -0.2076 -0.5854 -0.7837
vn -0.5745 0.8153 -0.0722
vn -0.7335 0.5274 -0.4287
vn 0.0683 -0.0092 -0.9976
vn -0.6919 -0.4516 0.5633
vn -0.9230 0.3569 -0.1437
vn -0.4865 0.1861 -0.8536
vn -0.6975 0.6590 0.2815
vn -0.0938 -0.6345 -0.7672
vn -0.2501 -0.4817 0.8399
vn -0.8079 -0.5064 0.3015
vn -0.5625 0.5806 0.5886
vn -0.5904 0.1216 0.7979
vn -0.8918 -0.0897 0.4435
vn -0.7622 -0.6288 -0.1537
vn -0.4967 -0.6683 0.5538
vn -0.6495 -0.7597 0.0322
vn 0.0294 -0.2999 0.9535
vn -0.7339 0.6564 -0.1747
vn -0.5589 -0.7791 0.2841
vn -0.5298 -0.5668 0.6309
vn -0.8872 -0.0090 0.4613
vn -0.9711 -0.2353 0.0395
vn -0.0755 -0.4130 0.9076
vn -0.9661 -0.0213 -0.2574
vn -0.7010 -0.5440 0.4612
vn -0.7106 -0.6758 0.1957
vn 0.1709 -0.5546 -0.8144
vn -0.6196 0.7814 -0.0739
vn 0.2263 -0.7641 -0.6041
vn 0.4115 -0.0120 0.9113
vn 0.8742 -0.0133 -0.4853
vn -0.4578 -0.8818 0.1132
vn -0.3441 0.0740 -0.9360
vn -0.2977 0.0279 -0.9543
vn 0.6199 -0.5225 0.5854
vn -0.2582 -0.4434 -0.8583
vn 0.7458 -0.3930 -0.5379
vn -0.4374 0.8527 0.2857
vn 0.1352 0.7214 -0.6792
vn 0.1732 0.1838 -0.9676
vn -0.4457 -0.6000 -0.6643
vn -0.6839 -0.1324 0.7174
vn -0.3731 0.7210 -0.5839
vn 0.0244 0.2739 -0.9615
vn 0.2139 -0.0091 -0.9768
vn -0.6245 0.7787 0.0601
vn -0.8984 0.0985 0.4281
vn 0.1497 0.9530 0.2633
vn -0.1025 0.5985 -0.7945
vn -0.8626 0.4924 0.1160
vn -0.9511 0.0474 -0.3051
vn -0.5290 -0.5827 -0.6170
vn -0.9766 0.2118 0.0373
vn -0.6735 -0.7390 0.0189
vn 0.0736 0.2162 -0.9736
vn -0.1442 -0.4677 -0.8721
vn -0.2055 -0.5078 0.8366
vn -0.9273 -0.3359 0.1653
vn -0.6508 -0.6585 -0.3780
vn -0.8710 -0.4743 -0.1281
vn -0.3671 0.3300 -0.8697
vn -0.0209 0.7146 0.6992
vn 0.1381 -0.2038 -0.9692
vn -0.4277 -0.6240 -0.6540
vn 0.0947 -0.1853 0.9781
vn -0.7750 -0.0405 0.6307
vn -0.5159 -0.2639 0.8150
vn -0.9838 0.1225 0.1308
vn -0.5937 -0.2708 -0.7577
vn -0.6865 -0.7079 -0.1664
vn -0.9101 0.3745 0.1777
vn -0.9437 0.0086 -0.3306
vn 0.9050 -0.2542 -0.3411
vn -0.9380 -0.3385 -0.0742
vn -0.8529 0.4094 0.3240
vn -0.8758 0.0323 -0.4817
vn -0.0156 0.2525 0.9675
vn -0.1480 -0.9571 -0.2489
vn -0.9979 -0.0180 0.0621
vn -0.2803 0.2316 0.9316
vn -0.3430 0.4796 0.8076
vn -0.7773 0.3006 -0.5527
vn 0.3176 -0.5077 -0.8009
vn -0.5766 0.7499 -0.3243
vn -0.8102 0.4307 -0.3975
vn -0.2738 0.3525 0.8949
vn 0.7240 -0.6470 0.2392
vn -0.2286 -0.9531 0.1985
vn -0.4853 0.7042 -0.5183
vn -0.8369 0.3114 0.4501
vn -0.8485 -0.1559 0.5057
vn -0.9506 0.1968 -0.2399
vn 0.7403 0.6203 0.2592
vn 0.4957 -0.6122 0.6160
vn -0.8997 -0.3718 0.2285
vn -0.2118 -0.9745 -0.0735
vn -0.9874 -0.0528 -0.1493
vn -0.2044 -0.9763 -0.0715
vn 0.1564 0.5315 0.8325
vn 0.2829 0.1695 -0.9440
vn 0.0081 -0.9452 -0.3263
vn 0.0326 -0.9851 -0.1691
vn -0.7486 -0.1826 0.6374
vn -0.5764 -0.3756 0.7257
vn -0.5334 0.4374 -0.7240
vn 0.5077 -0.6080 0.6105
vn -0.4446 -0.7211 0.5314
vn -0.1333 -0.9116 -0.3889
vn 0.0148 -0.9314 -0.3638
vn -0.0919 0.6225 -0.7772
vn -0.5791 -0.7579 0.3005
vn -0.1732 -0.0620 -0.9829
vn -0.9008 0.3831 -0.2045
vn -0.8947 0.4360 0.0969
vn -0.2679 0.8286 -0.4916
vn -0.0570 -0.9853 0.1611
vn 0.3807 -0.3155 -0.8692
vn -0.7778 0.5351 0.3297
vn 0.6679 -0.5182 -0.5342
vn -0.4150 0.7265 0.5477
vn -0.9659 0.2315 0.1162
vn -0.1818 -0.9009 -0.3941
vn -0.2483 -0.2621 -0.9325
vn -0.7380 -0.3218 0.5931
vn -0.2672 0.7589 -0.5939
vn -0.8721 0.0695 0.4844
vn -0.4257 -0.2964 0.8549
vn -0.3852 0.1158 -0.9155
vn -0.9346 0.2926 -0.2022
vn -0.2728 -0.1590 -0.9488
vn -0.1067 -0.5635 0.8192
vn -0.0076 0.0417 -0.9991
vn -0.8484 0.5281 0.0372
vn -0.6760 0.7369 0.0040
vn -0.5251 0.3688 -0.7670
vn 0.0702 0.6791 0.7307
vn 0.2381 -0.6335 0.7362
vn -0.9103 -0.0643 0.4090
vn -0.7404 0.2819 0.6102
vn 0.2663 0.5852 -0.7659
vn -0.6410 0.2534 -0.7245
vn -0.5833 -0.5322 -0.6137
vn -0.9065 0.0097 -0.4221
vn -0.6592 0.7476 -0.0811
vn -0.9322 0.3596 -0.0418
vn -0.7282 -0.6546 -0.2030
vn 0.9365 -0.2868 0.2019
vn -0.9806 -0.0000 0.1958
vn 0.3686 -0.6630 -0.6516
vn -0.7060 0.6872 0.1713
vn -0.9916 0.1084 0.0705
vn -0.8239 0.5562 0.1088
vn 0.3029 -0.2647 0.9155
vn -0.9386 0.2362 0.2516
vn 0.6830 0.7081 0.1792
vn 0.9019 -0.3624 -0.2350
vn -0.6168 0.1747 0.7675
vn -0.1018 -0.3173 0.9429
vn -0.9759 0.1832 -0.1181
vn -0.5930 0.7907 0.1523
vn -0.7069 0.6618 0.2497
vn -0.7913 -0.6073 0.0711
vn 0.2639 0.5358 -0.8021
vn 0.1268 -0.6382 0.7594
vn -0.3647 -0.1216 0.9231
vn -0.3725 0.0493 0.9267
vn -0.8954 0.0527 0.4421
vn -0.8955 0.0527 0.4420
vn -0.8518 0.3350 0.4029
vn -0.5816 -0.5198 -0.6257
vn -0.8894 0.4520 -0.0689
vn 0.0205 -0.8189 0.5736
vn -0.6597 0.1059 -0.7440
vn -0.4458 0.3918 -0.8048
vn 0.7408 -0.5932 0.3150
vn 0.0013 -0.5361 0.8442
vn 0.0151 -0.3313 0.9434
vn 0.7099 -0.2764 -0.6478
vn -0.8301 -0.4994 0.2480
vn -0.3087 -0.8554 -0.4160
vn -0.9296 -0.3669 0.0363
vn 0.0773 0.9962 0.0391
vn -0.7464 0.5151 0.4214
vn -0.2417 -0.1953 -0.9505
vn -0.6073 0.7296 0.3144
vn -0.8803 0.0282 -0.4736
vn 0.1364 0.5835 -0.8005
vn -0.3583 -0.9200 0.1589
vn -0.2017 0.9604 -0.1923
vn -0.7187 -0.6551 -0.2329
vn 0.0725 0.2056 -0.9759
vn 0.0508 0.3121 -0.9487
vn -0.8830 0.4425 -0.1567
vn 0.7102 -0.6431 -0.2863
vn 0.9931 0.0933 -0.0717
vn -0.9015 -0.4054 -0.1518
vn -0.7285 -0.6844 0.0287
vn -0.8972 0.3451 -0.2755
vn -0.2865 -0.2239 -0.9315
vn -0.6678 -0.7385 0.0929
vn -0.3651 0.9307 -0.0234
vn -0.7060 -0.2197 0.6733
vn -0.7548 -0.5946 0.2771
vn -0.5451 -0.1450 -0.8258
vn -0.2633 -0.4948 -0.8281
vn -0.0048 0.7850 -0.6195
vn -0.1504 0.3701 -0.9167
vn -0.9968 -0.0665 0.0439
vn -0.9746 -0.1421 -0.1733
vn -0.3649 -0.6229 -0.6920
vn -0.5200 -0.2126 -0.8273
vn -0.8814 -0.1509 0.4477
vn -0.5553 0.8284 0.0732
vn -0.2062 0.6246 -0.7533
vn -0.5112 0.0469 -0.8582
vn -0.9897 0.0154 0.1424
vn -0.9297 0.2761 0.2438
vn 0.0864 -0.1396 0.9864
vn 0.3914 0.5686 -0.7236
vn -0.9960 -0.0895 -0.0023
vn -0.9580 0.2425 0.1531
vn 0.1879 -0.9356 0.2991
vn -0.9178 -0.0169 -0.3968
vn -0.3495 -0.6311 -0.6925
vn -0.3528 -0.6451 -0.6778
vn -0.3254 -0.6551 0.6819
vn -0.9012 0.4289 0.0622
vn -0.6952 0.5710 0.4366
vn -0.4141 -0.8826 0.2225
vn -0.9305 0.3146 -0.1875
vn 0.3768 -0.5626 0.7359
vn -0.2588 0.4330 -0.8635
vn -0.8029 -0.5448 -0.2420
vn 0.4328 0.8388 0.3304
vn -0.4194 -0.8735 0.2471
vn -0.5634 -0.8194 0.1056
vn -0.7207 -0.3538 0.5961
vn -0.7481 -0.6586 -0.0813
vn -0.9015 0.3632 -0.2353
vn -0.3177 -0.8579 0.4038
vn -0.0896 0.4571 -0.8849
vn -0.9336 0.2957 0.2021
vn -0.9931 -0.0806 0.0856
vn -0.9492 0.1909 0.2503
vn 0.5619 0.0565 -0.8253
vn -0.1182 -0.6434 0.7563
vn 0.4665 0.2186 0.8571
vn -0.0177 -0.3816 0.9242
vn -0.8868 0.3615 -0.2880
vn 0.4418 -0.3603 0.8216
vn 0.9279 0.0198 -0.3724
vn -0.5341 -0.4723 -0.7012
vn -0.5094 0.8594 -0.0443
vn -0.9953 -0.0728 0.0638
vn -0.3907 0.4940 0.7767
vn -0.8287 -0.0281 0.5590
vn -0.3198 -0.6958 0.6431
vn 0.7440 -0.2710 -0.6108
vn -0.7138 0.2148 0.6666
vn -0.6624 0.7424 -0.1004
vn 0.0448 0.1110 -0.9928
vn 0.2867 0.8876 -0.3605
vn 0.2453 -0.8741 -0.4192
vn 0.3540 -0.4700 -0.8086
vn 0.6471 -0.4959 -0.5791
vn 0.0101 0.4449 0.8955
vn -0.5239 -0.8275 0.2018
vn -0.7795 -0.2756 0.5625
vn -0.6282 0.4753 -0.6160
vn -0.1954 0.1825 0.9636
vn -0.2660 -0.7502 0.6053
vn -0.9450 0.2931 0.1454
vn -0.4490 -0.8816 -0.1457
vn -0.0095 0.0950 -0.9954
vn -0.0743 0.0901 -0.9932
vn -0.6127 -0.5376 0.5793
vn -0.8913 -0.4474 -0.0739
vn -0.8534 -0.3768 -0.3601
vn -0.6059 0.7694 -0.2023
vn -0.9111 0.3644 -0.1928
vn -0.3907 0.6055 0.6933
vn -0.8558 -0.3600 0.3716
vn -0.7298 0.5734 -0.3722
vn 0.1176 -0.4398 -0.8903
vn -0.2249 -0.9293 0.2931
vn -0.6499 0.5451 -0.5297
vn -0.3868 -0.7714 -0.5053
vn -0.9625 -0.1118 0.2472
vn -0.9930 -0.0298 -0.1143
vn -0.4474 0.6421 -0.6225
vn 0.0545 -0.6028 0.7960
vn -0.8182 0.2473 0.5191
vn -0.0567 0.9388 -0.3397
vn -0.9754 0.0285 -0.2185
vn 0.5163 -0.2498 0.8192
vn -0.0357 0.6679 -0.7434
vn -0.1097 0.7154 0.6901
vn 0.3906 0.8412 0.3739
vn 0.7674 -0.3918 0.5075
vn 0.7928 -0.0277 -0.6089
vn 0.6998 -0.6305 -0.3357
vn -0.7615 0.5806 0.2882
vn -0.9752 -0.2046 0.0841
vn 0.3751 -0.5626 -0.7367
vn -0.5307 -0.8276 -0.1828
vn -0.2791 0.2101 0.9370
vn 0.8603 -0.2662 -0.4347
vn 0.6468 -0.0770 -0.7588
vn -0.7515 -0.2575 0.6074
vn -0.4576 -0.8888 -0.0256
vn 0.4568 -0.4083 -0.7903
vn -0.2721 -0.1895 0.9434
vn -0.7240 -0.4310 0.5386
vn 0.5914 -0.5743 0.5660
vn -0.5413 -0.7806 0.3124
vn -0.0267 0.7864 -0.6171
vn -0.8354 0.5476 0.0469
vn -0.0742 -0.6980 0.7122
vn -0.5748 -0.1656 0.8013
vn -0.6335 -0.7669 -0.1033
vn -0.7558 0.6493 -0.0843
vn -0.8457 -0.4778 0.2376
vn -0.0060 -0.9112 -0.4118
vn 0.1078 -0.5477 -0.8297
vn 0.0121 -0.2407 -0.9705
vn -0.7565 0.1690 0.6318
vn 0.0587 0.3216 0.9451
vn 0.3307 0.4482 0.8305
vn 0.1866 -0.9129 -0.3631
vn -0.7420 -0.2225 -0.6324
vn -0.5756 0.7410 -0.3459
vn 0.1259 -0.9899 -0.0658
vn -0.9593 0.1216 0.2550
vn -0.7073 -0.3648 0.6055
vn -0.7168 -0.6891 0.1061
vn -0.0433 0.5799 -0.8135
vn 0.6541 -0.7175 -0.2394
vn -0.9856 -0.1655 0.0360
vn -0.8676 0.4815 -0.1239
vn -0.4489 0.4347 -0.7807
vn -0.9427 0.3202 0.0937
vn -0.4794 -0.5193 0.7074
vn -0.5690 -0.4819 0.6664
vn -0.5689 -0.4819 0.6664
vn 0.0505 -0.1400 0.9889
vn -0.4123 0.7096 -0.5714
vn -0.7606 -0.1240 0.6373
vn 0.3199 -0.6217 -0.7150
vn -0.5395 -0.8233 0.1765
vn 0.5238 -0.5988 0.6059
vn -0.8249 -0.5626 0.0546
vn -0.7100 0.6222 0.3298
vn 0.8251 -0.4257 0.3714
vn 0.1780 -0.3931 0.9021
vn -0.3147 0.7785 -0.5431
vn 0.0262 0.6519 -0.7578
vn -0.6867 0.7214 0.0896
vn -0.6625 -0.4398 0.6063
vn -0.7131 0.6218 -0.3237
vn -0.4329 0.8099 -0.3958
vn 0.7205 -0.5500 0.4224
vn -0.1643 0.6107 0.7746
vn -0.2982 0.0402 0.9537
vn -0.6256 0.2823 -0.7273
vn -0.8874 -0.3704 0.2744
vn 0.2217 0.8800 -0.4201
vn 0.3300 0.7787 -0.5336
vn -0.4248 0.7847 0.4515
vn -0.6853 0.7173 -0.1258
vn -0.9029 -0.0764 0.4229
vn 0.2588 -0.5786 -0.7735
vn -0.6592 -0.1241 0.7417
vn -0.5928 0.8053 0.0090
vn -0.8433 0.1071 0.5267
vn -0.7895 -0.3048 0.5328
vn -0.9704 0.2290 0.0773
vn -0.6533 0.7411 -0.1546
vn -0.0397 -0.1238 -0.9915
vn -0.9453 -0.3132 -0.0909
vn -0.1267 -0.6866 -0.7159
vn -0.7417 0.6489 0.1699
vn -0.8429 -0.5341 -0.0650
vn -0.7637 -0.6455 0.0042
vn -0.9131 -0.3150 0.2588
vn 0.7111 -0.5644 -0.4193
vn -0.7517 -0.6431 0.1464
vn -0.7679 0.3345 0.5463
vn -0.4982 0.3159 0.8075
vn 0.1194 0.8189 0.5613
vn -0.1415 0.5312 -0.8354
vn 0.5424 0.0172 -0.8399
vn 0.6834 -0.6764 0.2748
vn -0.5384 -0.8412 0.0501
vn 0.9823 -0.0576 0.1784
vn 0.0829 0.7712 0.6311
vn 0.7960 -0.5581 0.2345
vn -0.8846 -0.4309 0.1785
vn -0.2623 -0.8038 0.5339
vn 0.5630 -0.5437 -0.6224
vn -0.4227 0.7605 -0.4930
vn -0.0624 -0.3654 -0.9288
vn -0.8923 0.4449 0.0768
vn -0.6261 0.7715 -0.1132
vn 0.7719 0.4380 -0.4607
vn -0.5977 -0.8000 0.0519
vn -0.2082 0.0225 0.9778
vn 0.6455 -0.1857 -0.7409
vn -0.8209 -0.3016 0.4850
vn -0.3888 -0.1498 0.9091
vn -0.5664 0.6923 -0.4472
vn -0.5634 -0.8254 0.0369
vn 0.0242 -0.6217 -0.7829
vn -0.3912 0.6717 -0.6291
vn -0.8403 -0.2223 0.4944
vn 0.4583 -0.8647 -0.2056
vn -0.2209 0.9455 0.2394
vn -0.4388 0.8967 0.0572
vn -0.5861 0.7755 0.2345
vn -0.6106 -0.6528 -0.4483
vn -0.7363 -0.2099 -0.6432
vn -0.4750 0.8752 -0.0918
vn 0.2636 -0.4355 -0.8608
vn -0.9269 -0.0239 -0.3745
vn 0.1059 -0.7122 0.6940
vn -0.6189 -0.6270 -0.4731
vn -0.0053 -0.6572 0.7537
vn 0.4009 -0.6437 -0.6518
vn 0.2841 0.5711 -0.7702
vn 0.2778 -0.0320 -0.9601
vn 0.8544 -0.4214 0.3039
vn -0.8027 -0.3337 0.4943
vn -0.5190 0.6951 -0.4975
vn -0.9882 0.1240 0.0896
vn 0.3057 -0.4234 -0.8528
vn -0.7274 0.1295 0.6739
vn 0.4184 -0.8528 -0.3125
vn -0.4360 0.0263 -0.8996
vn 0.8001 -0.5866 0.1253
vn 0.4094 -0.2642 -0.8732
vn 0.7225 -0.2443 -0.6468
vn 0.4686 -0.2032 0.8597
vn -0.1531 0.9738 -0.1681
vn 0.0107 0.9461 -0.3237
vn -0.9441 -0.3282 0.0322
vn -0.4814 0.8677 -0.1238
vn -0.5062 0.5880 -0.6309
vn -0.6337 0.5285 0.5649
vn -0.4685 -0.0697 -0.8807
vn 0.1521 -0.7377 -0.6578
vn -0.3377 -0.1932 -0.9212
vn -0.6976 -0.7148 0.0496
vn -0.9697 0.1723 0.1733
vn -0.7949 -0.5732 0.1991
vn 0.8062 0.3644 0.4661
vn -0.5049 0.8628 0.0261
vn -0.7939 -0.2321 -0.5620
vn 0.6192 -0.2770 -0.7348
vn -0.8707 0.4915 -0.0149
vn 0.2206 0.8359 -0.5025
vn -0.9185 -0.3170 -0.2363
vn 0.6671 -0.4449 -0.5976
vn 0.1556 -0.4322 -0.8882
vn 0.0946 -0.4316 -0.8971
vn 0.7051 0.0115 -0.7090
vn -0.0209 0.9715 -0.2362
vn -0.5275 0.8391 0.1325
vn 0.0838 -0.4696 -0.8789
vn -0.2728 0.9524 0.1361
vn -0.2410 0.0399 -0.9697
vn -0.6019 -0.7502 0.2738
vn -0.4866 -0.0369 0.8729
vn 0.2280 0.7476 -0.6238
vn 0.3273 -0.6698 0.6666
vn -0.5486 -0.0253 -0.8357
vn 0.5130 0.4490 -0.7316
vn -0.0112 -0.2071 0.9783
vn -0.1267 0.6210 -0.7735
vn 0.1214 0.6035 -0.7881
vn 0.5792 -0.0124 -0.8151
vn -0.3258 0.9255 0.1931
vn -0.6863 -0.7125 -0.1460
vn 0.2732 -0.8420 0.4651
vn -0.9396 -0.0307 0.3408
vn 0.4913 0.5748 0.6544
vn 0.6822 -0.5532 0.4781
vn 0.2495 -0.8293 -0.5000
vn 0.2840 0.0888 0.9547
vn 0.1371 -0.8402 0.5247
vn -0.1054 -0.9302 -0.3515
vn 0.0274 0.0176 0.9995
vn 0.1277 0.0526 -0.9904
vn -0.7417 0.3756 -0.5557
vn -0.6609 -0.7425 -0.1091
vn -0.5507 0.7069 0.4439
vn 0.1015 -0.5605 -0.8219
vn -0.6962 0.6688 -0.2609
vn 0.0658 0.9978 -0.0082
vn 0.9128 -0.2549 -0.3190
vn -0.8388 -0.0016 0.5445
vn 0.3428 -0.6145 0.7106
vn 0.7448 -0.5943 0.3035
vn -0.7546 0.2601 -0.6024
vn -0.4157 0.8549 -0.3104
vn -0.0819 -0.1650 -0.9829
vn 0.4866 0.3692 -0.7918
vn 0.3501 -0.7998 0.4875
vn -0.2980 0.9418 0.1555
vn -0.1609 0.8505 -0.5007
vn 0.9119 -0.4084 -0.0404
vn 0.1375 0.9316 0.3365
vn -0.6068 -0.2255 0.7622
vn -0.0354 0.7806 -0.6240
vn 0.5803 -0.2488 -0.7755
vn -0.3215 0.0985 -0.9418
vn 0.5461 0.6469 -0.5323
vn -0.5027 0.8068 -0.3104
vn -0.5723 -0.7970 -0.1932
vn -0.4364 0.8990 0.0363
vn -0.4597 -0.3183 -0.8291
vn -0.5715 -0.2777 0.7722
vn 0.6484 -0.6460 -0.4028
vn -0.8523 0.4918 -0.1781
vn -0.7444 -0.5977 -0.2977
vn -0.8046 0.2409 -0.5428
vn -0.6009 0.7990 0.0215
vn 0.0886 -0.0442 -0.9951
vn -0.6383 0.6007 0.4814
vn 0.7676 -0.2039 0.6076
vn 0.2713 0.7939 0.5442
vn -0.8007 -0.5988 0.0184
vn 0.5642 -0.7668 -0.3061
vn 0.8642 0.0448 -0.5011
vn 0.8464 -0.1963 -0.4950
vn -0.5357 0.4760 0.6974
vn -0.1213 -0.3249 0.9379
vn 0.6797 0.1689 0.7138
vn 0.9950 -0.0524 -0.0855
vn 0.6167 0.0067 -0.7871
vn -0.9208 0.2975 0.2523
vn -0.2177 0.3976 0.8914
vn -0.3137 0.1076 0.9434
vn 0.8709 0.2488 0.4238
vn -0.7271 0.2959 0.6194
vn 0.9280 -0.2007 -0.3139
vn -0.8232 -0.5594 0.0966
vn 0.1202 0.2619 -0.9576
vn -0.4750 -0.1461 0.8678
vn 0.6105 -0.6887 0.3911
vn 0.0822 -0.3562 0.9308
vn -0.2569 0.8491 -0.4615
vn 0.0281 0.3223 -0.9462
vn 0.0837 0.9945 -0.0636
vn 0.1161 -0.9361 -0.3319
vn 0.8543 -0.1565 -0.4956
vn -0.7118 0.6725 0.2027
vn 0.7683 -0.1809 -0.6140
vn -0.4666 -0.8627 -0.1953
vn 0.1229 -0.8901 -0.4388
vn -0.0218 -0.9707 0.2394
vn -0.1787 -0.3289 0.9273
vn 0.4664 -0.2044 0.8606
vn 0.1632 0.5331 0.8302
vn -0.8537 0.4972 -0.1550
vn 0.6264 -0.5664 0.5356
vn 0.4998 0.3108 -0.8084
vn 0.8723 -0.3715 0.3179
vn 0.8506 -0.4086 -0.3309
vn 0.9267 -0.1204 -0.3561
vn 0.2079 -0.8040 0.5572
vn -0.3745 -0.7480 -0.5480
vn 0.7059 0.3555 -0.6126
vn -0.7907 0.4737 -0.3879
vn -0.7561 -0.5084 0.4122
vn -0.3557 -0.4735 0.8058
vn -0.4549 -0.5706 0.6837
vn -0.7919 0.3195 0.5203
vn -0.9887 0.1487 0.0204
vn -0.2099 0.9247 -0.3176
vn 0.1416 -0.7819 0.6071
vn 0.3429 -0.9101 0.2327
vn -0.9496 -0.0638 0.3069
vn 0.8707 -0.4620 -0.1688
vn -0.8581 -0.3726 0.3532
vn 0.4830 -0.8741 0.0521
vn 0.3447 -0.1815 0.9210
vn 0.1275 -0.4365 -0.8906
vn 0.4637 -0.7006 0.5423
vn -0.6766 0.7358 -0.0286
vn -0.8309 0.5429 -0.1222
vn -0.5989 0.7992 -0.0510
vn -0.7205 -0.6711 0.1744
vn -0.4567 0.8676 0.1968
vn -0.6644 -0.6825 -0.3046
vn 0.8565 -0.4704 0.2124
vn -0.8765 -0.3057 0.3719
vn 0.5986 -0.7034 -0.3833
vn -0.0408 0.6740 -0.7376
vn 0.9449 0.2257 -0.2371
vn -0.6490 0.2314 -0.7248
vn -0.3853 0.8959 -0.2213
vn -0.7836 0.6020 -0.1535
vn -0.4319 -0.3022 0.8498
vn -0.0778 -0.4759 -0.8760
vn -0.2480 0.8821 -0.4004
vn -0.6119 0.5941 0.5221
vn 0.8406 -0.0083 -0.5415
vn -0.9359 0.0084 -0.3523
vn -0.4672 -0.5829 0.6648
vn -0.8328 -0.5497 0.0650
vn -0.5463 0.0070 -0.8375
vn -0.5648 0.8242 -0.0413
vn 0.1059 -0.1507 -0.9829
vn -0.0051 0.7167 -0.6974
vn 0.9686 0.0729 0.2379
vn 0.9793 0.1707 0.1092
vn -0.8740 0.4539 -0.1735
vn 0.4123 0.1046 -0.9050
vn -0.2039 -0.4625 0.8629
vn 0.7507 0.6575 -0.0639
vn -0.6645 0.7464 0.0373
vn -0.2727 -0.9603 -0.0591
vn 0.9930 0.0513 0.1062
vn -0.3403 0.9386 0.0564
vn -0.0572 -0.7135 -0.6984
vn -0.5214 -0.8381 0.1605
vn -0.8005 -0.5957 -0.0662
vn -0.9612 0.0192 0.2752
vn -0.7497 -0.5610 -0.3512
vn -0.4173 0.6522 -0.6328
vn -0.8588 -0.3346 -0.3879
vn -0.1342 0.9905 -0.0308
vn -0.1879 0.2442 -0.9513
vn -0.2244 0.6569 -0.7198
vn 0.1980 0.4436 -0.8741
vn -0.0933 0.2831 -0.9545
vn 0.7018 0.0722 -0.7087
vn 0.9874 0.1377 0.0782
vn 0.7781 -0.3425 -0.5265
vn 0.8670 -0.2224 0.4459
vn -0.7908 -0.3954 0.4672
vn -0.2939 0.8723 -0.3907
vn -0.0496 0.9575 0.2840
vn -0.2695 0.9502 -0.1564
vn 0.5023 -0.5995 -0.6231
vn 0.9142 -0.0643 -0.4001
vn 0.1311 -0.4058 -0.9045
vn -0.6254 -0.7565 0.1915
vn 0.6043 -0.7753 0.1835
vn -0.2692 0.9547 -0.1266
vn -0.2029 -0.8381 0.5063
vn 0.7965 -0.0619 0.6014
vn 0.0884 0.6679 -0.7390
vn -0.4263 -0.2871 0.8578
vn -0.9678 0.1971 -0.1568
vn -0.7362 -0.1046 0.6686
vn -0.8107 -0.4700 -0.3491
vn 0.2213 0.7107 -0.6678
vn 0.0042 0.1026 -0.9947
vn -0.8883 -0.3798 -0.2581
vn 0.9808 -0.1285 0.1468
vn 0.8232 -0.3554 0.4427
vn -0.2069 -0.4473 0.8701
vn 0.1584 0.6859 -0.7103
vn -0.8172 0.5170 -0.2549
vn 0.7820 -0.4497 -0.4315
vn 0.8128 -0.2779 -0.5120
vn -0.3882 -0.0810 -0.9180
vn 0.8849 -0.1355 -0.4455
vn -0.5885 0.6720 -0.4494
vn -0.6645 -0.1888 0.7231
vn -0.9839 0.1784 -0.0132
vn -0.5244 -0.0175 0.8513
vn -0.9815 -0.0566 -0.1830
vn -0.9749 0.2115 -0.0689
vn -0.3079 -0.9449 -0.1115
vn -0.6445 -0.5437 -0.5376
vn -0.9456 -0.3252 0.0055
vn -0.3798 0.6548 -0.6535
vn 0.6723 -0.7117 -0.2039
vn -0.4027 0.1153 0.9080
vn 0.4449 0.6409 -0.6255
vn 0.7111 0.6151 -0.3407
vn -0.7855 0.6168 -0.0496
vn -0.5849 0.4893 -0.6469
vn -0.5421 0.7999 -0.2575
vn 0.3765 -0.8801 0.2891
vn 0.6932 0.3746 0.6158
vn -0.5448 -0.6178 -0.5670
vn 0.7152 -0.6491 0.2592
vn 0.8615 -0.0397 0.5063
vn -0.3755 0.9260 -0.0402
vn 0.1201 -0.0102 -0.9927
vn 0.5880 0.4756 -0.6542
vn 0.6079 -0.7938 -0.0186
vn -0.4799 -0.8624 -0.1611
vn 0.2329 -0.0910 0.9682
vn 0.7546 -0.4087 0.5133
vn -0.8392 -0.1939 -0.5081
vn -0.8434 0.3642 0.3950
vn -0.8012 0.3900 -0.4538
vn -0.8423 0.2702 0.4664
vn 0.7294 0.1824 -0.6593
vn 0.2565 -0.8089 0.5290
vn 0.6842 -0.6522 -0.3264
vn -0.3011 -0.9509 -0.0721
vn -0.1291 0.5939 0.7941
vn 0.3532 -0.4813 -0.8022
vn -0.7842 0.6002 -0.1573
vn 0.0310 -0.5091 0.8601
vn -0.9995 0.0291 -0.0075
vn 0.1718 -0.9375 0.3027
vn 0.4925 0.7283 -0.4765
vn 0.0757 0.7694 -0.6343
vn 0.9480 -0.1269 0.2918
vn -0.2691 -0.9438 0.1920
vn -0.1417 0.8459 -0.5142
vn -0.1598 0.8080 -0.5671
vn 0.4891 0.0476 0.8709
vn -0.4048 0.5767 -0.7096
vn -0.3214 0.7728 -0.5472
vn 0.1121 0.7858 -0.6082
vn 0.7060 -0.7080 0.0150
vn 0.8130 -0.4838 -0.3240
vn 0.8349 0.2218 -0.5037
vn -0.3982 0.9149 -0.0662
vn -0.4577 0.8854 0.0811
vn 0.8312 -0.4777 -0.2846
vn -0.2003 0.6341 0.7469
vn -0.2576 -0.1361 0.9566
vn -0.9086 -0.0139 0.4174
vn 0.9080 -0.2343 -0.3474
vn 0.9182 -0.3374 -0.2075
vn 0.6485 0.3840 0.6572
vn 0.0467 0.1838 0.9818
vn -0.6669 -0.3607 0.6520
vn -0.9577 -0.2878 -0.0046
vn -0.1821 -0.9498 -0.2545
vn 0.8628 -0.4495 -0.2314
vn -0.5601 0.4828 0.6732
vn -0.0929 -0.3557 -0.9300
vn -0.3423 0.2241 0.9125
vn -0.1696 0.6565 0.7350
vn 0.5983 0.6840 -0.4174
vn -0.0804 -0.0452 0.9957
vn -0.1758 0.0653 0.9823
vn 0.1242 -0.7583 0.6399
vn 0.3751 -0.0017 -0.9270
vn -0.0547 -0.9632 -0.2631
vn 0.4217 0.8530 0.3074
vn -0.8687 0.1382 0.4756
vn -0.0619 0.2254 -0.9723
vn -0.4400 -0.8937 -0.0883
vn 0.0117 -0.0816 0.9966
vn -0.5918 0.0961 0.8004
vn -0.2924 0.4807 0.8267
vn -0.6569 0.7336 -0.1740
vn 0.3809 0.7910 -0.4788
vn -0.6716 0.4820 -0.5627
vn 0.1387 -0.9474 -0.2884
vn -0.8632 -0.0082 -0.5048
vn 0.2459 -0.9389 -0.2408
vn -0.3692 -0.3320 0.8680
vn 0.2216 -0.9412 -0.2549
vn 0.3972 -0.8380 -0.3741
vn 0.4078 -0.8231 -0.3953
vn -0.2554 -0.7714 0.5829
vn 0.9040 0.1553 0.3984
vn -0.7197 -0.6893 -0.0827
vn -0.6599 -0.3895 -0.6426
vn 0.7422 -0.6291 0.2310
vn 0.7361 -0.1457 0.6610
vn -0.1904 -0.6109 -0.7685
vn -0.1968 0.7620 -0.6170
vn -0.7464 0.6650 0.0239
vn -0.4835 0.1051 -0.8690
vn -0.1793 0.9354 0.3047
vn -0.5619 -0.3879 0.7306
vn 0.1985 0.4063 -0.8919
vn -0.1517 0.8197 -0.5523
vn 0.1307 0.7811 -0.6106
vn 0.0064 0.6518 0.7584
vn -0.4508 -0.5984 0.6623
vn -0.3058 0.9161 0.2595
vn 0.5804 0.5617 -0.5896
vn 0.0716 0.2668 -0.9611
vn 0.1022 0.6057 0.7891
vn -0.6529 0.7370 -0.1751
vn 0.3289 0.5495 0.7680
vn 0.5350 0.7726 -0.3418
vn 0.6250 0.3409 -0.7023
vn -0.9964 0.0329 0.0784
vn 0.4892 -0.8716 -0.0320
vn -0.1987 0.9252 -0.3234
vn 0.9631 -0.2692 -0.0013
vn -0.3326 -0.9410 0.0626
vn 0.2625 -0.6392 0.7228
vn -0.0221 -0.8709 0.4910
vn -0.1284 0.9734 -0.1897
vn -0.3151 -0.8706 -0.3779
vn -0.3213 -0.8676 -0.3795
vn -0.3210 -0.8673 -0.3805
vn -0.6988 0.7061 -0.1147
vn -0.4148 -0.7983 0.4366
vn 0.5170 -0.5505 -0.6554
vn -0.0901 0.0083 0.9959
vn -0.2222 0.9747 0.0227
vn 0.5373 -0.7838 -0.3114
vn 0.1658 -0.8038 -0.5714
vn -0.2444 0.2535 -0.9360
vn 0.8576 -0.5018 0.1125
vn -0.8030 -0.4487 0.3922
vn -0.2935 0.5843 0.7566
vn -0.3610 -0.9012 0.2397
vn 0.3134 0.9238 -0.2200
vn -0.0212 0.9992 -0.0344
vn -0.3959 -0.6890 -0.6071
vn -0.2257 -0.3124 -0.9228
vn -0.9315 -0.3370 -0.1371
vn -0.5532 0.5598 -0.6169
vn -0.0978 -0.0887 -0.9912
vn -0.9324 -0.2540 0.2571
vn 0.3358 -0.9157 0.2208
vn -0.9309 -0.1962 0.3082
vn 0.0517 0.2776 0.9593
vn 0.6600 0.5079 -0.5536
vn -0.7360 -0.5960 0.3210
vn -0.8587 0.4355 -0.2703
vn -0.9135 -0.0777 -0.3992
vn 0.9802 -0.0365 0.1947
vn 0.6170 0.2737 -0.7378
vn -0.3417 0.0779 0.9366
vn 0.4516 -0.2555 0.8549
vn -0.3370 -0.6711 0.6604
vn -0.1088 -0.9255 -0.3627
vn -0.0780 -0.9547 -0.2871
vn -0.1149 0.1429 -0.9830
vn -0.0493 -0.3446 0.9375
vn -0.6279 -0.0962 0.7723
vn -0.2695 -0.0211 0.9628
vn 0.1289 -0.0017 0.9917
vn -0.1579 -0.7940 0.5871
vn 0.0434 -0.7594 -0.6492
vn -0.1293 0.4467 0.8853
vn -0.0132 0.1502 -0.9886
vn -0.8739 0.4453 -0.1950
vn -0.6555 -0.5570 -0.5100
vn -0.0487 0.9126 -0.4059
vn -0.9903 -0.0754 0.1171
vn 0.0413 -0.0132 0.9991
vn -0.4866 0.8647 0.1245
vn 0.8564 -0.4713 0.2110
vn -0.0492 -0.0222 0.9985
vn -0.6517 -0.7500 -0.1128
vn 0.7091 0.6526 -0.2670
vn 0.3687 0.9031 -0.2203
vn -0.9762 -0.2087 -0.0597
vn -0.1477 0.8748 0.4614
vn -0.0092 0.0045 0.9999
vn -0.3546 0.7586 -0.5466
vn 0.1090 0.5686 -0.8153
vn 0.0595 0.1566 0.9859
vn 0.0345 -0.0259 0.9991
vn -0.1760 -0.1847 0.9669
vn 0.5618 0.8213 0.0993
vn 0.6962 -0.7108 -0.1009
vn -0.3422 0.4328 0.8340
vn 0.1432 -0.8983 -0.4155
vn -0.3626 0.6622 0.6557
vn 0.0763 0.8776 0.4733
vn -0.5863 0.7366 -0.3371
vn -0.1582 -0.9846 0.0742
vn -0.8334 -0.3044 -0.4612
vn -0.7020 0.7043 0.1054
vn 0.1022 0.1060 0.9891
vn 0.3665 0.9159 -0.1636
vn -0.1290 -0.8737 0.4690
vn 0.0758 0.4484 -0.8906
vn 0.8102 -0.5440 -0.2183
vn -0.4417 -0.8954 -0.0562
vn -0.3449 0.5783 0.7393
vn -0.2860 0.2737 -0.9183
vn 0.1058 -0.0059 0.9944
vn 0.7992 -0.5432 0.2572
vn 0.0193 -0.0976 0.9950
vn -0.8209 -0.4642 0.3327
vn -0.4778 0.6884 -0.5457
vn -0.4353 0.7132 -0.5494
vn 0.3733 0.1817 -0.9098
vn 0.3485 0.1262 -0.9288
vn 0.5918 0.6794 -0.4337
vn -0.7259 -0.4101 0.5522
vn 0.3773 0.3702 -0.8489
vn -0.3808 0.0145 0.9245
vn -0.3075 0.5603 -0.7691
vn -0.8906 0.1078 -0.4418
vn -0.8749 0.3262 0.3581
vn -0.0324 0.0161 0.9993
vn -0.0750 0.9403 0.3319
vn -0.7255 -0.6501 -0.2259
vn 0.0323 -0.2515 -0.9673
vn 0.1013 -0.1507 0.9834
vn -0.2435 -0.0113 -0.9698
vn -0.7576 0.5304 -0.3803
vn -0.9121 -0.0194 0.4095
vn -0.9973 0.0471 0.0570
vn -0.5197 -0.5230 0.6756
vn -0.9845 0.1686 0.0479
vn -0.7834 -0.5758 0.2339
vn -0.5090 0.7338 -0.4499
vn -0.5299 0.8346 -0.1505
vn -0.4964 -0.7512 -0.4351
vn 0.0210 -0.4590 0.8882
vn -0.9116 -0.3621 0.1946
vn 0.3536 0.6987 -0.6219
vn 0.6423 -0.4505 -0.6200
vn -0.9989 -0.0271 -0.0372
vn 0.2947 0.9074 -0.2994
vn 0.2722 -0.9316 -0.2408
vn -0.6427 -0.1905 -0.7420
vn -0.7372 -0.4476 0.5062
vn -0.1929 0.7989 -0.5697
vn -0.2707 -0.3312 0.9039
vn -0.2448 0.3313 -0.9112
vn -0.1900 -0.9544 0.2302
vn 0.1274 -0.9694 -0.2097
vn -0.9742 0.0490 0.2202
vn -0.4903 0.8659 -0.0988
vn 0.1489 0.0869 -0.9850
vn 0.4705 0.6321 -0.6157
vn -0.5782 0.7805 -0.2377
vn -0.4696 0.8463 -0.2514
vn -0.2804 -0.2995 -0.9120
vn 0.0439 -0.2358 0.9708
vn -0.3334 -0.0918 0.9383
vn -0.3951 -0.3524 0.8484
vn -0.1363 -0.9862 0.0938
vn 0.9265 0.0341 0.3747
vn -0.5609 -0.7131 0.4205
vn -0.5061 0.5336 0.6776
vn -0.0154 0.9998 -0.0097
vn -0.7806 0.4456 -0.4384
vn 0.0961 0.9789 0.1801
vn -0.3595 0.9246 -0.1263
vn 0.7727 0.5016 -0.3890
vn 0.1313 0.0859 -0.9876
vn -0.0270 -0.0116 0.9996
vn -0.3825 -0.3197 0.8669
vn 0.1929 -0.9502 -0.2447
vn -0.6455 -0.0886 0.7586
vn -0.5604 -0.8280 0.0201
vn 0.8509 0.1620 -0.4998
vn -0.6672 0.7395 0.0891
vn 0.5075 0.8032 -0.3121
vn -0.2437 -0.9082 -0.3403
vn 0.5713 0.5749 -0.5857
vn -0.1210 -0.9633 0.2395
vn 0.2068 -0.7479 -0.6308
vn -0.4807 0.0004 -0.8769
vn 0.4514 -0.2841 0.8459
vn 0.4890 0.8603 -0.1440
vn 0.6421 -0.2257 0.7326
vn -0.0781 0.9524 0.2947
vn 0.3809 0.6932 0.6118
vn 0.2614 -0.3883 0.8837
vn -0.1118 -0.2249 -0.9679
vn -0.3895 0.2059 0.8977
vn -0.7974 0.4490 0.4032
vn 0.3616 0.8755 -0.3206
vn 0.7554 -0.5469 -0.3611
vn -0.0285 -0.2371 0.9711
vn 0.1953 -0.5924 0.7816
vn -0.5487 -0.7006 0.4562
vn -0.8266 -0.2812 -0.4874
vn -0.5299 -0.3624 -0.7667
vn -0.2057 -0.9727 0.1073
vn 0.5583 0.5367 -0.6327
vn 0.7580 -0.6453 0.0947
vn 0.2047 0.8518 -0.4822
vn 0.1416 0.9463 -0.2907
vn -0.0849 0.9183 0.3866
vn -0.1908 0.7545 -0.6279
vn 0.3990 -0.9054 0.1449
vn -0.4945 -0.4060 -0.7685
vn -0.5960 0.6473 -0.4752
vn -0.1317 -0.2676 -0.9545
vn -0.0284 -0.1278 0.9914
vn -0.0540 -0.9613 -0.2700
vn 0.9069 -0.3385 0.2508
vn 0.9122 -0.3362 0.2342
vn 0.9230 -0.3161 0.2196
vn -0.5412 0.0979 -0.8352
vn 0.1237 0.1361 0.9829
vn -0.6929 -0.6670 -0.2738
vn -0.0579 0.9982 -0.0169
vn 0.4453 -0.7871 -0.4267
vn -0.5630 -0.7347 0.3785
vn 0.3572 -0.2761 -0.8923
vn -0.1963 0.1814 0.9636
vn -0.1431 0.9897 0.0054
vn -0.6537 -0.2518 0.7136
vn 0.6420 0.6553 -0.3980
vn -0.1908 -0.2237 0.9558
vn -0.8279 -0.2018 0.5233
vn 0.1147 -0.1606 0.9803
vn -0.4277 0.8574 -0.2864
vn -0.9952 -0.0859 0.0475
vn -0.3683 0.7249 0.5821
vn 0.8170 -0.1523 0.5561
vn 0.1949 -0.9432 -0.2690
vn 0.2096 0.7063 -0.6761
vn 0.7584 0.4540 -0.4677
vn 0.6223 0.6674 -0.4090
vn 0.5060 0.6099 -0.6099
vn 0.0334 -0.9529 0.3013
vn -0.2491 0.4898 -0.8355
vn -0.4942 -0.3929 0.7755
vn -0.8817 -0.3423 0.3248
vn -0.5240 0.2741 -0.8064
vn -0.0362 0.9985 -0.0414
vn -0.5296 -0.8331 -0.1595
vn -0.8582 0.4806 0.1805
vn -0.0699 0.9453 0.3187
vn -0.0877 -0.0709 0.9936
vn 0.5832 -0.1989 -0.7876
vn -0.2954 0.8660 -0.4034
vn 0.0436 0.1399 0.9892
vn 0.0501 0.9854 -0.1630
vn -0.1133 -0.9209 -0.3731
vn -0.1368 -0.9693 0.2042
vn 0.2416 -0.9692 -0.0466
vn -0.8394 -0.3644 0.4033
vn -0.3142 0.1691 0.9342
vn -0.0344 0.5061 -0.8618
vn 0.8074 0.3253 -0.4922
vn -0.9385 -0.3361 -0.0787
vn -0.9768 -0.2118 -0.0317
vn -0.0702 -0.5486 0.8331
vn 0.6242 0.7812 -0.0119
vn -0.2813 0.9337 -0.2215
vn 0.8938 -0.0367 -0.4470
vn -0.0176 0.2880 -0.9575
vn -0.1838 -0.9811 0.0596
vn -0.6783 -0.0174 -0.7346
vn 0.1559 0.1345 -0.9786
vn -0.4883 -0.8218 -0.2936
vn -0.2255 -0.1903 0.9555
vn 0.5204 0.3712 0.7690
vn -0.1208 -0.2837 0.9513
vn 0.4532 0.6739 -0.5836
vn -0.2622 0.5616 -0.7848
vn -0.8662 0.3850 0.3186
vn 0.0114 0.9195 0.3929
vn 0.1251 0.9894 -0.0744
vn -0.0829 0.7115 0.6977
vn -0.0058 -0.6654 0.7465
vn -0.4520 0.7505 -0.4821
vn 0.0164 0.9058 0.4235
vn 0.0173 0.9061 0.4227
vn 0.0177 0.9063 0.4223
vn -0.0819 -0.4842 -0.8711
vn 0.1991 -0.9793 -0.0360
vn -0.4854 -0.7470 0.4543
vn -0.0206 0.4335 -0.9009
vn -0.1491 0.0332 0.9883
vn -0.1089 0.5173 0.8489
vn -0.6466 -0.0540 0.7609
vn -0.5883 -0.6885 0.4241
vn -0.9880 -0.1259 0.0896
vn -0.6722 -0.6887 0.2719
vn -0.3927 -0.5023 0.7704
vn 0.1646 -0.8386 -0.5193
vn -0.3895 0.9167 0.0894
vn -0.7003 -0.4384 -0.5634
vn -0.1410 0.5500 -0.8232
vn -0.9127 -0.2261 -0.3404
vn -0.7779 -0.6186 0.1108
vn 0.0642 0.9484 -0.3104
vn -0.2972 -0.9214 0.2503
vn -0.0178 0.0308 0.9994
vn 0.9199 0.1996 -0.3376
vn -0.1760 0.1571 -0.9718
vn 0.1685 -0.9299 0.3271
vn -0.8985 -0.1213 0.4219
vn 0.9180 0.3856 -0.0923
vn 0.5472 -0.4076 0.7310
vn 0.0739 0.0662 -0.9951
vn -0.6625 0.7489 -0.0145
vn 0.8592 -0.3075 0.4089
vn -0.9821 -0.1676 0.0858
vn -0.0706 -0.0305 0.9970
vn -0.0918 -0.0002 0.9958
vn 0.0510 0.0532 0.9973
vn 0.0152 0.9053 0.4246
vn -0.9291 -0.3596 -0.0864
vn -0.5114 0.1134 -0.8518
vn -0.0510 0.9304 0.3629
vn 0.9791 -0.1507 0.1364
vn 0.2063 0.6771 0.7064
vn 0.0223 -0.9776 -0.2092
vn -0.4786 0.7303 -0.4875
vn 0.0292 0.9992 0.0274
vn 0.8416 -0.5076 0.1845
vn 0.0198 -0.9857 -0.1671
vn 0.2623 0.9086 -0.3250
vn 0.6166 0.7559 0.2202
vn 0.0196 0.9102 0.4137
vn 0.3964 0.7410 -0.5420
vn 0.5189 -0.0789 0.8512
vn 0.7632 -0.5851 -0.2741
vn -0.8260 -0.2764 0.4913
vn -0.1411 -0.3211 0.9365
vn -0.8833 -0.0391 -0.4672
vn 0.6429 0.4742 0.6015
vn -0.7475 -0.4267 0.5091
vn 0.2939 0.8666 -0.4032
vn -0.0982 -0.9919 0.0806
vn -0.5776 -0.2168 -0.7870
vn -0.7073 -0.5338 -0.4635
vn -0.8981 -0.2097 -0.3866
vn -0.0954 -0.0728 0.9928
vn 0.6596 0.6619 -0.3562
vn -0.0099 0.0128 0.9999
vn -0.3601 -0.8650 0.3494
vn 0.2926 -0.9562 -0.0028
vn 0.7564 -0.5196 0.3973
vn 0.2795 -0.9386 -0.2025
vn 0.6617 -0.6169 0.4261
vn -0.3739 0.8489 0.3736
vn 0.6977 0.7131 0.0679
vn 0.3689 0.8333 -0.4118
vn -0.9587 -0.1533 -0.2395
vn 0.2829 0.2268 -0.9319
vn 0.2978 0.7114 -0.6366
vn 0.3665 -0.9295 0.0417
vn 0.0254 0.8194 -0.5726
vn 0.0673 -0.8182 -0.5710
vn 0.9354 0.2480 -0.2520
vn 0.0775 0.2790 0.9572
vn 0.7735 0.2189 0.5948
vn 0.8271 -0.5464 -0.1320
vn 0.1802 -0.9417 0.2842
vn 0.1772 -0.9415 0.2868
vn 0.7954 -0.2505 0.5518
vn 0.8332 -0.3939 -0.3880
vn 0.3689 0.8333 -0.4117
vn 0.4857 0.6473 -0.5875
vn -0.4825 0.4778 0.7341
vn 0.2190 -0.8714 0.4389
vn 0.1174 0.5167 -0.8481
vn 0.8234 -0.5664 -0.0331
vn 0.8708 -0.1164 0.4776
vn -0.9028 -0.0319 -0.4288
vn -0.1674 -0.1372 -0.9763
vn 0.2679 0.6362 0.7235
vn -0.5624 -0.5163 -0.6459
vn 0.3491 -0.8699 0.3485
vn -0.0449 0.0560 0.9974
vn 0.9859 -0.1139 0.1226
vn 0.3936 -0.8879 0.2382
vn -0.5559 0.3208 0.7669
vn 0.1330 0.8228 -0.5525
vn -0.6006 0.3512 -0.7183
vn -0.0752 0.7565 0.6496
vn -0.6497 0.2542 0.7164
vn -0.3542 -0.8835 0.3067
vn 0.0351 0.0014 0.9994
vn 0.3786 -0.8452 0.3772
vn -0.3079 -0.2335 -0.9223
vn 0.2688 0.3249 0.9067
vn 0.2421 0.8587 -0.4517
vn -0.8968 -0.3768 -0.2317
vn -0.5054 -0.7536 -0.4204
vn -0.5656 -0.7468 -0.3499
vn -0.2214 -0.9358 0.2745
vn 0.3228 -0.9453 -0.0466
vn -0.9774 0.2048 -0.0524
vn 0.8453 0.0663 0.5301
vn -0.0728 -0.0364 0.9967
vn -0.2827 -0.4794 -0.8308
vn 0.8372 0.3739 -0.3991
vn 0.4961 0.8333 -0.2438
vn 0.2628 -0.2938 0.9190
vn 0.7258 -0.6573 0.2026
vn 0.4864 0.7642 -0.4235
vn -0.6411 -0.4512 -0.6208
vn -0.4374 -0.7486 0.4983
vn 0.6643 0.6638 -0.3436
vn 0.2345 -0.2671 0.9347
vn 0.1256 -0.9909 -0.0487
vn 0.0613 -0.7893 -0.6110
vn -0.4700 0.0214 -0.8824
vn -0.2777 0.0005 -0.9607
vn -0.1241 -0.1180 -0.9852
vn 0.3744 0.9265 0.0386
vn 0.3588 -0.0337 0.9328
vn 0.7283 -0.4226 -0.5395
vn -0.1440 0.9732 0.1794
vn 0.2581 -0.8838 -0.3902
vn 0.2986 -0.9236 -0.2404
vn -0.7646 -0.3456 0.5440
vn 0.0739 -0.3772 0.9232
vn -0.4949 0.5754 -0.6512
vn -0.2100 0.9737 -0.0886
vn -0.0791 0.6353 -0.7682
vn 0.3200 -0.8096 -0.4921
vn 0.6152 -0.6936 -0.3748
vn -0.3344 0.8055 0.4892
vn -0.3477 -0.2517 -0.9032
vn 0.2994 0.4754 0.8272
vn -0.0396 0.1015 0.9940
vn 0.3452 0.6477 -0.6792
vn -0.7684 -0.3576 0.5307
vn 0.1805 -0.2467 -0.9521
vn 0.4392 -0.8974 0.0423
vn 0.6786 -0.6001 -0.4234
vn 0.4697 0.7563 -0.4554
vn 0.4282 -0.8083 0.4042
vn 0.1027 -0.9369 -0.3343
vn -0.6225 0.2317 0.7476
vn 0.6382 0.6985 -0.3239
vn 0.4687 -0.8759 -0.1147
vn 0.3397 -0.3590 0.8693
vn -0.3708 0.8762 -0.3079
vn 0.2769 -0.1626 0.9470
vn 0.1964 -0.9795 0.0439
vn -0.5042 0.1448 -0.8514
vn -0.9913 -0.1252 0.0410
vn -0.9115 -0.3787 -0.1605
vn -0.3452 -0.4956 0.7970
vn -0.0601 -0.6240 0.7791
vn 0.3336 0.7136 -0.6160
vn 0.7368 -0.6728 -0.0673
vn 0.0555 0.0288 0.9980
vn -0.2038 -0.0654 -0.9768
vn 0.2802 -0.0788 -0.9567
vn 0.9279 0.2443 -0.2816
vn -0.0453 -0.2541 0.9661
vn -0.0035 0.6364 0.7713
vn 0.1739 -0.9580 -0.2282
vn 0.2267 0.8821 -0.4129
vn 0.8481 -0.4146 -0.3300
vn 0.4376 -0.8935 -0.1009
vn 0.0114 0.9829 -0.1839
vn 0.1325 0.8809 -0.4543
vn -0.1020 -0.9932 -0.0552
vn 0.4358 0.2831 -0.8544
vn 0.2537 -0.6155 0.7462
vn 0.9909 0.0599 -0.1203
vn -0.8400 0.4123 -0.3528
vn 0.9436 0.2488 -0.2185
vn 0.7722 -0.5459 -0.3251
vn -0.2949 0.8910 -0.3452
vn 0.0814 0.0621 0.9947
vn 0.1418 0.4143 0.8990
vn -0.8420 0.5235 -0.1305
vn 0.4518 -0.8909 0.0473
vn -0.8157 -0.4693 -0.3383
vn 0.7059 0.2583 0.6595
vn 0.5658 0.7681 -0.2998
vn 0.2032 0.4014 0.8931
vn -0.3470 0.0831 -0.9342
vn -0.7137 0.6365 -0.2925
vn 0.4332 0.3924 -0.8114
vn -0.3200 -0.8055 0.4988
vn 0.2128 -0.7464 -0.6305
vn 0.8154 -0.4162 0.4024
vn -0.9140 -0.3996 0.0704
vn 0.0235 -0.1952 -0.9805
vn 0.4662 0.4951 -0.7332
vn 0.9371 0.2388 -0.2546
vn 0.0780 -0.8903 0.4487
vn 0.0339 0.0104 0.9994
vn -0.4989 -0.4036 0.7669
vn 0.5958 0.8004 -0.0656
vn 0.6514 -0.0727 -0.7553
vn 0.5976 -0.1503 -0.7876
vn 0.4139 -0.1596 -0.8962
vn 0.3192 0.2786 -0.9058
vn -0.8706 -0.1098 -0.4796
vn 0.7215 -0.6768 -0.1462
vn 0.1752 -0.9750 -0.1363
vn 0.5599 -0.0129 -0.8285
vn -0.8735 -0.4643 0.1463
vn -0.8501 -0.4215 0.3157
vn 0.0392 0.7778 -0.6273
vn -0.9819 -0.1892 0.0039
vn -0.6804 -0.7221 0.1252
vn -0.1119 -0.8479 -0.5183
vn -0.8244 0.5598 -0.0838
vn -0.4793 -0.7868 0.3889
vn 0.2547 -0.7716 0.5829
vn -0.0203 0.0441 -0.9988
vn -0.6056 0.3564 -0.7115
vn -0.3054 0.3184 -0.8974
vn 0.1062 -0.5762 0.8104
vn 0.3615 -0.6240 0.6928
vn 0.7627 0.6252 -0.1653
vn 0.5302 0.8429 0.0915
vn -0.8836 -0.4406 0.1586
vn 0.5729 0.8178 -0.0540
vn -0.4711 0.6842 -0.5566
vn 0.8868 0.3553 0.2955
vn -0.6614 -0.6989 -0.2722
vn 0.8274 -0.5395 -0.1558
vn 0.0070 -0.3255 -0.9455
vn 0.6696 -0.4914 -0.5570
vn 0.3065 -0.8491 0.4302
vn 0.4579 0.8794 0.1300
vn 0.3712 0.8938 0.2517
vn -0.0673 0.5951 0.8008
vn 0.3631 -0.4727 0.8029
vn -0.7736 -0.4961 0.3942
vn 0.0230 0.1273 0.9916
vn -0.9956 -0.0124 -0.0931
vn -0.7294 -0.4980 -0.4691
vn 0.9040 -0.2138 -0.3702
vn 0.1593 -0.7087 -0.6873
vn 0.1455 -0.9590 0.2431
vn -0.6402 -0.2201 -0.7360
vn 0.6981 0.3252 0.6379
vn 0.1453 0.8998 -0.4114
vn -0.3329 0.9101 -0.2468
vn 0.5509 -0.7824 -0.2903
vn -0.3055 -0.4090 0.8599
vn 0.1402 0.9206 -0.3645
vn 0.2540 0.9653 -0.0603
vn -0.3482 -0.9368 0.0344
vn 0.2099 0.6350 -0.7434
vn -0.2902 0.5299 -0.7969
vn -0.8451 -0.2168 -0.4887
vn 0.9331 0.2463 -0.2620
vn -0.6362 -0.5207 0.5693
vn 0.3007 -0.3301 0.8948
vn -0.4009 0.0031 0.9161
vn 0.8746 0.4128 -0.2541
vn 0.5493 -0.6860 0.4771
vn 0.6359 0.6908 0.3441
vn -0.2153 -0.2330 0.9484
vn 0.3216 -0.4466 0.8349
vn -0.3769 0.8593 0.3456
vn -0.1611 0.8926 -0.4210
vn 0.3006 0.1881 0.9350
vn 0.6914 0.6616 -0.2903
vn 0.4394 0.8980 -0.0211
vn 0.4665 0.7896 -0.3987
vn 0.2430 -0.9396 -0.2412
vn 0.3338 0.9261 -0.1758
vn -0.1185 0.0608 -0.9911
vn -0.3646 0.7885 0.4954
vn 0.5993 0.6167 -0.5105
vn 0.0985 0.9324 -0.3477
vn 0.2077 0.9347 -0.2886
vn 0.3786 0.5005 -0.7786
vn -0.9155 -0.1855 0.3571
vn 0.4432 0.3567 0.8224
vn -0.2125 0.6826 0.6992
vn 0.4043 -0.3049 -0.8623
vn -0.4910 -0.2199 -0.8429
vn 0.5364 -0.7678 0.3504
vn 0.3268 0.6988 -0.6363
vn 0.4024 0.1177 0.9079
vn 0.8215 -0.4559 0.3424
vn -0.3519 0.8675 -0.3517
vn -0.9988 -0.0229 0.0433
vn 0.7052 0.5905 -0.3925
vn 0.1804 0.9826 -0.0447
vn -0.1697 -0.6390 0.7502
vn -0.7587 -0.2047 0.6185
vn 0.4706 0.7690 -0.4327
vn 0.5929 -0.6794 -0.4323
vn 0.2545 -0.2984 -0.9199
vn -0.2987 -0.3940 -0.8692
vn 0.3759 -0.3305 -0.8657
vn -0.5385 0.3953 0.7442
vn 0.6351 -0.4991 -0.5895
vn -0.8611 -0.0278 -0.5077
vn 0.1812 0.6745 -0.7157
vn -0.3849 -0.8641 0.3242
vn 0.7289 -0.0194 0.6843
vn 0.1693 0.9725 -0.1600
vn -0.0890 -0.9312 -0.3535
vn 0.9961 0.0855 0.0219
vn -0.8623 0.1303 -0.4893
vn -0.9560 0.2196 0.1944
vn 0.5804 -0.6776 0.4516
vn 0.3388 0.7530 -0.5641
vn -0.0164 0.6624 -0.7490
vn 0.0531 0.7673 0.6390
vn -0.9343 -0.1823 0.3065
vn 0.4338 0.2181 -0.8742
vn 0.5255 -0.2400 -0.8162
vn -0.8244 -0.5651 0.0322
vn -0.3996 -0.5678 0.7196
vn -0.4254 -0.7051 0.5673
vn -0.5639 -0.3662 -0.7402
vn -0.0649 -0.8841 0.4628
vn -0.4093 -0.4136 0.8133
vn 0.9788 -0.0908 0.1835
vn 0.4258 0.9018 -0.0739
vn -0.9930 0.0033 -0.1184
vn 0.6118 -0.7839 0.1057
vn 0.2131 0.9397 -0.2677
vn -0.7301 -0.0445 0.6819
vn 0.6318 -0.0678 0.7722
vn 0.4983 -0.1581 -0.8525
vn 0.7434 0.6385 -0.1992
vn -0.8519 -0.1207 -0.5097
vn -0.1871 -0.9691 -0.1607
vn 0.5668 0.7152 -0.4090
vn 0.2529 0.8416 -0.4772
vn -0.8387 0.1576 -0.5213
vn -0.7958 0.4424 -0.4135
vn 0.4470 0.1375 0.8839
vn -0.4806 0.4558 -0.7492
vn 0.6329 0.0284 0.7737
vn -0.1848 -0.9413 -0.2823
vn 0.5348 -0.8356 -0.1257
vn -0.8337 -0.5436 0.0973
vn -0.3084 0.7269 0.6135
vn 0.9651 -0.0811 0.2491
vn 0.2237 0.0795 0.9714
vn 0.3761 -0.7268 -0.5748
vn -0.9132 -0.0743 0.4007
vn 0.6842 0.5857 0.4347
vn 0.2919 0.1242 0.9484
vn 0.2318 0.8306 -0.5063
vn 0.8955 0.4255 -0.1307
vn -0.3066 0.2526 -0.9177
vn -0.3617 0.8042 0.4717
vn -0.0659 0.9875 -0.1432
vn 0.8314 -0.3659 0.4182
vn 0.1104 -0.7674 0.6316
vn 0.6273 -0.3915 0.6732
vn -0.7584 0.4914 -0.4282
vn 0.2299 0.8146 -0.5325
vn 0.5216 0.7676 -0.3724
vn -0.8222 0.1827 -0.5390
vn 0.4251 -0.5629 -0.7088
vn 0.7177 -0.4212 0.5545
vn 0.1384 0.9125 0.3850
vn 0.1138 -0.7973 0.5927
vn -0.4583 -0.8633 -0.2113
vn 0.3634 -0.9297 0.0608
vn 0.4750 -0.8359 -0.2750
vn -0.3676 0.4010 -0.8391
vn 0.6025 -0.5565 -0.5720
vn -0.0362 -0.2904 0.9562
vn 0.3337 0.8764 -0.3472
vn -0.7347 -0.3091 -0.6039
vn 0.1112 0.9254 -0.3622
vn 0.3076 0.9358 -0.1725
vn -0.1386 -0.8529 -0.5033
vn 0.9263 -0.3617 -0.1059
vn 0.4324 -0.2194 0.8746
vn 0.2417 0.9607 0.1364
vn 0.7862 0.5459 -0.2897
vn 0.8226 0.1610 -0.5453
vn 0.0255 0.3916 -0.9198
vn 0.5195 0.0286 -0.8540
vn 0.1808 -0.9457 -0.2701
vn -0.6882 0.4496 0.5694
vn 0.2186 0.7743 -0.5939
vn -0.0271 0.3178 0.9478
vn 0.1228 0.9398 -0.3190
vn 0.5252 0.6594 -0.5379
vn -0.9816 -0.1879 -0.0331
vn -0.1111 -0.6125 0.7826
vn -0.1456 -0.7163 0.6824
vn 0.7021 0.2824 0.6537
vn 0.0407 0.9497 0.3105
vn 0.2391 -0.9598 0.1473
vn -0.8052 -0.2532 -0.5362
vn -0.0661 -0.9976 0.0221
vn -0.3788 -0.4725 0.7958
vn 0.5153 0.2120 0.8304
vn -0.0690 -0.6787 0.7312
vn 0.1010 -0.7932 0.6005
vn 0.5966 0.7996 -0.0684
vn -0.6923 -0.6501 -0.3132
vn -0.3245 -0.3186 -0.8906
vn 0.7341 -0.3962 -0.5514
vn 0.6093 0.7917 -0.0450
vn -0.3153 0.0816 -0.9455
vn -0.8003 0.5560 -0.2245
vn -0.0882 0.8666 -0.4912
vn -0.2055 -0.9438 -0.2590
vn 0.5326 -0.8193 -0.2122
vn -0.4899 -0.1747 -0.8541
vn 0.7735 0.3715 0.5134
vn 0.8236 -0.5588 0.0972
vn 0.6294 0.6116 -0.4794
vn 0.5209 0.5437 -0.6581
vn -0.6230 -0.6363 0.4550
vn 0.0609 0.1734 -0.9830
vn 0.1641 0.8274 -0.5371
vn 0.8920 -0.2398 -0.3832
vn 0.1372 -0.3702 0.9188
vn 0.4079 0.0101 0.9130
vn 0.7052 0.3260 0.6296
vn 0.6973 -0.4435 -0.5630
vn 0.5155 -0.5925 0.6191
vn 0.9396 -0.0742 -0.3340
vn 0.6058 0.7403 -0.2914
vn 0.9086 0.3542 -0.2213
vn -0.6258 -0.1776 0.7595
vn -0.2219 0.9600 -0.1708
vn -0.8887 -0.0286 0.4576
vn -0.5809 -0.0927 -0.8087
vn 0.4269 0.8172 -0.3873
vn 0.6034 0.5318 0.5942
vn -0.6907 0.5813 -0.4301
vn -0.1307 -0.8524 0.5063
vn 0.1235 0.9816 -0.1455
vn 0.1882 -0.6317 0.7520
vn 0.9979 -0.0373 -0.0536
vn 0.5785 -0.7896 -0.2048
vn 0.2526 -0.4973 -0.8300
vn 0.4199 -0.8195 0.3899
vn 0.9860 0.0845 -0.1438
vn -0.5846 -0.2402 -0.7750
vn 0.0566 0.8728 -0.4849
vn 0.9703 0.1519 0.1883
vn 0.8989 -0.2769 0.3397
vn 0.3524 -0.9266 0.1310
vn 0.7945 0.5569 -0.2422
vn -0.8212 -0.2775 -0.4986
vn 0.5287 0.1030 -0.8425
vn 0.5000 0.2308 -0.8347
vn 0.8857 0.4638 0.0198
vn 0.9206 -0.2830 -0.2690
vn -0.4049 -0.8910 0.2055
vn 0.7919 -0.3617 0.4921
vn 0.8754 0.4541 0.1656
vn 0.1528 -0.7139 -0.6833
vn 0.3337 -0.9340 -0.1279
vn 0.8966 0.2559 -0.3614
vn 0.8347 0.5321 -0.1420
vn 0.2778 -0.8785 0.3887
vn -0.1325 -0.9911 -0.0147
vn -0.1414 0.4213 -0.8958
vn -0.7433 -0.5456 -0.3871
vn -0.9033 -0.1891 0.3850
vn 0.8721 -0.1971 0.4479
vn -0.7671 -0.2022 -0.6089
vn -0.8554 -0.2157 -0.4710
vn 0.8832 -0.1694 0.4373
vn 0.0508 0.8916 -0.4499
vn 0.6544 0.6368 -0.4078
vn -0.4310 0.3359 -0.8375
vn 0.3862 0.5402 0.7477
vn -0.0221 -0.8619 -0.5066
vn 0.2198 0.8092 -0.5449
vn 0.3520 0.6075 -0.7121
vn 0.3946 -0.4810 0.7829
vn 0.7792 0.5573 -0.2869
vn 0.3453 -0.6430 0.6836
vn 0.8573 -0.5142 0.0236
vn 0.6372 0.7707 0.0029
vn 0.1474 -0.8661 0.4776
vn -0.9384 -0.3063 0.1602
vn 0.4014 -0.2220 -0.8886
vn 0.7382 0.6162 -0.2744
vn -0.1971 -0.0679 0.9780
vn 0.7380 0.6192 0.2681
vn -0.6509 -0.2849 -0.7037
vn 0.7363 -0.6638 0.1310
vn 0.7634 0.4542 -0.4593
vn 0.8917 0.1106 -0.4389
vn -0.2507 0.8272 -0.5029
vn 0.5215 0.8395 0.1528
vn -0.8933 -0.2907 -0.3427
vn -0.2897 0.5808 -0.7608
vn 0.0149 -0.7160 0.6979
vn -0.8824 0.4639 0.0786
vn 0.6204 0.7661 -0.1678
vn -0.8167 -0.2345 0.5273
vn 0.8238 0.3163 -0.4704
vn -0.3931 -0.8888 0.2354
vn -0.5117 0.2807 0.8120
vn 0.4003 0.9009 -0.1679
vn 0.3751 0.8647 -0.3340
vn -0.5228 0.3779 0.7641
vn 0.8042 0.0268 0.5938
vn -0.4532 -0.7024 0.5489
vn -0.8615 -0.5025 -0.0735
vn -0.5676 -0.0774 0.8197
vn 0.5781 -0.8013 0.1538
vn 0.2971 -0.9534 0.0517
vn -0.0513 -0.0773 0.9957
vn 0.7414 0.1841 0.6453
vn 0.7905 0.5858 -0.1787
vn 0.3925 0.1217 -0.9117
vn -0.0801 -0.9798 -0.1832
vn -0.9424 -0.2791 -0.1842
vn -0.9405 -0.2132 -0.2647
vn 0.8233 -0.5593 -0.0964
vn 0.3719 0.9267 -0.0544
vn -0.4930 0.7363 -0.4634
vn 0.3105 -0.5615 -0.7670
vn 0.1238 -0.5735 0.8098
vn -0.5637 -0.1962 -0.8023
vn -0.9063 -0.2295 -0.3549
vn -0.2867 -0.4536 -0.8439
vn -0.7749 -0.5202 -0.3590
vn -0.2707 -0.1504 0.9508
vn 0.7747 0.4955 0.3929
vn -0.8735 0.1510 -0.4629
vn -0.3264 0.1953 0.9248
vn -0.6390 -0.0424 -0.7680
vn 0.6876 0.1349 0.7135
vn 0.6132 -0.4212 0.6682
vn 0.8444 -0.4883 -0.2206
vn -0.3816 0.9053 -0.1866
vn -0.0306 0.0233 0.9993
vn -0.6287 -0.3902 -0.6727
vn 0.5048 -0.4076 -0.7609
vn 0.7416 -0.0320 -0.6700
vn -0.9816 -0.0057 -0.1909
vn -0.7007 -0.2516 -0.6677
vn 0.1802 0.4847 -0.8559
vn -0.9927 -0.0886 0.0813
vn -0.8012 -0.1189 0.5864
vn 0.2343 0.6021 -0.7633
vn 0.1901 -0.9353 -0.2983
vn 0.1326 0.5784 -0.8049
vn 0.9754 -0.0133 -0.2202
vn 0.6909 0.1259 -0.7119
vn -0.7531 -0.0959 -0.6509
vn 0.6940 -0.5889 -0.4142
vn -0.6565 -0.3974 0.6412
vn 0.9674 0.2513 0.0305
vn 0.8227 0.5681 0.0231
vn -0.9308 -0.3604 0.0608
vn 0.6181 0.0590 -0.7839
vn -0.9794 -0.1922 -0.0612
vn 0.3198 0.2857 0.9034
vn -0.4489 0.4379 -0.7789
vn 0.2623 -0.4848 0.8344
vn 0.0980 -0.4974 0.8620
vn -0.7358 -0.4488 -0.5071
vn 0.6858 0.7195 0.1096
vn 0.1016 0.4770 -0.8730
vn 0.4817 0.7620 -0.4328
vn -0.8312 0.0608 0.5527
vn -0.1748 0.9242 -0.3395
vn 0.1568 -0.8542 0.4957
vn -0.6977 0.2516 0.6708
vn 0.2823 0.7619 -0.5829
vn -0.1314 -0.4615 -0.8774
vn 0.8203 0.0575 -0.5690
vn 0.5362 0.0051 -0.8441
vn 0.6949 -0.6007 0.3954
vn 0.5973 -0.1048 0.7952
vn 0.5314 -0.1115 0.8397
vn -0.9788 -0.1910 0.0740
vn -0.8949 -0.3221 -0.3089
vn -0.9335 0.2451 -0.2616
vn 0.1836 -0.7224 -0.6666
vn 0.4573 0.8631 -0.2144
vn -0.5635 0.5478 -0.6184
vn 0.4723 0.5795 -0.6642
vn 0.6862 0.6970 0.2083
vn 0.4880 -0.6070 0.6273
vn -0.1849 -0.2566 -0.9487
vn 0.2960 -0.0305 0.9547
vn -0.6663 -0.2106 0.7153
vn 0.4750 -0.1082 0.8733
vn 0.7435 -0.6353 -0.2087
vn -0.8910 0.0478 -0.4514
vn -0.9447 -0.1958 -0.2631
vn -0.9255 -0.3043 -0.2257
vn -0.9854 -0.1573 -0.0652
vn -0.6089 0.7479 -0.2643
vn -0.9928 0.0872 -0.0824
vn -0.8706 -0.0671 0.4874
vn 0.9898 0.0012 0.1427
vn -0.8494 -0.5187 0.0975
vn 0.2306 -0.8238 -0.5178
vn 0.7168 0.3760 -0.5872
vn -0.9201 -0.1437 -0.3643
vn -0.9612 0.2703 -0.0549
vn -0.4345 -0.8941 -0.1082
vn -0.0584 -0.3676 0.9281
vn -0.6057 0.4280 -0.6708
vn -0.9622 -0.1443 0.2311
vn -0.7368 -0.1204 -0.6652
vn 0.8413 -0.3863 -0.3781
vn -0.5439 -0.6681 -0.5078
vn -0.4787 -0.7818 -0.3996
vn -0.2885 -0.6081 0.7396
vn 0.7823 -0.5798 -0.2278
vn 0.7705 0.5697 -0.2859
vn -0.0713 -0.8030 0.5917
vn -0.9666 -0.1092 -0.2319
vn -0.1297 -0.2978 0.9458
vn -0.5375 -0.0805 0.8394
vn -0.1761 0.5614 -0.8086
vn 0.0866 -0.9902 0.1097
vn 0.2166 0.3420 0.9144
vn -0.3819 -0.9242 0.0060
vn -0.8593 -0.2425 0.4503
vn -0.9961 0.0167 0.0870
vn 0.7002 -0.4537 0.5512
vn 0.5387 0.7420 0.3990
vn -0.1246 -0.0820 -0.9888
vn -0.7019 -0.3186 -0.6371
vn -0.1123 -0.2841 -0.9522
vn 0.5346 -0.8239 -0.1882
vn 0.9087 -0.1609 -0.3852
vn 0.1031 -0.1342 -0.9856
vn 0.9195 -0.1838 -0.3476
vn 0.1677 -0.1972 0.9659
vn 0.6111 -0.7843 0.1071
vn 0.8242 -0.5642 0.0486
vn -0.0408 -0.0288 0.9988
vn -0.6803 0.4722 0.5605
vn 0.7961 0.4922 0.3521
vn 0.8809 0.1109 0.4601
vn -0.1601 -0.6980 -0.6980
vn 0.2687 0.7165 -0.6438
vn -0.7256 -0.0768 -0.6838
vn 0.2818 0.2202 0.9339
vn 0.5621 -0.5040 0.6558
vn 0.1548 -0.0612 0.9860
vn -0.9743 0.2157 -0.0649
vn -0.8067 0.5893 0.0441
vn -0.7832 -0.5877 0.2031
vn 0.2147 -0.4288 0.8775
vn -0.1015 0.6737 -0.7320
vn 0.8595 -0.2412 -0.4507
vn 0.9385 -0.3448 -0.0168
vn 0.4716 0.2300 -0.8513
vn -0.3442 -0.8334 0.4325
vn 0.7778 -0.2528 0.5754
vn -0.4374 0.0124 0.8992
vn 0.4658 -0.3075 0.8297
vn -0.3290 -0.6445 -0.6902
vn -0.9015 -0.3413 0.2660
vn 0.6153 0.7807 -0.1091
vn 0.5585 0.5191 -0.6470
vn 0.0385 -0.2559 0.9659
vn 0.5559 0.0658 0.8287
vn -0.5616 0.7970 0.2224
vn -0.6610 0.6522 -0.3712
vn 0.3508 0.5131 -0.7834
vn 0.1065 0.9693 0.2217
vn 0.8714 0.0818 -0.4837
vn -0.0742 -0.0863 0.9935
vn 0.3675 0.9300 -0.0105
vn 0.2140 -0.8514 0.4789
vn -0.6833 0.3504 -0.6405
vn -0.6531 0.4515 -0.6080
vn -0.8158 -0.4414 -0.3736
vn -0.6748 -0.6747 0.2991
vn -0.5367 0.0683 0.8410
vn 0.4809 0.5932 0.6457
vn 0.3300 0.3295 -0.8846
vn -0.7242 0.4473 0.5248
vn 0.0322 -0.9555 -0.2933
vn -0.3006 0.9529 -0.0392
vn 0.5999 0.7158 -0.3575
vn -0.3563 0.5303 0.7693
vn -0.8976 -0.0617 -0.4365
vn 0.9648 -0.2618 -0.0229
vn 0.5779 0.5849 0.5691
vn -0.4218 0.7949 0.4361
vn -0.4136 0.6714 0.6149
vn -0.5816 -0.3816 0.7184
vn 0.4927 0.7792 -0.3874
vn -0.3552 0.2964 0.8866
vn 0.8808 0.4672 0.0774
vn 0.7336 0.6602 0.1613
vn 0.3899 -0.3253 0.8615
vn -0.1687 -0.7973 -0.5796
vn 0.9433 0.1401 0.3009
vn 0.6281 0.6438 0.4371
vn 0.3320 -0.1119 0.9366
vn 0.4612 -0.1502 0.8745
vn 0.8349 0.5461 -0.0680
vn 0.9159 0.3985 0.0471
vn 0.1116 -0.0888 -0.9898
vn -0.9173 -0.3846 0.1034
vn -0.7074 0.6429 -0.2938
vn -0.6136 -0.4962 -0.6142
vn 0.0335 0.7253 -0.6876
vn 0.3830 0.6693 -0.6366
vn -0.5775 0.7197 -0.3854
vn 0.0562 0.7892 0.6116
vn -0.9779 -0.1896 0.0882
vn -0.2438 -0.2307 -0.9420
vn 0.1645 -0.1816 -0.9695
vn 0.3248 -0.6740 -0.6635
vn 0.9763 -0.0897 -0.1969
vn 0.6561 -0.3310 -0.6782
vn -0.8680 -0.2146 -0.4478
vn -0.9791 0.1171 0.1663
vn 0.8061 0.5700 0.1593
vn -0.6052 0.5423 0.5829
vn 0.2935 -0.8591 -0.4193
vn 0.6195 -0.7843 0.0338
vn 0.7798 0.5898 -0.2098
vn 0.3410 -0.7156 0.6096
vn -0.2054 -0.9277 0.3118
vn -0.4337 -0.4755 -0.7654
vn 0.3030 -0.9520 0.0431
vn -0.3275 0.5315 -0.7812
vn 0.9344 -0.2707 -0.2315
vn 0.9688 0.1265 -0.2132
vn -0.6039 0.4998 0.6209
vn 0.9164 -0.3954 0.0621
vn 0.2849 -0.6171 0.7335
vn 0.7348 0.6400 -0.2245
vn -0.2061 -0.2075 -0.9563
vn -0.3977 0.1116 -0.9107
vn 0.3505 0.9158 0.1960
vn 0.5070 0.8568 -0.0937
vn -0.5395 -0.7862 -0.3014
vn 0.7570 0.6436 0.1132
vn 0.9486 -0.2921 -0.1220
vn -0.8711 -0.4571 0.1794
vn 0.4202 -0.3350 -0.8433
vn 0.9630 0.0639 -0.2617
vn 0.9303 0.3492 -0.1122
vn -0.7749 0.1578 0.6121
vn -0.4452 0.0643 -0.8931
vn -0.1050 0.9420 -0.3187
vn 0.2644 0.3182 0.9104
vn 0.5718 0.7853 -0.2373
vn 0.7993 0.5880 -0.1238
vn 0.6216 0.7577 0.1987
vn -0.3627 0.9161 0.1709
vn 0.2486 -0.8899 0.3824
vn -0.4069 0.5559 -0.7249
vn 0.6997 0.6326 -0.3320
vn -0.6091 0.6774 0.4125
vn 0.7514 0.0381 0.6588
vn 0.7894 -0.0630 0.6107
vn -0.9404 -0.3400 0.0085
vn 0.2837 -0.9589 -0.0098
vn 0.3640 -0.6044 0.7086
vn 0.1011 0.4249 -0.8996
vn 0.2289 -0.4643 0.8556
vn 0.0995 -0.1562 0.9827
vn 0.4930 -0.1360 0.8593
vn 0.8382 -0.4987 0.2207
vn 0.8352 -0.3476 0.4261
vn -0.8810 0.4219 0.2140
vn 0.9967 0.0778 0.0250
vn 0.7862 0.3917 -0.4780
vn 0.8484 -0.4867 -0.2083
vn -0.9449 -0.3060 -0.1163
vn 0.4154 0.7015 -0.5791
vn 0.1069 0.2067 0.9726
vn -0.3320 -0.1133 0.9364
vn 0.1577 0.9614 0.2257
vn -0.2820 0.1113 0.9529
vn -0.0440 0.9896 -0.1371
vn 0.8614 -0.2839 0.4211
vn 0.9775 0.0346 0.2078
vn -0.5959 0.7828 0.1794
vn 0.7187 -0.6567 -0.2284
vn -0.9138 -0.0115 -0.4059
vn 0.8209 0.5564 -0.1287
vn 0.7931 0.5878 0.1599
vn 0.2083 -0.8246 0.5260
vn 0.9049 0.0305 0.4246
vn 0.2453 0.2421 0.9387
vn -0.0922 -0.1749 -0.9803
vn 0.5827 0.0195 0.8124
vn 0.6838 -0.1041 0.7222
vn 0.7023 0.3073 -0.6421
vn 0.7382 0.4339 -0.5165
vn -0.5717 -0.0152 -0.8203
vn 0.7256 0.6028 0.3320
vn -0.2489 0.9500 0.1885
vn 0.7953 -0.6048 -0.0410
vn -0.5031 0.8613 0.0718
vn -0.9865 -0.1633 -0.0081
vn 0.4970 0.7337 0.4634
vn -0.6858 0.6942 0.2187
vn 0.4120 -0.6259 -0.6622
vn 0.7220 -0.6534 -0.2277
vn 0.7359 -0.6454 -0.2048
vn 0.4560 -0.8876 -0.0645
vn -0.1025 0.9936 0.0465
vn 0.0943 -0.0772 0.9925
vn 0.2871 -0.9564 0.0532
vn -0.6132 -0.2635 -0.7447
vn 0.0557 0.9939 0.0947
vn 0.8261 0.4765 -0.3007
vn 0.6223 -0.1901 -0.7593
vn 0.3257 0.0035 -0.9455
vn 0.5828 0.8084 0.0825
vn 0.9145 0.4044 0.0123
vn 0.5187 0.1852 0.8347
vn 0.6208 0.1870 -0.7613
vn 0.8158 -0.0973 0.5701
vn 0.9749 -0.1239 0.1847
vn 0.9183 -0.2748 -0.2850
vn 0.5936 0.4782 -0.6472
vn -0.7881 -0.3913 -0.4752
vn 0.1073 0.2847 -0.9526
vn 0.0670 -0.8445 -0.5314
vn 0.9134 -0.2736 -0.3014
vn -0.8536 -0.3978 -0.3363
vn 0.4431 -0.6054 -0.6611
vn 0.9620 0.2649 0.0661
vn 0.0829 -0.4441 0.8921
vn 0.4547 -0.8037 -0.3837
vn -0.0380 -0.6491 -0.7597
vn 0.5087 0.0438 0.8598
vn 0.8081 0.5798 -0.1041
vn 0.7750 -0.5642 0.2848
vn -0.0289 0.0828 -0.9961
vn 0.8602 0.0875 0.5024
vn 0.8535 0.4875 -0.1840
vn -0.7020 -0.5814 -0.4113
vn 0.0172 -0.9656 -0.2596
vn -0.4133 -0.7174 0.5609
vn 0.7320 0.1651 -0.6610
vn 0.7320 -0.1269 -0.6693
vn -0.4816 0.3919 -0.7839
vn -0.4284 0.8980 -0.1002
vn -0.3791 -0.4067 0.8312
vn 0.7997 0.3597 -0.4807
vn -0.5746 0.5372 0.6175
vn 0.9272 -0.3176 0.1987
vn 0.8716 -0.3130 0.3772
vn 0.8080 0.3111 0.5003
vn -0.7024 0.7065 0.0868
vn 0.3199 -0.4755 -0.8195
vn 0.2109 0.1910 0.9587
vn 0.0342 -0.0645 -0.9973
vn 0.6696 -0.6630 -0.3349
vn 0.9935 0.1048 0.0433
vn 0.6290 -0.0685 0.7744
vn 0.6694 0.5163 -0.5342
vn -0.2209 -0.4435 -0.8686
vn 0.7882 -0.1821 -0.5879
vn 0.7875 0.5211 0.3291
vn 0.9238 -0.3377 0.1805
vn -0.3359 -0.2407 -0.9106
vn 0.6840 -0.7140 0.1495
vn 0.8616 0.3894 -0.3255
vn 0.6595 0.7221 0.2090
vn -0.5046 -0.8632 0.0165
vn 0.5451 0.7603 0.3533
vn 0.9896 -0.1423 0.0226
vn 0.9406 -0.0736 0.3314
vn 0.9655 -0.2599 -0.0142
vn 0.6376 0.7697 0.0323
vn -0.1941 0.7139 -0.6728
vn 0.7726 -0.5864 -0.2433
vn 0.6807 -0.7186 0.1423
vn -0.4320 0.5994 0.6739
vn 0.5547 0.8303 0.0548
vn 0.8384 -0.1300 -0.5293
vn 0.8721 0.3493 -0.3427
vn 0.1127 -0.0818 0.9903
vn -0.3959 -0.1373 -0.9080
vn 0.5149 0.7337 0.4434
vn 0.4971 -0.8580 -0.1292
vn 0.6947 0.3154 -0.6465
vn -0.0646 0.4607 0.8852
vn 0.9958 -0.0756 0.0522
vn 0.2397 -0.0059 -0.9708
vn 0.2821 0.1156 -0.9524
vn -0.3095 -0.7136 -0.6285
vn 0.6566 0.0172 0.7540
vn 0.9971 -0.0575 0.0496
vn 0.5186 0.7752 0.3608
vn 0.7266 0.6594 -0.1930
vn -0.4048 -0.9139 0.0290
vn -0.4788 -0.8611 0.1709
vn 0.2509 -0.8782 -0.4071
vn 0.4846 -0.5357 0.6916
vn 0.6921 0.6749 -0.2559
vn 0.5860 0.0691 0.8074
vn 0.1991 -0.2353 -0.9513
vn -0.2894 -0.2501 -0.9240
vn -0.3550 -0.5376 -0.7649
vn -0.3394 -0.6177 -0.7094
vn -0.0718 -0.4674 0.8811
vn 0.2218 -0.3455 -0.9119
vn 0.6768 -0.6353 -0.3720
vn -0.4273 0.8068 0.4080
vn 0.2823 0.5892 -0.7571
vn 0.6698 0.7363 -0.0959
vn 0.1483 -0.9768 -0.1548
vn 0.7059 -0.7066 -0.0486
vn -0.7784 -0.3244 0.5374
vn 0.5590 0.5592 -0.6122
vn 0.3674 0.8230 0.4332
vn 0.3303 0.0465 -0.9427
vn 0.8749 -0.1932 -0.4440
vn 0.6738 0.1413 -0.7253
vn 0.5801 -0.3005 -0.7571
vn 0.1237 0.0743 -0.9895
vn 0.0172 0.4339 0.9008
vn -0.0801 0.9930 -0.0867
vn 0.9225 0.3350 -0.1919
vn 0.9493 0.0147 -0.3139
vn 0.7409 -0.2510 -0.6229
vn 0.4929 -0.0242 -0.8698
vn 0.7393 -0.1152 0.6634
vn 0.7273 0.5145 0.4543
vn 0.9960 0.0877 0.0180
vn 0.5351 0.7123 -0.4541
vn 0.8625 -0.0945 -0.4972
vn 0.6810 0.0870 -0.7271
vn 0.9416 0.0587 -0.3317
vn 0.2184 -0.1917 -0.9568
vn 0.8081 -0.5363 -0.2437
vn 0.1441 0.9497 0.2780
vn -0.1634 -0.1283 -0.9782
vn -0.3421 0.4665 0.8157
vn -0.2854 0.9573 -0.0464
vn 0.5699 0.5274 -0.6302
vn 0.5414 -0.8184 0.1926
vn 0.1852 0.3136 -0.9313
vn 0.9493 0.0148 -0.3139
vn -0.3824 0.8149 0.4356
vn 0.0391 0.2465 0.9684
vn -0.4133 -0.9091 -0.0519
vn 0.3012 0.4830 -0.8222
vn -0.7062 -0.6808 -0.1944
vn 0.8521 -0.1395 0.5045
vn 0.9863 -0.1117 -0.1210
vn 0.8507 0.3033 0.4293
vn 0.9611 -0.0608 -0.2696
vn 0.5568 0.8038 -0.2094
vn 0.1951 -0.2746 0.9416
vn 0.1303 0.0659 -0.9893
vn 0.2617 0.5606 0.7857
vn 0.7918 -0.0845 0.6049
vn 0.7289 -0.4114 0.5472
vn -0.7876 -0.4011 0.4678
vn 0.5836 -0.6291 -0.5135
vn 0.7207 -0.3913 0.5723
vn 0.8689 -0.0157 0.4947
vn 0.7488 0.0403 -0.6616
vn 0.9626 0.2622 -0.0677
vn 0.8465 -0.3847 0.3680
vn 0.3970 0.9177 -0.0141
vn 0.5223 -0.0439 0.8516
vn 0.3376 -0.9395 -0.0582
vn -0.1535 0.3423 0.9270
vn 0.1576 0.9345 0.3192
vn -0.2273 -0.5429 -0.8084
vn -0.1937 -0.6641 -0.7221
vn 0.8902 0.0222 -0.4551
vn 0.9618 -0.2296 -0.1490
vn 0.9646 0.2436 0.1007
vn 0.0945 -0.0765 -0.9926
vn -0.4113 -0.8777 0.2458
vn 0.4573 -0.8735 0.1666
vn 0.0957 -0.5319 0.8414
vn -0.1135 0.9288 -0.3527
vn 0.9250 0.3111 0.2181
vn 0.9227 0.3363 -0.1885
vn -0.0253 -0.4693 -0.8827
vn 0.3310 -0.3408 0.8799
vn 0.2144 -0.0170 0.9766
vn -0.8274 -0.4296 -0.3616
vn -0.4459 0.8565 0.2601
vn 0.3379 -0.1253 -0.9328
vn 0.9441 0.2598 0.2031
vn 0.8863 0.2612 -0.3823
vn -0.4027 -0.6823 -0.6102
vn 0.8616 0.2560 0.4382
vn 0.6280 0.7454 0.2237
vn 0.9577 0.1735 0.2294
vn 0.6860 -0.1252 -0.7168
vn 0.1315 -0.2539 -0.9583
vn 0.9953 -0.0939 -0.0253
vn 0.7918 -0.5798 -0.1919
vn -0.1115 0.8966 -0.4286
vn -0.0495 0.4485 0.8924
vn -0.0287 -0.2893 -0.9568
vn 0.0702 0.5734 -0.8163
vn 0.9200 0.2747 -0.2797
vn 0.8161 0.4252 0.3913
vn 0.7493 0.4733 -0.4631
vn 0.8622 -0.4996 0.0836
vn 0.2762 0.3150 0.9080
vn 0.2425 -0.8182 0.5213
vn 0.6773 0.7125 0.1835
vn 0.8991 -0.0941 -0.4276
vn -0.2167 0.4730 0.8540
vn -0.7477 -0.6110 -0.2599
vn 0.9707 0.1465 -0.1907
vn 0.8386 0.5399 0.0721
vn 0.9328 0.3096 -0.1847
vn 0.7417 -0.6431 0.1905
vn 0.6592 0.4793 -0.5794
vn 0.1090 -0.7406 -0.6631
vn 0.9157 0.2413 0.3213
vn -0.5356 -0.6906 -0.4860
vn -0.5179 -0.8517 0.0799
vn 0.9877 -0.1547 -0.0216
vn 0.7296 0.6116 -0.3059
vn 0.8423 0.2961 0.4504
vn -0.2270 0.8565 -0.4636
vn 0.8048 0.5934 0.0118
vn 0.6049 0.1831 0.7750
vn 0.9782 0.1747 0.1120
vn 0.2831 0.3955 0.8738
vn 0.9811 -0.0196 0.1925
vn 0.0202 0.9521 -0.3053
vn 0.9961 -0.0795 0.0390
vn 0.6068 0.5828 -0.5405
vn 0.9697 0.2405 0.0438
vn 0.9799 0.1450 0.1367
vn 0.3958 0.8672 0.3020
vn 0.1900 -0.9817 0.0119
vn 0.7951 -0.5955 -0.1150
vn 0.0931 -0.7248 -0.6826
vn -0.3161 0.6098 0.7268
vn 0.4285 -0.2091 -0.8790
vn -0.1625 -0.7655 -0.6226
vn 0.5388 -0.0610 0.8402
vn 0.9701 -0.2411 0.0275
vn 0.0222 -0.1148 -0.9931
vn 0.6559 -0.2196 0.7222
vn 0.6505 -0.2580 -0.7143
vn -0.0020 -0.2296 0.9733
vn -0.3539 0.2135 -0.9106
vn 0.9301 0.3231 -0.1744
vn 0.1663 0.6810 0.7131
vn 0.6703 -0.0398 -0.7410
vn 0.6205 -0.7438 -0.2486
vn 0.7547 0.1140 -0.6461
vn 0.6165 -0.4889 -0.6172
vn 0.5040 -0.0664 -0.8612
vn 0.6785 -0.4463 -0.5835
vn -0.8695 -0.4876 -0.0791
vn 0.8489 -0.4862 0.2072
vn 0.4477 -0.8742 0.1880
vn -0.9272 -0.2357 -0.2909
vn 0.0363 0.9513 0.3061
vn 0.5113 0.8224 0.2493
vn 0.8352 0.3106 -0.4538
vn 0.3472 0.6362 -0.6890
vn -0.3645 -0.3601 0.8588
vn -0.3453 -0.3310 0.8782
vn -0.1705 -0.9840 -0.0517
vn 0.7787 -0.6015 0.1784
vn 0.6908 -0.7224 0.0299
vn 0.4882 0.2029 -0.8488
vn 0.5256 -0.3801 -0.7611
vn 0.7526 0.6111 -0.2450
vn -0.7918 -0.5218 0.3174
vn 0.9791 0.1600 -0.1258
vn 0.0433 -0.9921 0.1181
vn -0.9277 -0.1879 -0.3226
vn 0.3163 -0.6212 0.7170
vn 0.5487 -0.8323 0.0782
vn 0.0720 -0.3034 -0.9501
vn 0.2972 -0.9146 -0.2743
vn 0.3185 -0.7511 0.5783
vn 0.2163 -0.9093 -0.3555
vn 0.9282 -0.3296 0.1727
vn 0.9307 -0.2108 0.2990
vn 0.7218 0.5592 0.4078
vn 0.8057 0.5516 0.2157
vn 0.2429 -0.8295 -0.5030
vn -0.5098 -0.8602 -0.0105
vn 0.6615 0.6492 -0.3755
vn 0.8927 0.2429 -0.3795
vn 0.8341 0.5427 -0.0988
vn 0.2661 0.2366 0.9344
vn -0.1078 -0.4396 -0.8917
vn 0.9742 -0.1463 -0.1718
vn 0.6572 0.1541 0.7378
vn -0.1647 -0.9253 -0.3415
vn 0.8525 -0.3662 0.3730
vn 0.1361 0.3505 -0.9266
vn 0.7057 0.6939 -0.1430
vn 0.9292 -0.3686 0.0268
vn 0.4208 0.3105 -0.8524
vn -0.0353 -0.9773 -0.2090
vn 0.1781 -0.2368 -0.9551
vn -0.4179 -0.2374 -0.8769
vn 0.7276 0.6556 0.2018
vn 0.8914 0.0905 0.4442
vn 0.2438 -0.3691 0.8968
vn 0.8638 0.0075 0.5038
vn 0.6901 0.7065 -0.1567
vn -0.7455 0.5949 0.3006
vn 0.5358 -0.5464 0.6438
vn 0.9392 0.2772 0.2025
vn 0.3223 0.8775 -0.3552
vn 0.6235 0.7579 -0.1919
vn 0.7138 0.6792 0.1705
vn 0.7977 0.4483 0.4034
vn 0.1621 0.1439 0.9762
vn 0.3282 -0.8955 0.3007
vn 0.9453 0.1196 0.3034
vn 0.6281 -0.7143 -0.3088
vn 0.2519 0.4960 0.8310
vn -0.4249 -0.7503 -0.5065
vn -0.2891 -0.5092 -0.8106
vn 0.5945 0.2190 -0.7737
vn 0.8136 0.1793 -0.5531
vn 0.3621 0.3171 -0.8766
vn -0.0541 -0.9185 -0.3916
vn 0.6177 -0.5016 -0.6057
vn 0.6514 -0.1957 -0.7331
vn 0.1970 0.6619 0.7232
vn 0.8141 0.4399 -0.3791
vn 0.8998 0.3633 0.2418
vn 0.6060 -0.7213 -0.3353
vn -0.7995 -0.0341 0.5997
vn -0.0953 0.1482 -0.9844
vn 0.7383 -0.5332 0.4131
vn 0.6971 -0.5899 -0.4074
vn 0.4213 -0.1472 -0.8949
vn 0.6618 -0.6311 -0.4046
vn 0.9788 0.1103 0.1728
vn 0.0546 0.9733 0.2231
vn -0.7661 0.4585 0.4503
vn -0.1255 0.9830 0.1339
vn 0.4203 -0.7123 -0.5621
vn -0.1367 -0.9514 -0.2760
vn 0.2333 -0.9497 0.2088
vn 0.9611 0.2757 -0.0168
vn 0.5614 -0.7052 -0.4331
vn 0.1459 0.3314 0.9321
vn -0.1182 -0.9868 0.1105
vn 0.9299 0.2664 0.2537
vn 0.9210 0.1998 0.3345
vn 0.4463 -0.8860 -0.1257
vn -0.0490 -0.9676 0.2476
vn -0.0002 -0.9769 0.2138
vn 0.9677 -0.1078 0.2280
vn -0.2610 -0.1546 -0.9529
vn 0.4338 -0.8965 -0.0895
vn 0.3919 -0.9156 -0.0898
vn 0.9497 0.2573 0.1786
vn 0.7649 0.5072 -0.3971
vn 0.6302 0.7019 -0.3320
vn 0.2790 -0.2578 -0.9250
vn 0.8572 0.5100 0.0712
vn 0.9651 0.2223 -0.1388
vn 0.7366 0.3887 -0.5534
vn -0.6330 -0.6676 0.3919
vn 0.7643 0.0822 0.6396
vn 0.5581 -0.2720 -0.7839
vn 0.8852 0.4263 -0.1864
vn -0.3880 -0.0154 0.9215
vn -0.3666 -0.0123 0.9303
vn 0.2371 -0.6492 -0.7227
vn 0.8169 -0.0292 0.5761
vn 0.5823 -0.2185 0.7831
vn 0.5877 -0.2072 -0.7821
vn 0.8315 0.5398 0.1316
vn 0.4811 -0.0557 -0.8749
vn 0.9019 0.3629 -0.2342
vn 0.9093 0.3971 -0.1244
vn 0.2060 0.1875 0.9604
vn 0.8495 0.5069 -0.1464
vn 0.6270 -0.7786 0.0259
vn 0.9305 -0.1388 0.3390
vn 0.1986 -0.4512 -0.8700
vn 0.7757 0.6084 -0.1676
vn 0.8496 -0.0336 -0.5263
vn 0.9451 0.1903 -0.2655
vn 0.9047 -0.2944 0.3080
vn -0.0828 -0.6917 0.7174
vn 0.1096 -0.2370 0.9653
vn -0.1114 -0.9936 -0.0178
vn -0.2138 -0.8244 -0.5240
vn -0.1353 -0.3269 0.9353
vn 0.1123 -0.3828 -0.9170
vn 0.8433 -0.1164 0.5247
vn 0.4211 -0.8702 0.2558
vn -0.1930 -0.3012 0.9338
vn -0.0759 0.9814 0.1763
vn 0.4078 -0.0316 -0.9125
vn 0.6245 -0.4889 -0.6091
vn 0.2267 0.3743 0.8992
vn 0.4747 -0.8607 -0.1839
vn -0.0089 0.9763 0.2162
vn 0.2303 0.5970 0.7684
vn -0.1149 -0.4585 -0.8813
vn 0.6703 0.5523 0.4956
vn -0.6872 -0.1375 0.7133
vn 0.8693 0.4856 0.0923
vn 0.2429 -0.7315 -0.6371
vn 0.9122 0.2070 -0.3535
vn 0.7538 0.2675 -0.6002
vn 0.9634 -0.0863 0.2536
vn -0.9851 0.0143 0.1717
vn 0.2747 -0.0108 -0.9615
vn 0.5316 -0.3567 0.7682
vn 0.9556 -0.0079 -0.2946
vn 0.2413 -0.2407 0.9401
vn 0.3998 0.6737 -0.6215
vn 0.0664 0.9962 -0.0564
vn 0.6922 0.5766 0.4341
vn 0.7642 0.5539 -0.3303
vn 0.9672 -0.1026 -0.2323
vn 0.8992 0.3528 0.2588
vn 0.9494 -0.2779 -0.1464
vn -0.1314 -0.0454 0.9903
vn 0.5986 0.7639 0.2411
vn 0.8401 0.5168 0.1650
vn 0.8934 -0.1722 0.4149
vn 0.8614 -0.4849 0.1512
vn 0.4158 0.7963 0.4394
vn -0.9829 -0.0678 0.1711
vn 0.0596 0.9369 0.3446
vn -0.0336 0.3508 0.9358
vn 0.7335 0.1501 -0.6629
vn 0.9149 0.2858 -0.2850
vn 0.4237 0.7143 -0.5570
vn -0.0481 -0.2857 -0.9571
vn 0.4157 -0.1379 -0.8990
vn -0.0718 -0.8626 -0.5007
vn 0.7615 -0.2950 -0.5771
vn 0.8474 -0.2437 -0.4718
vn -0.0019 0.0302 -0.9995
vn 0.5616 -0.5919 -0.5782
vn 0.0034 -0.9998 -0.0170
vn 0.8787 -0.2679 -0.3952
vn 0.0331 -0.9970 -0.0704
vn 0.5857 0.2522 -0.7703
vn 0.9692 0.1845 0.1631
vn 0.9163 0.3986 0.0392
vn 0.3534 0.7008 0.6197
vn 0.6505 -0.0510 -0.7578
vn -0.3479 0.9146 -0.2060
vn 0.4649 0.8653 0.1875
vn -0.3007 0.9526 0.0455
vn -0.3074 0.9456 -0.1065
vn -0.5379 -0.6821 -0.4954
vn 0.9846 0.1353 -0.1107
vn 0.1476 0.7192 0.6790
vn -0.7419 -0.5406 -0.3966
vn -0.2014 -0.2178 0.9550
vn 0.4064 0.4298 0.8063
vn 0.4525 0.7583 -0.4693
vn 0.8146 0.5232 -0.2504
vn 0.9240 -0.3173 -0.2134
vn 0.5650 0.3311 -0.7558
vn 0.9946 -0.0425 -0.0944
vn 0.5411 0.4009 0.7393
vn -0.5367 0.4270 0.7278
vn -0.3420 -0.8729 -0.3479
vn 0.5676 0.8030 -0.1819
vn 0.3976 -0.9066 0.1411
vn 0.8180 -0.0936 0.5676
vn 0.7080 -0.0966 -0.6995
vn 0.9590 -0.1857 0.2141
vn 0.2505 0.9599 0.1261
vn 0.5608 -0.7567 0.3359
vn -0.6649 -0.4660 -0.5838
vn -0.0129 -0.3582 0.9336
vn 0.1438 -0.8567 -0.4953
vn 0.7602 0.5756 -0.3013
vn 0.8244 0.2653 0.4999
vn 0.7330 -0.6787 -0.0453
vn 0.9208 -0.2622 -0.2887
vn 0.1027 -0.7060 -0.7007
vn 0.4581 0.8607 -0.2222
vn 0.1033 -0.9377 0.3318
vn 0.6150 -0.3652 -0.6989
vn 0.5160 0.2028 0.8322
vn 0.9480 -0.3181 0.0094
vn 0.8073 0.5443 0.2281
vn 0.9922 -0.0234 -0.1223
vn 0.7982 0.0219 0.6020
vn 0.9322 0.0630 -0.3563
vn 0.2261 -0.0619 0.9721
vn 0.7049 -0.4990 -0.5041
vn 0.3427 -0.4724 -0.8120
vn -0.2794 -0.9561 -0.0885
vn 0.7323 -0.2760 0.6226
vn 0.7905 -0.5947 -0.1463
vn 0.6308 0.3908 -0.6703
vn 0.7463 0.3375 -0.5736
vn 0.8528 -0.1001 -0.5126
vn 0.6386 -0.7446 -0.1943
vn 0.7977 -0.0053 -0.6030
vn -0.8406 0.4995 -0.2098
vn 0.8492 -0.3139 -0.4247
vn 0.7267 0.5305 0.4364
vn 0.9746 0.2095 -0.0787
vn -0.0149 0.9912 -0.1313
vn 0.3782 -0.8211 -0.4274
vn -0.6303 -0.7255 -0.2765
vn 0.8758 0.1062 0.4708
vn -0.0390 -0.5288 -0.8479
vn -0.2207 0.7606 -0.6106
vn 0.0657 -0.0248 -0.9975
vn -0.3314 -0.9245 -0.1883
vn 0.7817 -0.3981 -0.4801
vn 0.7837 -0.5142 0.3485
vn 0.6843 -0.7292 0.0004
vn 0.7558 -0.5908 -0.2823
vn 0.7328 0.6790 -0.0440
vn 0.9607 0.2773 0.0104
vn 0.8268 0.5313 0.1848
vn 0.2868 -0.3623 0.8868
vn 0.1727 0.1625 -0.9715
vn 0.0902 0.0149 0.9958
vn -0.2978 -0.8473 -0.4398
vn 0.5209 0.8414 -0.1443
vn 0.4494 0.8930 -0.0253
vn 0.2461 -0.5435 0.8025
vn 0.2901 0.9522 0.0956
vn 0.9157 0.2758 -0.2922
vn 0.6590 0.7517 0.0248
vn 0.7261 -0.0666 0.6843
vn 0.8339 0.5290 -0.1574
vn -0.0186 0.2846 -0.9585
vn -0.0146 -0.6829 -0.7304
vn 0.8034 0.3512 0.4808
vn -0.3593 0.9201 0.1557
vn 0.3007 0.9411 -0.1545
vn 0.5255 -0.7704 0.3610
vn -0.0082 -0.9999 -0.0150
vn 0.9841 -0.1680 0.0581
vn 0.5340 -0.3523 -0.7686
vn 0.9008 0.0453 0.4319
vn 0.7840 0.6008 -0.1562
vn 0.7629 0.1998 -0.6148
vn 0.9816 -0.1138 0.1535
vn 0.6859 -0.0292 -0.7271
vn 0.4532 -0.0136 -0.8913
vn 0.9507 0.1220 0.2850
vn 0.9628 -0.2648 0.0532
vn 0.4356 0.4547 -0.7768
vn -0.1448 -0.7740 0.6164
vn 0.2768 0.9503 -0.1427
vn 0.8984 0.3401 0.2777
vn 0.8381 -0.5447 -0.0283
vn 0.3718 -0.3896 -0.8426
vn 0.6239 -0.4670 0.6266
vn 0.3349 0.7093 -0.6203
vn -0.1914 0.8527 0.4860
vn -0.2985 -0.4551 0.8389
vn -0.3261 -0.9450 -0.0252
vn 0.7982 -0.5874 -0.1331
vn 0.9378 0.1987 0.2846
vn 0.9179 -0.3603 -0.1663
vn 0.1065 -0.7239 -0.6817
vn -0.0217 -0.2344 -0.9719
vn 0.1104 0.5379 0.8357
vn 0.1742 0.0060 0.9847
vn 0.5535 0.2693 0.7881
vn 0.8255 -0.1369 -0.5476
vn 0.7387 -0.5766 -0.3492
vn 0.6387 0.6443 -0.4206
vn 0.3329 -0.2169 0.9177
vn 0.5288 0.6671 0.5248
vn 0.4979 -0.8532 0.1556
vn 0.7067 0.0528 0.7056
vn 0.6689 0.3739 -0.6424
vn -0.7784 0.3506 -0.5208
vn 0.9410 -0.3344 -0.0514
vn 0.8728 0.3610 -0.3284
vn -0.0510 -0.4224 -0.9050
vn 0.8440 0.5188 0.1364
vn 0.4626 -0.6754 -0.5743
vn 0.8242 -0.0915 0.5588
vn 0.2456 0.9012 -0.3570
vn 0.5311 0.6483 -0.5455
vn 0.9855 0.1616 -0.0520
vn 0.6298 -0.5210 -0.5762
vn 0.2783 0.1510 0.9485
vn 0.3150 -0.0188 0.9489
vn 0.8566 0.2616 -0.4448
vn 0.4498 -0.8833 -0.1322
vn 0.8854 -0.0981 -0.4545
vn 0.8920 -0.2815 -0.3537
vn -0.2075 -0.5228 -0.8268
vn 0.7598 -0.6094 0.2265
vn 0.7073 0.4608 -0.5361
vn 0.7848 0.1634 0.5978
vn -0.0417 -0.7543 -0.6552
vn 0.1769 -0.5653 -0.8057
vn 0.9127 0.2903 0.2876
vn -0.2489 0.1922 -0.9493
vn 0.2931 -0.5196 -0.8026
vn -0.1508 0.1567 0.9761
vn 0.9902 -0.0211 -0.1384
vn 0.7309 0.6619 0.1666
vn 0.1376 -0.2973 0.9448
vn 0.5450 0.7990 0.2541
vn -0.2058 0.2787 0.9381
vn -0.5349 -0.6898 0.4879
vn 0.2083 -0.5324 -0.8205
vn 0.9646 -0.0220 -0.2627
vn 0.3287 -0.0737 0.9416
vn -0.5631 -0.8059 0.1827
vn 0.5097 -0.8475 -0.1483
vn 0.4292 -0.8937 -0.1309
vn 0.2526 0.5633 -0.7867
vn 0.6548 0.0056 0.7558
vn 0.5395 -0.7984 -0.2673
vn 0.9676 -0.1009 0.2316
vn 0.8651 -0.4383 0.2439
vn 0.3262 0.6552 0.6814
vn -0.2262 0.8719 0.4343
vn 0.7119 -0.0747 -0.6983
vn 0.3295 -0.9439 0.0213
vn 0.6453 0.0677 -0.7609
vn 0.5145 -0.6237 0.5885
vn 0.2470 0.2928 -0.9237
vn 0.6195 -0.2123 0.7557
vn 0.2365 -0.0737 0.9688
vn 0.5861 0.0343 0.8095
vn 0.2000 -0.8040 -0.5600
vn -0.5402 -0.7688 0.3423
vn 0.8388 -0.1339 -0.5277
vn 0.8477 -0.2392 -0.4735
vn 0.8137 0.3936 -0.4279
vn 0.6179 -0.4898 0.6150
vn -0.0793 -0.9967 0.0179
vn -0.7198 -0.2273 0.6559
vn 0.7977 0.4645 -0.3845
vn -0.3157 -0.9487 0.0185
vn 0.4961 0.3414 -0.7983
vn 0.6398 0.6209 -0.4530
vn 0.9516 0.2647 0.1561
vn 0.4064 0.4639 -0.7872
vn 0.3675 -0.9163 -0.1593
vn 0.8015 0.4852 0.3496
vn 0.3864 0.1396 -0.9117
vn -0.2106 -0.8736 -0.4387
vn -0.2875 -0.9539 0.0862
vn 0.2360 -0.9694 -0.0680
vn -0.0445 0.0284 -0.9986
vn 0.6630 0.6569 0.3591
vn -0.0910 0.9646 0.2476
vn 0.8240 0.4037 0.3975
vn -0.4103 -0.8498 0.3308
vn 0.2406 0.6260 0.7418
vn 0.8453 0.5341 0.0159
vn 0.6329 0.1130 0.7660
vn -0.2899 -0.4262 -0.8569
vn -0.2545 -0.8964 -0.3628
vn -0.1693 -0.4493 -0.8772
vn -0.5370 -0.5100 -0.6719
vn 0.5821 0.4806 0.6558
vn 0.9054 -0.4186 -0.0705
vn 0.5915 0.4586 -0.6632
vn 0.0485 -0.5291 0.8472
vn -0.3617 -0.5633 0.7428
vn 0.2621 -0.8230 -0.5039
vn 0.9684 -0.2493 0.0102
vn 0.6281 -0.7513 -0.2025
vn 0.9612 0.2402 -0.1353
vn 0.6501 0.1452 0.7458
vn 0.8179 -0.3722 -0.4387
vn -0.5358 0.8438 -0.0314
vn 0.8787 0.2752 -0.3900
vn 0.7972 -0.5761 -0.1803
vn 0.7507 0.3869 -0.5355
vn -0.3343 -0.4825 -0.8096
vn 0.8080 0.5431 0.2285
vn -0.0379 -0.5723 0.8192
vn -0.8502 -0.4802 0.2156
vn -0.4118 -0.3251 -0.8513
vn 0.8928 0.4283 -0.1395
vn 0.6505 -0.7501 0.1195
vn 0.2051 0.2197 0.9538
vn 0.9331 -0.2456 0.2627
vn 0.1437 -0.9878 -0.0598
vn 0.0690 -0.9975 -0.0182
vn 0.3130 0.8482 -0.4274
vn -0.5123 0.7846 0.3491
vn 0.0456 0.2826 -0.9581
vn -0.2410 -0.8951 0.3751
vn 0.8929 -0.2937 0.3412
vn -0.4123 0.9107 0.0266
vn 0.0908 0.9916 -0.0919
vn 0.2192 -0.5841 -0.7815
vn 0.7252 -0.5982 -0.3410
vn -0.6898 -0.6403 0.3379
vn 0.7159 0.3448 -0.6071
vn 0.9894 -0.0524 0.1352
vn 0.2908 -0.8180 -0.4963
vn 0.2609 -0.8112 0.5234
vn 0.5436 0.0875 0.8348
vn -0.0985 -0.8634 0.4948
vn 0.3238 -0.8105 -0.4882
vn 0.2182 0.1931 0.9566
vn 0.7765 -0.4719 0.4176
vn 0.9877 0.1217 0.0977
vn -0.7228 -0.4301 -0.5409
vn 0.9613 -0.1686 -0.2179
vn -0.3196 0.9111 -0.2602
vn 0.0886 -0.1281 -0.9878
vn 0.8595 0.4512 -0.2401
vn 0.9315 0.2621 -0.2521
vn 0.7341 0.2886 -0.6147
vn 0.9817 -0.1825 0.0541
vn -0.2458 -0.9669 0.0690
vn 0.7676 0.0998 0.6331
vn -0.3170 0.9370 0.1467
vn 0.6723 -0.7180 -0.1803
vn -0.1035 -0.9619 0.2532
vn 0.5473 0.7420 -0.3873
vn 0.6329 -0.1054 -0.7670
vn -0.1977 -0.0157 0.9801
vn 0.7301 0.4890 0.4773
vn 0.2304 0.3640 0.9025
vn 0.9742 -0.1840 -0.1311
vn -0.4201 0.8641 0.2773
vn 0.2810 -0.1264 0.9514
vn 0.8310 0.5208 0.1955
vn -0.2783 -0.8472 0.4526
vn 0.8297 -0.1196 -0.5453
vn -0.4182 -0.9009 0.1160
vn 0.9401 -0.1263 0.3167
vn 0.4433 0.8646 0.2365
vn 0.6821 0.4603 -0.5682
vn 0.1644 -0.2450 0.9555
vn 0.9057 -0.4239 0.0006
vn 0.3480 -0.9293 -0.1235
vn 0.9082 0.2917 0.3002
vn 0.9837 -0.0699 0.1657
vn 0.8166 0.5017 -0.2855
vn 0.7272 -0.4844 -0.4864
vn 0.3465 -0.5459 -0.7629
vn 0.9626 0.2191 -0.1594
vn 0.3561 -0.8639 -0.3562
vn -0.0561 0.6478 0.7598
vn 0.1303 -0.4067 -0.9042
vn 0.6016 0.1080 -0.7915
vn 0.0090 -0.8910 -0.4538
vn 0.9974 0.0721 -0.0035
vn 0.7721 -0.1098 -0.6259
vn -0.2394 -0.3714 0.8971
vn -0.1496 -0.6924 0.7058
vn 0.5591 -0.8284 -0.0334
vn 0.7503 0.6605 -0.0276
vn 0.8613 0.4582 -0.2196
vn 0.4982 0.8277 0.2583
vn 0.1650 -0.6301 0.7588
vn -0.3109 0.0579 -0.9487
vn 0.9305 0.2056 0.3032
vn 0.2469 -0.5979 -0.7626
vn 0.7276 -0.3663 -0.5801
vn -0.7843 -0.6182 0.0519
vn 0.7387 0.6000 -0.3072
vn 0.9401 0.1750 0.2925
vn 0.5782 -0.4841 0.6568
vn 0.7863 -0.6178 -0.0057
vn 0.3773 -0.9245 0.0540
vn 0.7952 -0.3001 0.5269
vn 0.8213 -0.3821 0.4236
vn 0.7883 0.1598 0.5941
vn 0.1819 -0.9015 -0.3927
vn 0.5304 -0.8121 0.2432
vn 0.9791 0.1265 0.1593
vn 0.9273 -0.2370 0.2897
vn 0.4391 -0.3803 0.8140
vn -0.2234 -0.5310 0.8174
vn 0.9210 -0.3391 -0.1916
vn 0.9227 0.3539 -0.1526
vn -0.2773 -0.9317 -0.2344
vn 0.0208 -0.4410 0.8973
vn 0.6167 0.4474 0.6477
vn 0.6522 0.6932 -0.3066
vn 0.6802 0.4047 0.6112
vn -0.0368 -0.2331 0.9718
vn 0.9904 -0.0173 -0.1375
vn 0.9753 0.2185 -0.0314
vn 0.9903 0.1392 0.0031
vn 0.0907 -0.4289 -0.8988
vn 0.7654 -0.3178 -0.5596
vn 0.9646 -0.1328 -0.2279
vn 0.9493 -0.2157 -0.2289
vn 0.6880 -0.5804 0.4356
vn 0.6502 -0.7168 0.2518
vn -0.2520 -0.1787 0.9511
vn 0.7375 -0.4689 -0.4859
vn 0.8072 0.5759 -0.1295
vn 0.9651 0.1096 -0.2379
vn 0.6941 -0.3531 0.6273
vn 0.8938 0.0132 0.4483
vn 0.7297 0.2948 0.6170
vn 0.8412 0.1522 0.5189
vn 0.8126 -0.0678 0.5788
vn 0.7191 0.5447 -0.4315
vn 0.8627 0.1911 -0.4683
vn 0.6724 -0.4458 -0.5909
vn -0.2936 0.0214 -0.9557
vn -0.2521 0.0323 -0.9672
vn 0.7502 0.2383 0.6167
vn 0.9542 0.2864 -0.0860
vn 0.9780 0.1316 0.1616
vn 0.9357 0.0502 -0.3492
vn 0.5153 0.6642 -0.5416
vt 0.090687 0.687700
vt 0.092349 0.674829
vt 0.101363 0.680474
vt 0.011477 0.603186
vt 0.011477 0.613856
vt 0.003561 0.603363
vt 0.105344 0.671152
vt 0.713918 0.647614
vt 0.723858 0.648421
vt 0.723787 0.669465
vt 0.088462 0.647148
vt 0.099809 0.652569
vt 0.673823 0.653698
vt 0.697561 0.654293
vt 0.698699 0.670255
vt 0.719195 0.633266
vt 0.701202 0.631314
vt 0.724172 0.603230
vt 0.962877 0.769674
vt 0.959874 0.778915
vt 0.939880 0.767952
vt 0.103662 0.687981
vt 0.112003 0.685937
vt 0.676205 0.677894
vt 0.661583 0.470110
vt 0.657509 0.463672
vt 0.673950 0.428127
vt 0.722112 0.695414
vt 0.628222 0.111553
vt 0.664009 0.107728
vt 0.661297 0.122300
vt 0.369313 0.028125
vt 0.359610 0.040045
vt 0.352389 0.033544
vt 0.121831 0.682751
vt 0.677002 0.445784
vt 0.699447 0.695447
vt 0.681828 0.701532
vt 0.119267 0.666277
vt 0.651656 0.464379
vt 0.907481 0.385701
vt 0.918726 0.389793
vt 0.908685 0.397084
vt 0.373426 0.036070
vt 0.107852 0.643552
vt 0.638418 0.091234
vt 0.105026 0.400576
vt 0.122349 0.424830
vt 0.105651 0.430907
vt 0.628744 0.097186
vt 0.309635 0.996043
vt 0.308921 0.985892
vt 0.327512 0.995463
vt 0.705059 0.442393
vt 0.125072 0.632820
vt 0.693895 0.429415
vt 0.121677 0.398905
vt 0.413178 0.012172
vt 0.427924 0.012877
vt 0.425638 0.021412
vt 0.653935 0.389701
vt 0.660652 0.388386
vt 0.326181 0.970943
vt 0.918333 0.404611
vt 0.318903 0.896819
vt 0.334315 0.897696
vt 0.322536 0.914709
vt 0.135603 0.431332
vt 0.138593 0.401419
vt 0.414284 0.021051
vt 0.104794 0.372177
vt 0.655918 0.378334
vt 0.330108 0.983409
vt 0.341204 0.996443
vt 0.549109 0.671671
vt 0.586658 0.655084
vt 0.593089 0.656746
vt 0.696588 0.420888
vt 0.119529 0.381145
vt 0.552525 0.675261
vt 0.678750 0.409283
vt 0.853121 0.041923
vt 0.842489 0.056555
vt 0.846306 0.036835
vt 0.629799 0.573396
vt 0.623414 0.548328
vt 0.655228 0.561234
vt 0.664834 0.369990
vt 0.996207 0.695776
vt 0.999783 0.695776
vt 0.998041 0.708736
vt 0.829876 0.036678
vt 0.897410 0.422539
vt 0.909797 0.422947
vt 0.907836 0.428398
vt 0.828584 0.044250
vt 0.990292 0.808093
vt 0.992362 0.813779
vt 0.990094 0.824489
vt 0.906838 0.416304
vt 0.368817 0.899832
vt 0.351993 0.913824
vt 0.986012 0.167656
vt 0.993376 0.168955
vt 0.986877 0.173697
vt 0.994775 0.880535
vt 0.993195 0.874640
vt 0.994052 0.863827
vt 0.239435 0.014523
vt 0.232892 0.017301
vt 0.237380 0.007121
vt 0.658512 0.587680
vt 0.633744 0.593845
vt 0.999953 0.173555
vt 0.009843 0.779311
vt 0.001407 0.778237
vt 0.001184 0.775695
vt 0.008933 0.775577
vt 0.078393 0.951486
vt 0.105317 0.941191
vt 0.080372 0.957396
vt 0.918220 0.407570
vt 0.922602 0.409240
vt 0.922648 0.424259
vt 0.684372 0.395988
vt 0.685436 0.409369
vt 0.049956 0.018114
vt 0.049956 0.025996
vt 0.032750 0.024764
vt 0.990481 0.030025
vt 0.991209 0.015088
vt 0.996116 0.023309
vt 0.259594 0.026895
vt 0.243163 0.026895
vt 0.259584 0.024342
vt 0.914315 0.415802
vt 0.312566 0.967968
vt 0.110294 0.926572
vt 0.109140 0.938201
vt 0.098041 0.922957
vt 0.003115 0.181438
vt 0.005163 0.173794
vt 0.011422 0.181221
vt 0.516421 0.254358
vt 0.512474 0.249860
vt 0.521713 0.251157
vt 0.139245 0.017555
vt 0.139245 0.033072
vt 0.122409 0.025298
vt 0.096245 0.926922
vt 0.518605 0.245402
vt 0.996487 0.027909
vt 0.919921 0.431991
vt 0.907522 0.222091
vt 0.896320 0.225261
vt 0.903464 0.218563
vt 0.536641 0.242786
vt 0.593145 0.669540
vt 0.912523 0.429824
vt 0.715561 0.084356
vt 0.712504 0.086685
vt 0.709741 0.082739
vt 0.248117 0.020223
vt 0.229923 0.009772
vt 0.618043 0.525029
vt 0.659149 0.530444
vt 0.648166 0.597137
vt 0.651303 0.634503
vt 0.636313 0.647186
vt 0.525684 0.258665
vt 0.545302 0.250172
vt 0.036442 0.090733
vt 0.042267 0.097396
vt 0.033434 0.102293
vt 0.526693 0.236892
vt 0.058842 0.567244
vt 0.057222 0.538082
vt 0.063025 0.565294
vt 0.904851 0.016599
vt 0.920713 0.016599
vt 0.914157 0.029015
vt 0.086757 0.954932
vt 0.349239 0.039627
vt 0.349085 0.048461
vt 0.343632 0.037523
vt 0.336414 0.970627
vt 0.990409 0.780009
vt 0.990139 0.772504
vt 0.994254 0.772864
vt 0.101719 0.125108
vt 0.103064 0.149937
vt 0.092336 0.128192
vt 0.702711 0.086649
vt 0.614645 0.513581
vt 0.636541 0.511827
vt 0.391349 0.028458
vt 0.376347 0.039358
vt 0.370055 0.025805
vt 0.905584 0.233876
vt 0.332465 0.036250
vt 0.662062 0.516448
vt 0.994322 0.788398
vt 0.669147 0.542551
vt 0.539026 0.226167
vt 0.541646 0.047533
vt 0.519006 0.047533
vt 0.534976 0.045700
vt 0.996169 0.672403
vt 0.999821 0.677620
vt 0.996575 0.685491
vt 0.705738 0.407309
vt 0.914721 0.432931
vt 0.930159 0.436541
vt 0.229493 0.019946
vt 0.667382 0.994750
vt 0.667382 0.971666
vt 0.673470 0.989744
vt 0.064583 0.535313
vt 0.543483 0.259561
vt 0.529783 0.264210
vt 0.634820 0.623167
vt 0.227197 0.014828
vt 0.541790 0.679686
vt 0.556362 0.690659
vt 0.536076 0.684956
vt 0.915361 0.051627
vt 0.917589 0.048274
vt 0.938589 0.051977
vt 0.276895 0.048458
vt 0.288434 0.042269
vt 0.298544 0.048106
vt 0.109989 0.947451
vt 0.043103 0.105471
vt 0.063204 0.517468
vt 0.997432 0.175067
vt 0.996534 0.177422
vt 0.991861 0.175721
vt 0.878608 0.930855
vt 0.861954 0.944692
vt 0.854232 0.931317
vt 0.224725 0.010496
vt 0.955507 0.217582
vt 0.962777 0.231851
vt 0.942473 0.224889
vt 0.089819 0.957949
vt 0.938774 0.049462
vt 0.553827 0.223746
vt 0.521575 0.751214
vt 0.524667 0.765192
vt 0.500730 0.762711
vt 0.330606 0.036719
vt 0.348230 0.049523
vt 0.321945 0.053006
vt 0.083994 0.120577
vt 0.065357 0.121782
vt 0.071482 0.110940
vt 0.998839 0.355838
vt 0.991638 0.355838
vt 0.995989 0.351431
vt 0.142867 0.022810
vt 0.142867 0.008769
vt 0.153875 0.015305
vt 0.010894 0.171444
vt 0.038435 0.282901
vt 0.035174 0.320178
vt 0.032241 0.279822
vt 0.988037 0.177896
vt 0.987029 0.174485
vt 0.613153 0.498823
vt 0.122485 0.959035
vt 0.124130 0.959086
vt 0.460446 0.055262
vt 0.459934 0.053855
vt 0.482658 0.053935
vt 0.481663 0.055491
vt 0.071507 0.144812
vt 0.102987 0.835360
vt 0.108570 0.840317
vt 0.084412 0.837455
vt 0.346375 0.008729
vt 0.347155 0.010404
vt 0.337991 0.010196
vt 0.523875 0.224498
vt 0.534859 0.214445
vt 0.550207 0.279175
vt 0.968806 0.216771
vt 0.474263 0.051276
vt 0.125173 0.959249
vt 0.116604 0.950714
vt 0.996597 0.923918
vt 0.999895 0.925250
vt 0.998966 0.930718
vt 0.459697 0.052051
vt 0.295782 0.043518
vt 0.982091 0.325469
vt 0.983322 0.332448
vt 0.982346 0.343704
vt 0.338886 0.011822
vt 0.179373 0.017175
vt 0.187997 0.018234
vt 0.171497 0.019112
vt 0.324210 0.018295
vt 0.315968 0.025276
vt 0.316273 0.018295
vt 0.174706 0.025431
vt 0.555151 0.771438
vt 0.533796 0.800438
vt 0.188403 0.020417
vt 0.101407 0.867106
vt 0.441277 0.709323
vt 0.429246 0.736957
vt 0.432421 0.715778
vt 0.525707 0.690844
vt 0.521211 0.665882
vt 0.096038 0.831453
vt 0.667106 0.519911
vt 0.340262 0.000175
vt 0.340262 0.008847
vt 0.331918 0.001053
vt 0.474827 0.039053
vt 0.474827 0.022099
vt 0.484571 0.027577
vt 0.956052 0.154342
vt 0.967626 0.131458
vt 0.973271 0.151921
vt 0.444219 0.017784
vt 0.458538 0.022436
vt 0.449640 0.036852
vt 0.156756 0.966278
vt 0.172673 0.960954
vt 0.173928 0.968069
vt 0.332544 0.009155
vt 0.960630 0.101220
vt 0.952848 0.092152
vt 0.962791 0.087515
vt 0.101201 0.001743
vt 0.100905 0.007406
vt 0.099072 0.001116
vt 0.357816 0.308109
vt 0.335991 0.298886
vt 0.380122 0.304495
vt 0.000732 0.666815
vt 0.009293 0.672511
vt 0.001193 0.675610
vt 0.565324 0.226570
vt 0.976432 0.588323
vt 0.976432 0.606170
vt 0.969433 0.587531
vt 0.448328 0.764920
vt 0.460594 0.763518
vt 0.040479 0.112203
vt 0.512054 0.685246
vt 0.608043 0.654318
vt 0.478571 0.736937
vt 0.478433 0.769879
vt 0.226789 0.004061
vt 0.235053 0.006746
vt 0.225098 0.009473
vt 0.138650 0.945881
vt 0.845972 0.945836
vt 0.558441 0.208217
vt 0.138815 0.376873
vt 0.323616 0.025314
vt 0.518402 0.792080
vt 0.085597 0.856828
vt 0.761747 0.823983
vt 0.750157 0.818035
vt 0.743321 0.792521
vt 0.006164 0.665243
vt 0.551594 0.276051
vt 0.615169 0.082922
vt 0.651154 0.082922
vt 0.652500 0.085499
vt 0.418071 0.770376
vt 0.533257 0.976604
vt 0.510870 0.971854
vt 0.516030 0.964134
vt 0.833672 0.931989
vt 0.097295 0.006484
vt 0.533268 0.971356
vt 0.332237 0.008017
vt 0.307870 0.023902
vt 0.378338 0.273181
vt 0.362321 0.289697
vt 0.358215 0.279254
vt 0.420924 0.998426
vt 0.401160 0.999961
vt 0.409695 0.994338
vt 0.120453 0.821069
vt 0.124144 0.832428
vt 0.110803 0.820111
vt 0.521670 0.964988
vt 0.133700 0.968294
vt 0.129832 0.962731
vt 0.133229 0.962042
vt 0.610043 0.661288
vt 0.953733 0.230245
vt 0.942552 0.230191
vt 0.940488 0.225742
vt 0.768259 0.012456
vt 0.767663 0.019310
vt 0.760692 0.019310
vt 0.352810 0.052082
vt 0.352534 0.035637
vt 0.358952 0.041444
vt 0.638195 0.490468
vt 0.675452 0.649094
vt 0.661712 0.663915
vt 0.896284 0.527246
vt 0.910811 0.506338
vt 0.917344 0.521995
vt 0.978895 0.171726
vt 0.963101 0.176314
vt 0.968538 0.169525
vt 0.677922 0.084346
vt 0.364799 0.045002
vt 0.583497 0.208504
vt 0.573911 0.226916
vt 0.746467 0.039223
vt 0.760474 0.042951
vt 0.746785 0.042855
vt 0.754197 0.036449
vt 0.761804 0.035654
vt 0.969873 0.607456
vt 0.056038 0.231664
vt 0.043366 0.239514
vt 0.034331 0.231933
vt 0.578642 0.197065
vt 0.350400 0.089882
vt 0.360067 0.102277
vt 0.351128 0.109515
vt 0.118589 0.999886
vt 0.104951 0.998692
vt 0.126127 0.998109
vt 0.299080 0.801498
vt 0.283760 0.795521
vt 0.287129 0.786264
vt 0.671067 0.495543
vt 0.829048 0.082214
vt 0.829968 0.092725
vt 0.792589 0.082490
vt 0.372779 0.037867
vt 0.995039 0.111522
vt 0.995328 0.126574
vt 0.983620 0.121103
vt 0.401131 0.983999
vt 0.130552 0.960002
vt 0.810902 0.093225
vt 0.362505 0.111121
vt 0.164670 0.016861
vt 0.152123 0.012784
vt 0.157945 0.006197
vt 0.138137 0.002179
vt 0.131577 0.003335
vt 0.128028 0.002179
vt 0.761177 0.055574
vt 0.974100 0.390618
vt 0.976777 0.385980
vt 0.976212 0.406501
vt 0.989746 0.290561
vt 0.994482 0.300718
vt 0.985649 0.288854
vt 0.266392 0.049450
vt 0.245237 0.048335
vt 0.245237 0.044285
vt 0.728346 0.800729
vt 0.501158 0.967023
vt 0.519202 0.949981
vt 0.758005 0.965760
vt 0.763311 0.959890
vt 0.774295 0.966185
vt 0.797210 0.763869
vt 0.790678 0.752397
vt 0.797257 0.761383
vt 0.996841 0.204592
vt 0.996841 0.218466
vt 0.982106 0.212977
vt 0.042478 0.262463
vt 0.049973 0.279171
vt 0.037087 0.265099
vt 0.723221 0.821689
vt 0.989772 0.339195
vt 0.987122 0.335410
vt 0.997840 0.339283
vt 0.953282 0.757778
vt 0.940953 0.761784
vt 0.945286 0.749248
vt 0.945012 0.733955
vt 0.790496 0.069506
vt 0.765044 0.070105
vt 0.774885 0.062226
vt 0.109480 0.831202
vt 0.753546 0.012174
vt 0.035190 0.118600
vt 0.549505 0.192637
vt 0.502836 0.666776
vt 0.037500 0.240262
vt 0.997575 0.334903
vt 0.763372 0.977910
vt 0.134550 0.955014
vt 0.370512 0.024727
vt 0.385534 0.017564
vt 0.384026 0.026386
vt 0.494802 0.796467
vt 0.957661 0.156762
vt 0.937082 0.401301
vt 0.946665 0.404049
vt 0.934036 0.414888
vt 0.536664 0.003064
vt 0.545135 0.007893
vt 0.536068 0.014480
vt 0.579281 0.972050
vt 0.554849 0.972270
vt 0.557534 0.961909
vt 0.980258 0.165541
vt 0.895333 0.242728
vt 0.004044 0.436886
vt 0.000702 0.432287
vt 0.009323 0.432824
vt 0.031900 0.238629
vt 0.019150 0.231864
vt 0.267043 0.044974
vt 0.791849 0.066208
vt 0.756443 0.020408
vt 0.879210 0.436211
vt 0.879255 0.411778
vt 0.893614 0.424125
vt 0.501609 0.803150
vt 0.019255 0.018499
vt 0.024799 0.006063
vt 0.027262 0.015100
vt 0.266318 0.797398
vt 0.263207 0.778500
vt 0.493298 0.977235
vt 0.784464 0.961095
vt 0.892597 0.440489
vt 0.996156 0.944190
vt 0.996156 0.937013
vt 0.999333 0.939475
vt 0.011413 0.685970
vt 0.002622 0.685970
vt 0.005818 0.675935
vt 0.593712 0.211390
vt 0.251331 0.099140
vt 0.231822 0.072289
vt 0.251887 0.076063
vt 0.860929 0.009902
vt 0.860929 0.022544
vt 0.856973 0.009035
vt 0.773699 0.979411
vt 0.741916 0.633177
vt 0.737539 0.609119
vt 0.756945 0.606469
vt 0.784219 0.974644
vt 0.111038 0.522237
vt 0.106320 0.500512
vt 0.122854 0.517101
vt 0.287163 0.908071
vt 0.285477 0.915626
vt 0.277717 0.906282
vt 0.251128 0.599205
vt 0.245949 0.591250
vt 0.258076 0.590863
vt 0.765232 0.954424
vt 0.387643 0.133290
vt 0.397971 0.127425
vt 0.398177 0.135529
vt 0.253504 0.802440
vt 0.224730 0.801880
vt 0.236674 0.791653
vt 0.408642 0.746705
vt 0.961094 0.500566
vt 0.966575 0.477379
vt 0.972884 0.497844
vt 0.504663 0.953753
vt 0.409109 0.732793
vt 0.379926 0.110765
vt 0.996305 0.946025
vt 0.998481 0.952722
vt 0.996005 0.952410
vt 0.751587 0.602154
vt 0.766279 0.601758
vt 0.033803 0.246076
vt 0.542087 0.004063
vt 0.024887 0.112800
vt 0.892684 0.415308
vt 0.536509 0.973429
vt 0.594596 0.197430
vt 0.971398 0.165843
vt 0.512448 0.944523
vt 0.336338 0.283291
vt 0.511217 0.828397
vt 0.523936 0.824989
vt 0.510837 0.834885
vt 0.775671 0.763338
vt 0.902243 0.430869
vt 0.809298 0.699354
vt 0.787679 0.739739
vt 0.803475 0.697284
vt 0.983768 0.887598
vt 0.966107 0.887598
vt 0.981500 0.877314
vt 0.884242 0.453886
vt 0.990782 0.304129
vt 0.985468 0.303908
vt 0.956439 0.488391
vt 0.112475 0.932906
vt 0.132026 0.934489
vt 0.140716 0.941781
vt 0.613244 0.474545
vt 0.855863 0.010735
vt 0.010373 0.351183
vt 0.002158 0.348513
vt 0.006707 0.347063
vt 0.530443 0.834276
vt 0.113979 0.793903
vt 0.970599 0.726696
vt 0.971033 0.704883
vt 0.973261 0.726227
vt 0.665361 0.019233
vt 0.675656 0.021112
vt 0.673823 0.023179
vt 0.501009 0.952740
vt 0.558647 0.833875
vt 0.096199 0.163589
vt 0.378063 0.298278
vt 0.511098 0.692216
vt 0.491288 0.681623
vt 0.510161 0.647204
vt 0.513845 0.939283
vt 0.509969 0.940618
vt 0.160207 0.933277
vt 0.512150 0.876171
vt 0.496164 0.863790
vt 0.502338 0.861624
vt 0.973026 0.705272
vt 0.602381 0.482157
vt 0.743979 0.596905
vt 0.031873 0.014423
vt 0.035605 0.272781
vt 0.742120 0.648199
vt 0.736372 0.636381
vt 0.003608 0.030260
vt 0.008923 0.041419
vt 0.003608 0.040830
vt 0.799873 0.757944
vt 0.005738 0.218011
vt 0.014193 0.214069
vt 0.017820 0.217998
vt 0.391826 0.765474
vt 0.397940 0.752576
vt 0.352172 0.292582
vt 0.367330 0.291015
vt 0.665108 0.021654
vt 0.084623 0.823023
vt 0.089726 0.813596
vt 0.859376 0.120992
vt 0.868136 0.120695
vt 0.877361 0.127198
vt 0.952497 0.078730
vt 0.530491 0.689908
vt 0.559655 0.695328
vt 0.548993 0.702700
vt 0.928014 0.128171
vt 0.926977 0.124731
vt 0.944168 0.116346
vt 0.283718 0.770129
vt 0.512249 0.934544
vt 0.875640 0.066201
vt 0.851678 0.066992
vt 0.856482 0.055140
vt 0.242617 0.570707
vt 0.126931 0.469354
vt 0.484825 0.004386
vt 0.480250 0.007411
vt 0.480430 0.002520
vt 0.657677 0.023374
vt 0.411410 0.043250
vt 0.390191 0.046820
vt 0.390534 0.045076
vt 0.738069 0.648990
vt 0.485164 0.009009
vt 0.016840 0.271059
vt 0.732775 0.607073
vt 0.790798 0.030950
vt 0.779628 0.028165
vt 0.780783 0.018173
vt 0.007174 0.031741
vt 0.797384 0.977146
vt 0.370659 0.041278
vt 0.380006 0.042020
vt 0.378974 0.044304
vt 0.345047 0.061577
vt 0.333553 0.062063
vt 0.333553 0.052358
vt 0.976196 0.425702
vt 0.976196 0.445978
vt 0.974180 0.425885
vt 0.595815 0.472101
vt 0.144808 0.478049
vt 0.142814 0.510320
vt 0.351422 0.132602
vt 0.336044 0.135104
vt 0.347749 0.124333
vt 0.723475 0.647137
vt 0.931151 0.238653
vt 0.941738 0.240419
vt 0.927776 0.511406
vt 0.145310 0.510573
vt 0.327139 0.295724
vt 0.385924 0.047444
vt 0.023686 0.196668
vt 0.024438 0.198279
vt 0.014660 0.198320
vt 0.191708 0.038727
vt 0.195852 0.047612
vt 0.175577 0.047382
vt 0.500045 0.652986
vt 0.412315 0.046976
vt 0.390003 0.008962
vt 0.391918 0.003068
vt 0.394960 0.007502
vt 0.100527 0.830793
vt 0.945288 0.390125
vt 0.929976 0.240947
vt 0.238704 0.773771
vt 0.908094 0.313664
vt 0.906132 0.300909
vt 0.915576 0.305917
vt 0.972292 0.955899
vt 0.968358 0.966710
vt 0.956028 0.954888
vt 0.061037 0.005597
vt 0.053750 0.010892
vt 0.054122 0.002141
vt 0.994368 0.834110
vt 0.994368 0.850602
vt 0.990595 0.847909
vt 0.931116 0.114426
vt 0.192623 0.036097
vt 0.885696 0.756662
vt 0.878798 0.779303
vt 0.869319 0.770844
vt 0.004248 0.545444
vt 0.013096 0.547815
vt 0.004248 0.557313
vt 0.542614 0.999949
vt 0.541921 0.998046
vt 0.565347 0.999704
vt 0.895218 0.848848
vt 0.901173 0.856225
vt 0.896255 0.864743
vt 0.877026 0.748083
vt 0.601760 0.203376
vt 0.985903 0.124217
vt 0.297597 0.031240
vt 0.291658 0.041526
vt 0.291375 0.024640
vt 0.901818 0.765597
vt 0.371717 0.123438
vt 0.366600 0.146004
vt 0.266868 0.603828
vt 0.515207 0.244735
vt 0.497119 0.207405
vt 0.515571 0.229469
vt 0.894801 0.836535
vt 0.899655 0.834778
vt 0.957966 0.976301
vt 0.998989 0.404864
vt 0.987477 0.404864
vt 0.993288 0.399647
vt 0.731475 0.593585
vt 0.395633 0.309185
vt 0.417870 0.307633
vt 0.490476 0.824764
vt 0.502834 0.259466
vt 0.575850 0.023400
vt 0.567026 0.018305
vt 0.584352 0.017703
vt 0.643465 0.472029
vt 0.988777 0.977046
vt 0.988777 0.994383
vt 0.980146 0.992455
vt 0.345547 0.052223
vt 0.161086 0.007479
vt 0.163460 0.006708
vt 0.163726 0.012841
vt 0.079206 0.164247
vt 0.824075 0.013332
vt 0.817548 0.004347
vt 0.827565 0.003711
vt 0.359598 0.009434
vt 0.362731 0.018042
vt 0.348046 0.008538
vt 0.667907 0.675260
vt 0.635458 0.677987
vt 0.795728 0.740214
vt 0.831190 0.811648
vt 0.825515 0.795681
vt 0.834333 0.792636
vt 0.243244 0.636886
vt 0.753428 0.786300
vt 0.746734 0.779025
vt 0.485993 0.839031
vt 0.232389 0.778816
vt 0.936733 0.591541
vt 0.936733 0.609619
vt 0.914889 0.592515
vt 0.651303 0.000726
vt 0.653117 0.006311
vt 0.646131 0.007795
vt 0.061810 0.277849
vt 0.057137 0.317087
vt 0.041631 0.284099
vt 0.968344 0.178120
vt 0.965576 0.182167
vt 0.958939 0.180997
vt 0.961467 0.976440
vt 0.884666 0.114877
vt 0.997755 0.711397
vt 0.996989 0.720150
vt 0.996230 0.707419
vt 0.952556 0.689043
vt 0.953966 0.666963
vt 0.956400 0.680801
vt 0.836492 0.810201
vt 0.856133 0.826577
vt 0.652495 0.597307
vt 0.642205 0.592979
vt 0.675654 0.592426
vt 0.963575 0.025140
vt 0.970336 0.025376
vt 0.966489 0.034473
vt 0.698647 0.554111
vt 0.687885 0.576533
vt 0.684461 0.562211
vt 0.416187 0.128481
vt 0.408564 0.136306
vt 0.731713 0.648228
vt 0.791996 0.744025
vt 0.797630 0.748315
vt 0.061383 0.048651
vt 0.076095 0.055511
vt 0.050722 0.055610
vt 0.990402 0.126166
vt 0.925254 0.221529
vt 0.925094 0.236151
vt 0.918582 0.226201
vt 0.407591 0.319583
vt 0.013686 0.279538
vt 0.394504 0.300165
vt 0.027128 0.122299
vt 0.999606 0.784808
vt 0.996016 0.779681
vt 0.999974 0.773087
vt 0.392749 0.041635
vt 0.007786 0.601486
vt 0.002239 0.601486
vt 0.003725 0.598514
vt 0.548878 0.922769
vt 0.562460 0.926408
vt 0.547101 0.930290
vt 0.072745 0.021862
vt 0.073879 0.029930
vt 0.069873 0.015968
vt 0.386205 0.854434
vt 0.368516 0.856823
vt 0.362488 0.850327
vt 0.902109 0.780634
vt 0.998994 0.599019
vt 0.998994 0.613011
vt 0.996494 0.599079
vt 0.484602 0.664074
vt 0.568027 0.705963
vt 0.125012 0.009437
vt 0.134902 0.007721
vt 0.135421 0.017626
vt 0.921840 0.216752
vt 0.917352 0.224652
vt 0.410402 0.122637
vt 0.511415 0.843637
vt 0.920937 0.249414
vt 0.919718 0.234015
vt 0.077791 0.015182
vt 0.049006 0.654785
vt 0.054329 0.637375
vt 0.050941 0.664656
vt 0.384959 0.744611
vt 0.999853 0.866806
vt 0.999853 0.875550
vt 0.996137 0.868891
vt 0.962851 0.186291
vt 0.205603 0.007636
vt 0.218341 0.007021
vt 0.214343 0.016375
vt 0.004047 0.053280
vt 0.008053 0.050213
vt 0.008986 0.054604
vt 0.881450 0.246600
vt 0.013037 0.121002
vt 0.417971 0.008867
vt 0.413107 0.007287
vt 0.417395 0.000656
vt 0.809812 0.012812
vt 0.807193 0.018428
vt 0.807137 0.010698
vt 0.944244 0.587218
vt 0.941470 0.587460
vt 0.941938 0.559407
vt 0.958895 0.686683
vt 0.219242 0.009456
vt 0.219242 0.004078
vt 0.222363 0.004870
vt 0.266974 0.621769
vt 0.883422 0.319142
vt 0.784918 0.742482
vt 0.936758 0.649950
vt 0.932916 0.625656
vt 0.936758 0.625587
vt 0.086518 0.019085
vt 0.085897 0.017069
vt 0.946944 0.178124
vt 0.961019 0.019736
vt 0.962859 0.034722
vt 0.955938 0.035903
vt 0.977704 0.039940
vt 0.972081 0.033530
vt 0.348236 0.149043
vt 0.908042 0.857210
vt 0.944577 0.728516
vt 0.944894 0.719430
vt 0.953167 0.730395
vt 0.573538 0.683233
vt 0.579416 0.693294
vt 0.850691 0.831964
vt 0.448840 0.002532
vt 0.452590 0.005257
vt 0.447160 0.012505
vt 0.568080 0.003131
vt 0.566691 0.011906
vt 0.560955 0.003625
vt 0.686113 0.036628
vt 0.669777 0.048498
vt 0.674785 0.035713
vt 0.490568 0.826084
vt 0.039542 0.298679
vt 0.929453 0.580112
vt 0.917309 0.573380
vt 0.935731 0.565625
vt 0.274538 0.588605
vt 0.725228 0.602485
vt 0.879960 0.146458
vt 0.887434 0.145007
vt 0.884135 0.156171
vt 0.419392 0.133322
vt 0.573882 0.007903
vt 0.778080 0.930634
vt 0.757598 0.929389
vt 0.772827 0.920754
vt 0.006661 0.279915
vt 0.003408 0.286849
vt 0.003158 0.279915
vt 0.553242 0.914857
vt 0.251915 0.568278
vt 0.069521 0.309295
vt 0.881696 0.784310
vt 0.869632 0.786601
vt 0.706025 0.800623
vt 0.968555 0.610867
vt 0.954068 0.609600
vt 0.968755 0.588130
vt 0.933035 0.211384
vt 0.937932 0.197163
vt 0.953682 0.196636
vt 0.830258 0.005596
vt 0.841922 0.005596
vt 0.840235 0.011948
vt 0.388910 0.862055
vt 0.926959 0.160349
vt 0.936199 0.154776
vt 0.929309 0.161204
vt 0.947715 0.255461
vt 0.951802 0.254952
vt 0.357174 0.053531
vt 0.356961 0.061120
vt 0.984392 0.591177
vt 0.981120 0.591754
vt 0.987301 0.586724
vt 0.274900 0.127147
vt 0.294021 0.129950
vt 0.294542 0.136881
vt 0.981399 0.572657
vt 0.987953 0.431098
vt 0.987953 0.450105
vt 0.985981 0.446498
vt 0.536287 0.162930
vt 0.517783 0.159514
vt 0.533253 0.154595
vt 0.388385 0.026546
vt 0.888828 0.123239
vt 0.480522 0.801939
vt 0.603816 0.190499
vt 0.941652 0.746188
vt 0.938399 0.731989
vt 0.943806 0.733972
vt 0.987676 0.402805
vt 0.987676 0.388173
vt 0.994279 0.396636
vt 0.014800 0.557240
vt 0.761800 0.573355
vt 0.898870 0.787185
vt 0.411080 0.106599
vt 0.404964 0.097013
vt 0.411351 0.092866
vt 0.067172 0.159365
vt 0.751111 0.923718
vt 0.770457 0.916135
vt 0.662301 0.606662
vt 0.642007 0.008259
vt 0.640680 0.009899
vt 0.638701 0.003635
vt 0.918177 0.587758
vt 0.710414 0.780274
vt 0.992297 0.644304
vt 0.994807 0.653673
vt 0.992160 0.659957
vt 0.899154 0.319009
vt 0.870240 0.792268
vt 0.096021 0.794163
vt 0.887200 0.137213
vt 0.109818 0.461722
vt 0.927814 0.134034
vt 0.985404 0.090791
vt 0.990906 0.098364
vt 0.979175 0.099631
vt 0.359203 0.812087
vt 0.356662 0.816495
vt 0.353868 0.818309
vt 0.353309 0.021036
vt 0.826007 0.820594
vt 0.008468 0.182532
vt 0.008468 0.187895
vt 0.000555 0.186251
vt 0.654747 0.614986
vt 0.665692 0.628872
vt 0.404931 0.017583
vt 0.412888 0.017583
vt 0.405035 0.023866
vt 0.809905 0.006634
vt 0.812913 0.013676
vt 0.934904 0.416073
vt 0.954820 0.401603
vt 0.953744 0.425966
vt 0.486036 0.805419
vt 0.946422 0.288322
vt 0.957337 0.291487
vt 0.950044 0.311525
vt 0.010224 0.977889
vt 0.010224 0.952436
vt 0.015842 0.953943
vt 0.986537 0.304917
vt 0.996922 0.304917
vt 0.991278 0.308115
vt 0.914394 0.585588
vt 0.872599 0.054813
vt 0.637191 0.005410
vt 0.842386 0.620456
vt 0.839002 0.603965
vt 0.845113 0.600787
vt 0.011477 0.614749
vt 0.011477 0.625351
vt 0.002558 0.616210
vt 0.752710 0.068133
vt 0.763732 0.056177
vt 0.763442 0.068133
vt 0.205217 0.012985
vt 0.576756 0.736664
vt 0.570780 0.725955
vt 0.574594 0.711110
vt 0.306083 0.133573
vt 0.538668 0.179673
vt 0.987872 0.975702
vt 0.979176 0.991460
vt 0.974341 0.987056
vt 0.058516 0.651662
vt 0.497423 0.172916
vt 0.006867 0.287504
vt 0.127996 0.020851
vt 0.743708 0.028737
vt 0.746125 0.033920
vt 0.726557 0.033788
vt 0.266884 0.727411
vt 0.287081 0.732746
vt 0.264420 0.738763
vt 0.596857 0.677335
vt 0.591660 0.731982
vt 0.587658 0.730745
vt 0.800048 0.979438
vt 0.800048 0.974948
vt 0.801957 0.978923
vt 0.918990 0.128682
vt 0.941286 0.427098
vt 0.934124 0.442457
vt 0.932900 0.415187
vt 0.962029 0.680012
vt 0.745616 0.887285
vt 0.761542 0.896848
vt 0.750700 0.896062
vt 0.763871 0.762707
vt 0.759625 0.755277
vt 0.786330 0.917316
vt 0.988851 0.146666
vt 0.988568 0.145063
vt 0.997898 0.145758
vt 0.926290 0.169070
vt 0.917008 0.182326
vt 0.916316 0.164706
vt 0.988896 0.024032
vt 0.978801 0.021309
vt 0.986225 0.014063
vt 0.987735 0.085331
vt 0.994759 0.095521
vt 0.942848 0.717471
vt 0.830995 0.030699
vt 0.817545 0.026587
vt 0.836089 0.024670
vt 0.011645 0.807070
vt 0.012651 0.808602
vt 0.013031 0.819496
vt 0.970023 0.975457
vt 0.494782 0.655464
vt 0.247462 0.735365
vt 0.261287 0.733400
vt 0.396635 0.018244
vt 0.317088 0.138352
vt 0.321619 0.163279
vt 0.802774 0.921503
vt 0.367709 0.969405
vt 0.388530 0.960274
vt 0.388535 0.971228
vt 0.603589 0.985322
vt 0.591389 0.974452
vt 0.605467 0.980361
vt 0.593202 0.985936
vt 0.912890 0.612263
vt 0.045454 0.639348
vt 0.968006 0.614703
vt 0.979362 0.609407
vt 0.978743 0.628825
vt 0.913146 0.045385
vt 0.896618 0.040111
vt 0.911294 0.036673
vt 0.926115 0.149503
vt 0.542687 0.024510
vt 0.535278 0.019851
vt 0.541636 0.023009
vt 0.587718 0.673620
vt 0.829110 0.831434
vt 0.966049 0.325576
vt 0.969168 0.307889
vt 0.980317 0.325704
vt 0.809425 0.029062
vt 0.804016 0.022319
vt 0.809317 0.018607
vt 0.970670 0.609269
vt 0.768296 0.410962
vt 0.769778 0.403683
vt 0.779260 0.407017
vt 0.785618 0.913476
vt 0.793082 0.018557
vt 0.564078 0.893743
vt 0.075601 0.040396
vt 0.065842 0.036035
vt 0.070597 0.024266
vt 0.900523 0.112000
vt 0.240620 0.749147
vt 0.977165 0.024221
vt 0.306490 0.920049
vt 0.348408 0.017656
vt 0.613954 0.462661
vt 0.600207 0.458058
vt 0.746250 0.978340
vt 0.717611 0.979841
vt 0.735691 0.945472
vt 0.970157 0.706137
vt 0.970157 0.684339
vt 0.971698 0.694431
vt 0.441514 0.055701
vt 0.438458 0.067106
vt 0.429668 0.057583
vt 0.243925 0.047480
vt 0.227754 0.035731
vt 0.242992 0.034726
vt 0.007928 0.042138
vt 0.294094 0.583881
vt 0.298878 0.565148
vt 0.244835 0.769244
vt 0.137319 0.226852
vt 0.115493 0.242735
vt 0.128131 0.219246
vt 0.594094 0.469658
vt 0.284412 0.925576
vt 0.617073 0.469747
vt 0.739128 0.067156
vt 0.469214 0.846118
vt 0.418760 0.328780
vt 0.417634 0.065785
vt 0.419088 0.062579
vt 0.998625 0.499334
vt 0.987640 0.507938
vt 0.990797 0.496791
vt 0.738585 0.320380
vt 0.747338 0.360140
vt 0.735381 0.330030
vt 0.256818 0.549343
vt 0.011515 0.629290
vt 0.004525 0.634369
vt 0.005565 0.629468
vt 0.304967 0.277602
vt 0.305010 0.267994
vt 0.312005 0.263923
vt 0.943543 0.058881
vt 0.943783 0.084979
vt 0.942907 0.066143
vt 0.588451 0.985289
vt 0.396780 0.023927
vt 0.801778 0.960962
vt 0.801778 0.975880
vt 0.800227 0.961459
vt 0.600161 0.972825
vt 0.600161 0.929933
vt 0.613373 0.965168
vt 0.416040 0.039403
vt 0.396993 0.024734
vt 0.416040 0.024778
vt 0.315742 0.141932
vt 0.426887 0.289352
vt 0.460500 0.288361
vt 0.452156 0.305671
vt 0.947566 0.941344
vt 0.953444 0.939040
vt 0.955222 0.949126
vt 0.356921 0.157142
vt 0.443282 0.221423
vt 0.432508 0.211886
vt 0.433988 0.195002
vt 0.951546 0.590325
vt 0.140652 0.014528
vt 0.675580 0.480123
vt 0.822729 0.042497
vt 0.947535 0.963717
vt 0.305712 0.011854
vt 0.301807 0.011854
vt 0.303035 0.005690
vt 0.702371 0.976196
vt 0.898883 0.789340
vt 0.914007 0.766050
vt 0.919192 0.796618
vt 0.371692 0.735697
vt 0.302599 0.295369
vt 0.568865 0.110655
vt 0.555457 0.090009
vt 0.574758 0.105997
vt 0.260746 0.841809
vt 0.250335 0.847075
vt 0.240612 0.834693
vt 0.580003 0.983320
vt 0.000681 0.612570
vt 0.003057 0.605255
vt 0.009345 0.613291
vt 0.321134 0.583710
vt 0.979783 0.032769
vt 0.257612 0.847644
vt 0.294507 0.835670
vt 0.662758 0.867285
vt 0.674438 0.860267
vt 0.668579 0.873619
vt 0.848030 0.615158
vt 0.909619 0.836403
vt 0.915725 0.848239
vt 0.455595 0.177869
vt 0.436150 0.174689
vt 0.445347 0.168934
vt 0.496937 0.524778
vt 0.502752 0.522908
vt 0.497243 0.532682
vt 0.010964 0.028594
vt 0.016889 0.046830
vt 0.009677 0.047597
vt 0.999829 0.514738
vt 0.557262 0.077816
vt 0.569369 0.082824
vt 0.065251 0.024709
vt 0.756585 0.903440
vt 0.971161 0.661843
vt 0.972711 0.679557
vt 0.969645 0.683520
vt 0.719375 0.008532
vt 0.728755 0.008194
vt 0.728595 0.017370
vt 0.686455 0.619832
vt 0.152044 0.765283
vt 0.130314 0.728504
vt 0.138827 0.737583
vt 0.689033 0.817277
vt 0.776096 0.393710
vt 0.531966 0.017593
vt 0.521930 0.018471
vt 0.533562 0.012942
vt 0.630883 0.332391
vt 0.615642 0.332827
vt 0.631625 0.327577
vt 0.006110 0.481047
vt 0.017449 0.477363
vt 0.010159 0.485544
vt 0.412563 0.024021
vt 0.785961 0.888071
vt 0.797270 0.906531
vt 0.777443 0.895455
vt 0.974135 0.822926
vt 0.974358 0.805145
vt 0.982448 0.814612
vt 0.153855 0.781940
vt 0.129345 0.803325
vt 0.957228 0.312680
vt 0.652263 0.452771
vt 0.652721 0.454005
vt 0.363026 0.943548
vt 0.375929 0.944745
vt 0.407652 0.853957
vt 0.069565 0.324156
vt 0.382412 0.864907
vt 0.724416 0.592491
vt 0.668965 0.858254
vt 0.344730 0.831247
vt 0.738023 0.060021
vt 0.247930 0.545661
vt 0.387024 0.870976
vt 0.594486 0.677323
vt 0.684016 0.862508
vt 0.256344 0.758217
vt 0.630914 0.953793
vt 0.636314 0.953466
vt 0.633233 0.956685
vt 0.837267 0.849469
vt 0.267303 0.770713
vt 0.001564 0.588500
vt 0.009964 0.588500
vt 0.003571 0.594457
vt 0.936117 0.060134
vt 0.928899 0.064139
vt 0.282254 0.750363
vt 0.929210 0.066449
vt 0.527722 0.141795
vt 0.098829 0.809346
vt 0.210304 0.018041
vt 0.281495 0.563375
vt 0.574566 0.921385
vt 0.981189 0.638191
vt 0.985417 0.656578
vt 0.981189 0.657047
vt 0.466296 0.831207
vt 0.038949 0.760205
vt 0.011177 0.760205
vt 0.015981 0.755084
vt 0.579568 0.699690
vt 0.471281 0.058110
vt 0.460308 0.056175
vt 0.487060 0.056745
vt 0.982650 0.262805
vt 0.996297 0.262805
vt 0.995024 0.269024
vt 0.230305 0.829752
vt 0.814667 0.823709
vt 0.664338 0.334714
vt 0.671037 0.361434
vt 0.660843 0.346974
vt 0.996047 0.581347
vt 0.998305 0.576504
vt 0.999943 0.587281
vt 0.155832 0.761434
vt 0.690900 0.616644
vt 0.986987 0.052178
vt 0.988289 0.064564
vt 0.977626 0.050725
vt 0.965740 0.685621
vt 0.914973 0.835683
vt 0.521917 0.006886
vt 0.184830 0.054572
vt 0.160032 0.054572
vt 0.180606 0.048185
vt 0.238819 0.763536
vt 0.812062 0.829944
vt 0.877906 0.022363
vt 0.868176 0.014198
vt 0.883704 0.015359
vt 0.862612 0.624945
vt 0.854474 0.629455
vt 0.933848 0.619724
vt 0.983259 0.822819
vt 0.853008 0.014096
vt 0.844357 0.026004
vt 0.833208 0.015891
vt 0.680596 0.323383
vt 0.674095 0.312076
vt 0.693270 0.316601
vt 0.982617 0.672785
vt 0.982617 0.664690
vt 0.986611 0.676584
vt 0.494507 0.186056
vt 0.506383 0.188423
vt 0.310928 0.276540
vt 0.444290 0.177125
vt 0.949688 0.743728
vt 0.196528 0.223482
vt 0.200150 0.209965
vt 0.214562 0.224862
vt 0.650557 0.327605
vt 0.687067 0.337380
vt 0.788213 0.407221
vt 0.352479 0.858169
vt 0.357622 0.843451
vt 0.650449 0.464921
vt 0.397152 0.039928
vt 0.664606 0.317427
vt 0.421851 0.178002
vt 0.525985 0.019205
vt 0.496832 0.544299
vt 0.610362 0.662835
vt 0.894373 0.036319
vt 0.273895 0.766825
vt 0.474148 0.029922
vt 0.467706 0.020721
vt 0.474139 0.014189
vt 0.306994 0.301739
vt 0.914546 0.869483
vt 0.661075 0.367408
vt 0.987733 0.638340
vt 0.332822 0.568462
vt 0.965265 0.667071
vt 0.200450 0.204712
vt 0.584117 0.969084
vt 0.992110 0.219102
vt 0.996863 0.219102
vt 0.995379 0.222000
vt 0.296405 0.743446
vt 0.987354 0.657752
vt 0.007520 0.817306
vt 0.698979 0.329021
vt 0.578346 0.986168
vt 0.589016 0.995122
vt 0.573681 0.995286
vt 0.302720 0.070591
vt 0.291620 0.070589
vt 0.297148 0.058733
vt 0.649166 0.337625
vt 0.593066 0.960748
vt 0.583234 0.957923
vt 0.961073 0.666345
vt 0.684998 0.593172
vt 0.778737 0.912715
vt 0.944027 0.538194
vt 0.924469 0.517220
vt 0.950719 0.536490
vt 0.638986 0.943827
vt 0.643723 0.959039
vt 0.734259 0.009602
vt 0.064119 0.722406
vt 0.054214 0.722406
vt 0.065585 0.700858
vt 0.114954 0.222599
vt 0.039730 0.627556
vt 0.936673 0.618152
vt 0.917844 0.621993
vt 0.974442 0.739536
vt 0.985476 0.739728
vt 0.988465 0.750189
vt 0.651488 0.956495
vt 0.653015 0.962381
vt 0.267570 0.050728
vt 0.246807 0.052544
vt 0.243207 0.049210
vt 0.701725 0.313292
vt 0.960098 0.502269
vt 0.976774 0.499374
vt 0.972337 0.517167
vt 0.474999 0.680611
vt 0.939394 0.869469
vt 0.930558 0.846298
vt 0.940118 0.848739
vt 0.390616 0.188682
vt 0.996162 0.880059
vt 0.996162 0.871320
vt 0.997823 0.876994
vt 0.799634 0.991287
vt 0.799634 0.987660
vt 0.802872 0.990952
vt 0.252517 0.858433
vt 0.081609 0.317488
vt 0.992964 0.732714
vt 0.990023 0.721738
vt 0.993436 0.716910
vt 0.234762 0.767779
vt 0.530984 0.029880
vt 0.548715 0.024118
vt 0.547029 0.038037
vt 0.453904 0.870552
vt 0.427148 0.871614
vt 0.441527 0.860167
vt 0.305351 0.260852
vt 0.307144 0.251485
vt 0.227488 0.214305
vt 0.850700 0.834173
vt 0.858122 0.846716
vt 0.850982 0.855226
vt 0.697381 0.564042
vt 0.514040 0.552553
vt 0.545816 0.573834
vt 0.505322 0.553787
vt 0.994772 0.974781
vt 0.989689 0.963880
vt 0.994385 0.958051
vt 0.858823 0.813059
vt 0.864586 0.812275
vt 0.865759 0.818515
vt 0.307378 0.034322
vt 0.322453 0.036753
vt 0.319053 0.050390
vt 0.369503 0.170549
vt 0.492166 0.933871
vt 0.496468 0.922051
vt 0.494195 0.935528
vt 0.046634 0.622061
vt 0.717153 0.321206
vt 0.713761 0.349175
vt 0.408625 0.079696
vt 0.487735 0.954681
vt 0.492290 0.954106
vt 0.407515 0.971876
vt 0.044359 0.001665
vt 0.052884 0.001665
vt 0.049786 0.003348
vt 0.538805 0.565508
vt 0.429534 0.148990
vt 0.664916 0.686071
vt 0.868712 0.025401
vt 0.981067 0.658812
vt 0.373159 0.085889
vt 0.376720 0.108224
vt 0.364581 0.087104
vt 0.326206 0.042550
vt 0.730250 0.927750
vt 0.704318 0.920687
vt 0.724693 0.913997
vt 0.999413 0.573120
vt 0.494046 0.173859
vt 0.487513 0.164436
vt 0.038692 0.323516
vt 0.677113 0.851740
vt 0.456818 0.009720
vt 0.464485 0.006622
vt 0.460128 0.018942
vt 0.434913 0.116325
vt 0.973172 0.769187
vt 0.954857 0.767584
vt 0.973319 0.750631
vt 0.857364 0.826991
vt 0.576757 0.898043
vt 0.021632 0.207744
vt 0.010542 0.199080
vt 0.028190 0.200804
vt 0.602259 0.986896
vt 0.744585 0.912146
vt 0.753225 0.905598
vt 0.748547 0.910506
vt 0.746047 0.000748
vt 0.749338 0.005278
vt 0.744897 0.007773
vt 0.577375 0.108321
vt 0.498230 0.965669
vt 0.368117 0.184132
vt 0.980754 0.511336
vt 0.370504 0.154063
vt 0.692656 0.642746
vt 0.005107 0.216832
vt 0.002589 0.214314
vt 0.010444 0.214245
vt 0.126034 0.631326
vt 0.138420 0.656457
vt 0.126609 0.664727
vt 0.985134 0.544195
vt 0.985134 0.524978
vt 0.987297 0.541188
vt 0.300020 0.361856
vt 0.317622 0.357139
vt 0.307349 0.374137
vt 0.189155 0.763845
vt 0.368980 0.737945
vt 0.051373 0.390457
vt 0.046699 0.377613
vt 0.054834 0.390069
vt 0.423771 0.853283
vt 0.935996 0.841809
vt 0.353929 0.181746
vt 0.574672 0.985914
vt 0.572979 0.980049
vt 0.686192 0.302152
vt 0.328401 0.826083
vt 0.965103 0.747104
vt 0.949953 0.508422
vt 0.942862 0.519172
vt 0.691734 0.855637
vt 0.053306 0.409031
vt 0.058117 0.409281
vt 0.754237 0.081625
vt 0.725462 0.081625
vt 0.732432 0.072260
vt 0.265368 0.961376
vt 0.304173 0.942491
vt 0.302522 0.958126
vt 0.655203 0.960857
vt 0.658767 0.957722
vt 0.710594 0.998538
vt 0.704380 0.998864
vt 0.701937 0.977076
vt 0.243568 0.866453
vt 0.248834 0.863264
vt 0.460157 0.023357
vt 0.464486 0.010034
vt 0.466158 0.023550
vt 0.753092 0.910693
vt 0.324086 0.089126
vt 0.317517 0.075039
vt 0.323646 0.062253
vt 0.261035 0.440020
vt 0.248202 0.424702
vt 0.261446 0.414319
vt 0.960227 0.002105
vt 0.968754 0.004389
vt 0.958564 0.004412
vt 0.550884 0.020932
vt 0.550884 0.013655
vt 0.565908 0.015920
vt 0.397170 0.075356
vt 0.625675 0.804106
vt 0.625921 0.808944
vt 0.614163 0.801477
vt 0.526098 0.030419
vt 0.560108 0.998019
vt 0.583250 0.998019
vt 0.574856 0.999976
vt 0.584309 0.902158
vt 0.314461 0.728655
vt 0.427484 0.858210
vt 0.926817 0.188651
vt 0.926817 0.221374
vt 0.920802 0.212309
vt 0.098295 0.034847
vt 0.098295 0.018286
vt 0.105214 0.020072
vt 0.597259 0.930317
vt 0.716388 0.001704
vt 0.718701 0.008822
vt 0.712878 0.008571
vt 0.244391 0.874008
vt 0.807796 0.838509
vt 0.497961 0.003202
vt 0.508555 0.003202
vt 0.502400 0.014342
vt 0.956915 0.025474
vt 0.944431 0.016404
vt 0.961333 0.014626
vt 0.095183 0.697330
vt 0.092499 0.724420
vt 0.077369 0.718913
vt 0.535226 0.006090
vt 0.786914 0.395787
vt 0.654748 0.947343
vt 0.044596 0.214454
vt 0.199477 0.772391
vt 0.864210 0.833487
vt 0.535923 0.056530
vt 0.534965 0.048733
vt 0.556764 0.056328
vt 0.621786 0.936365
vt 0.634684 0.942149
vt 0.954000 0.753993
vt 0.226537 0.036612
vt 0.243040 0.048601
vt 0.222123 0.046263
vt 0.622457 0.753476
vt 0.590986 0.745155
vt 0.425482 0.850992
vt 0.815499 0.444590
vt 0.807753 0.453771
vt 0.811006 0.435529
vt 0.640450 0.029593
vt 0.639433 0.041211
vt 0.628349 0.030069
vt 0.259236 0.942383
vt 0.276004 0.948291
vt 0.197083 0.038917
vt 0.203371 0.043512
vt 0.197798 0.049085
vt 0.130682 0.666410
vt 0.990985 0.925353
vt 0.994979 0.940258
vt 0.989984 0.942316
vt 0.660856 0.368153
vt 0.682232 0.370139
vt 0.680696 0.372978
vt 0.664726 0.641173
vt 0.982039 0.412932
vt 0.982039 0.394085
vt 0.984878 0.409828
vt 0.497249 0.030537
vt 0.492389 0.015579
vt 0.500594 0.019669
vt 0.006142 0.567047
vt 0.007511 0.574808
vt 0.000760 0.567228
vt 0.120333 0.519786
vt 0.132164 0.522022
vt 0.126218 0.530831
vt 0.426256 0.991803
vt 0.435023 0.979481
vt 0.443015 0.987198
vt 0.906569 0.067186
vt 0.891440 0.069656
vt 0.890026 0.067972
vt 0.952056 0.751226
vt 0.952500 0.738519
vt 0.963734 0.746472
vt 0.696436 0.300757
vt 0.787949 0.911073
vt 0.986912 0.611942
vt 0.981035 0.593856
vt 0.987887 0.591567
vt 0.498308 0.151246
vt 0.670515 0.848289
vt 0.471502 0.178733
vt 0.782082 0.016624
vt 0.791351 0.017272
vt 0.791351 0.029491
vt 0.613757 0.795498
vt 0.046143 0.419880
vt 0.504198 0.014727
vt 0.504519 0.026376
vt 0.501442 0.024339
vt 0.339942 0.861095
vt 0.436283 0.331188
vt 0.776143 0.809543
vt 0.774961 0.806609
vt 0.805468 0.787902
vt 0.105277 0.226776
vt 0.294422 0.763386
vt 0.283023 0.068441
vt 0.287397 0.782902
vt 0.301895 0.778604
vt 0.290893 0.783971
vt 0.189263 0.022079
vt 0.189263 0.039074
vt 0.177153 0.025967
vt 0.302360 0.940725
vt 0.955976 0.725967
vt 0.283943 0.932729
vt 0.282474 0.945256
vt 0.301189 0.800505
vt 0.314179 0.785651
vt 0.306483 0.802941
vt 0.994383 0.627804
vt 0.994383 0.643374
vt 0.991582 0.643280
vt 0.287820 0.869416
vt 0.280908 0.858130
vt 0.300052 0.862471
vt 0.820303 0.800160
vt 0.785967 0.823911
vt 0.973510 0.014631
vt 0.388282 0.003282
vt 0.388282 0.007998
vt 0.386152 0.000523
vt 0.164448 0.007224
vt 0.172101 0.011652
vt 0.166716 0.019343
vt 0.261130 0.212065
vt 0.138295 0.089971
vt 0.118805 0.090162
vt 0.126478 0.085670
vt 0.923320 0.767783
vt 0.853909 0.184461
vt 0.861910 0.193892
vt 0.857562 0.197412
vt 0.448722 0.119931
vt 0.429130 0.124966
vt 0.852273 0.586603
vt 0.978058 0.305874
vt 0.516603 0.024224
vt 0.718751 0.376961
vt 0.930691 0.769741
vt 0.928844 0.799864
vt 0.069068 0.017532
vt 0.053739 0.017532
vt 0.065702 0.014548
vt 0.277054 0.291272
vt 0.263267 0.268262
vt 0.847847 0.172196
vt 0.859123 0.182316
vt 0.260464 0.656335
vt 0.253750 0.675009
vt 0.249582 0.664295
vt 0.620703 0.028635
vt 0.627949 0.045049
vt 0.508032 0.105050
vt 0.517718 0.096945
vt 0.517903 0.108079
vt 0.307271 0.022969
vt 0.307271 0.009111
vt 0.318794 0.010985
vt 0.094348 0.819948
vt 0.085881 0.790643
vt 0.811336 0.753320
vt 0.822024 0.751026
vt 0.816257 0.774924
vt 0.762175 0.911964
vt 0.513223 0.145182
vt 0.997664 0.866600
vt 0.996167 0.858112
vt 0.997818 0.857710
vt 0.600875 0.799140
vt 0.623715 0.808992
vt 0.607427 0.804850
vt 0.690285 0.292333
vt 0.119284 0.277121
vt 0.107652 0.272859
vt 0.974235 0.910264
vt 0.973530 0.893663
vt 0.984365 0.895573
vt 0.989408 0.778829
vt 0.972998 0.771298
vt 0.982651 0.758013
vt 0.267439 0.221990
vt 0.838698 0.174539
vt 0.825880 0.177120
vt 0.825856 0.165507
vt 0.363552 0.099269
vt 0.590833 0.786868
vt 0.574731 0.753670
vt 0.797592 0.837712
vt 0.793491 0.845266
vt 0.824037 0.820001
vt 0.022740 0.194398
vt 0.022100 0.182196
vt 0.038405 0.191196
vt 0.776489 0.004108
vt 0.780610 0.001114
vt 0.781907 0.008410
vt 0.143370 0.535672
vt 0.818958 0.491499
vt 0.786815 0.469565
vt 0.239187 0.758964
vt 0.382145 0.007956
vt 0.277988 0.703236
vt 0.277384 0.706271
vt 0.272817 0.703850
vt 0.877391 0.068153
vt 0.284359 0.222823
vt 0.300214 0.210219
vt 0.627319 0.910760
vt 0.611323 0.910760
vt 0.628230 0.903731
vt 0.141599 0.633904
vt 0.506805 0.100222
vt 0.423054 0.036762
vt 0.416840 0.039023
vt 0.423371 0.026767
vt 0.304851 0.785064
vt 0.741669 0.901493
vt 0.739366 0.889794
vt 0.328374 0.373182
vt 0.324445 0.388345
vt 0.974557 0.061637
vt 0.976194 0.051304
vt 0.986345 0.064904
vt 0.250628 0.863855
vt 0.260139 0.868734
vt 0.247818 0.876626
vt 0.416729 0.022130
vt 0.290441 0.786627
vt 0.016231 0.003294
vt 0.017433 0.000716
vt 0.024371 0.002885
vt 0.249355 0.541510
vt 0.279470 0.542099
vt 0.231076 0.072691
vt 0.231076 0.085406
vt 0.221681 0.072989
vt 0.998926 0.966466
vt 0.998926 0.973384
vt 0.996061 0.971318
vt 0.327474 0.250845
vt 0.329092 0.260676
vt 0.861632 0.164727
vt 0.964436 0.016342
vt 0.965132 0.010672
vt 0.972021 0.014989
vt 0.887951 0.040628
vt 0.875707 0.061126
vt 0.875270 0.049841
vt 0.278230 0.871293
vt 0.810151 0.456159
vt 0.836216 0.454134
vt 0.827590 0.482461
vt 0.438370 0.989671
vt 0.438370 0.999301
vt 0.422282 0.995144
vt 0.356053 0.076739
vt 0.361205 0.081923
vt 0.356983 0.080390
vt 0.303851 0.391011
vt 0.822391 0.435560
vt 0.286855 0.375908
vt 0.479372 0.648189
vt 0.467284 0.657368
vt 0.692485 0.625811
vt 0.189137 0.021322
vt 0.189164 0.007751
vt 0.201908 0.007751
vt 0.995356 0.319326
vt 0.995966 0.333807
vt 0.985988 0.327186
vt 0.141037 0.622140
vt 0.545463 0.888274
vt 0.584787 0.891715
vt 0.525990 0.889565
vt 0.975372 0.074009
vt 0.265660 0.013116
vt 0.265660 0.026483
vt 0.250837 0.015932
vt 0.368641 0.141945
vt 0.065532 0.748604
vt 0.056735 0.738244
vt 0.815623 0.170175
vt 0.692705 0.605249
vt 0.817961 0.416030
vt 0.468117 0.168829
vt 0.067479 0.168360
vt 0.054141 0.168373
vt 0.055273 0.161953
vt 0.990225 0.702878
vt 0.994236 0.707657
vt 0.990818 0.718676
vt 0.705157 0.912275
vt 0.783052 0.385793
vt 0.260421 0.657697
vt 0.259139 0.674804
vt 0.846668 0.474689
vt 0.826910 0.501226
vt 0.465701 0.554941
vt 0.138041 0.081598
vt 0.276736 0.306031
vt 0.319781 0.738837
vt 0.202341 0.012293
vt 0.695165 0.051913
vt 0.686790 0.042855
vt 0.694095 0.039685
vt 0.829243 0.035469
vt 0.839609 0.024120
vt 0.847949 0.036031
vt 0.496273 0.093865
vt 0.297247 0.851368
vt 0.399547 0.564417
vt 0.403960 0.570955
vt 0.446859 0.319106
vt 0.843664 0.495287
vt 0.866594 0.849063
vt 0.855426 0.876446
vt 0.532299 0.076884
vt 0.515268 0.089480
vt 0.511063 0.076939
vt 0.294160 0.771855
vt 0.301494 0.773477
vt 0.407901 0.940404
vt 0.902058 0.709243
vt 0.900459 0.677809
vt 0.909327 0.699596
vt 0.981767 0.699411
vt 0.987238 0.714442
vt 0.981183 0.717632
vt 0.592918 0.751409
vt 0.588286 0.777658
vt 0.589191 0.754743
vt 0.057381 0.527157
vt 0.057381 0.477855
vt 0.062920 0.515024
vt 0.944247 0.645938
vt 0.938460 0.633529
vt 0.944004 0.617721
vt 0.987809 0.337856
vt 0.982116 0.355377
vt 0.983960 0.339144
vt 0.696671 0.653408
vt 0.513690 0.116668
vt 0.484746 0.112752
vt 0.507324 0.113700
vt 0.693840 0.061143
vt 0.692302 0.055330
vt 0.993791 0.829514
vt 0.991172 0.826895
vt 0.993620 0.813093
vt 0.699652 0.781879
vt 0.998246 0.889061
vt 0.996603 0.888631
vt 0.998818 0.880363
vt 0.291818 0.389248
vt 0.000008 0.574458
vt 0.521894 0.089645
vt 0.575490 0.885228
vt 0.649092 0.940751
vt 0.518927 0.114191
vt 0.828754 0.141817
vt 0.148080 0.003045
vt 0.159188 0.003045
vt 0.150580 0.011993
vt 0.458446 0.786905
vt 0.476575 0.771027
vt 0.463198 0.799073
vt 0.974412 0.387283
vt 0.974571 0.381880
vt 0.976906 0.381676
vt 0.906317 0.915968
vt 0.910273 0.937213
vt 0.900253 0.928973
vt 0.274619 0.708657
vt 0.811995 0.030203
vt 0.799571 0.034459
vt 0.803322 0.030962
vt 0.527439 0.115496
vt 0.570318 0.147960
vt 0.556536 0.148630
vt 0.565331 0.139322
vt 0.090250 0.237746
vt 0.475243 0.014035
vt 0.468688 0.005013
vt 0.478680 0.006425
vt 0.841784 0.588002
vt 0.847441 0.568805
vt 0.876562 0.183514
vt 0.695630 0.375015
vt 0.353111 0.032074
vt 0.353250 0.022892
vt 0.363443 0.020538
vt 0.836829 0.564029
vt 0.277230 0.058747
vt 0.008997 0.895994
vt 0.008997 0.904366
vt 0.003197 0.895420
vt 0.207556 0.524517
vt 0.255100 0.526552
vt 0.234627 0.555024
vt 0.564148 0.746020
vt 0.579222 0.139694
vt 0.599326 0.144552
vt 0.865462 0.411146
vt 0.853210 0.432366
vt 0.853372 0.380099
vt 0.142825 0.660761
vt 0.499035 0.112229
vt 0.688378 0.793010
vt 0.472808 0.646644
vt 0.338111 0.679027
vt 0.327648 0.693567
vt 0.302953 0.658203
vt 0.944226 0.715610
vt 0.937478 0.718757
vt 0.937931 0.702727
vt 0.472364 0.559492
vt 0.046070 0.213794
vt 0.247415 0.390029
vt 0.913576 0.710161
vt 0.990083 0.783479
vt 0.994378 0.790919
vt 0.990636 0.799479
vt 0.058986 0.158755
vt 0.039649 0.161381
vt 0.055806 0.151937
vt 0.250631 0.017755
vt 0.230279 0.059691
vt 0.888640 0.051974
vt 0.287372 0.025544
vt 0.274795 0.016709
vt 0.278409 0.012551
vt 0.203419 0.033860
vt 0.717331 0.891582
vt 0.875593 0.169519
vt 0.221556 0.085673
vt 0.792516 0.030362
vt 0.076669 0.077363
vt 0.076669 0.112612
vt 0.069195 0.094416
vt 0.999002 0.806303
vt 0.996147 0.798457
vt 0.999342 0.795201
vt 0.319382 0.796182
vt 0.462034 0.768594
vt 0.439240 0.815629
vt 0.451672 0.773648
vt 0.618284 0.989597
vt 0.621816 0.984553
vt 0.621220 0.999407
vt 0.451273 0.318997
vt 0.473789 0.787522
vt 0.862472 0.139999
vt 0.988100 0.480410
vt 0.992351 0.489527
vt 0.988447 0.495028
vt 0.529829 0.110901
vt 0.998775 0.407529
vt 0.999976 0.421261
vt 0.998520 0.421544
vt 0.289138 0.552586
vt 0.037307 0.184535
vt 0.002532 0.904580
vt 0.996169 0.881073
vt 0.774732 0.376286
vt 0.197908 0.029612
vt 0.698921 0.291226
vt 0.145501 0.517429
vt 0.655172 0.941991
vt 0.474401 0.999991
vt 0.473386 0.985472
vt 0.491526 0.999573
vt 0.582471 0.131373
vt 0.698125 0.833582
vt 0.681239 0.843354
vt 0.693058 0.827011
vt 0.865768 0.587452
vt 0.841428 0.139129
vt 0.408816 0.858973
vt 0.253526 0.859624
vt 0.687260 0.061568
vt 0.368192 0.027134
vt 0.366778 0.019528
vt 0.304568 0.829964
vt 0.497946 0.006223
vt 0.502045 0.018839
vt 0.491438 0.013421
vt 0.176906 0.007237
vt 0.317101 0.771399
vt 0.315853 0.757135
vt 0.350615 0.767708
vt 0.909872 0.929450
vt 0.926151 0.935055
vt 0.927722 0.952756
vt 0.976370 0.972277
vt 0.962979 0.976888
vt 0.974354 0.960455
vt 0.369266 0.988078
vt 0.342009 0.995381
vt 0.337000 0.988239
vt 0.981579 0.600025
vt 0.987426 0.618021
vt 0.980995 0.611376
vt 0.262482 0.860015
vt 0.030125 0.282004
vt 0.030403 0.287311
vt 0.022586 0.280218
vt 0.820041 0.152425
vt 0.990715 0.261907
vt 0.988159 0.256890
vt 0.998809 0.260894
vt 0.295719 0.331711
vt 0.126062 0.076963
vt 0.622939 0.131715
vt 0.608629 0.141566
vt 0.281971 0.525520
vt 0.303150 0.529110
vt 0.222709 0.059855
vt 0.094916 0.785115
vt 0.436149 0.820962
vt 0.451501 0.819045
vt 0.431763 0.825249
vt 0.658089 0.967564
vt 0.658918 0.991285
vt 0.649854 0.994340
vt 0.553349 0.111234
vt 0.326795 0.923340
vt 0.542547 0.137101
vt 0.530444 0.145678
vt 0.380328 0.135409
vt 0.825513 0.430102
vt 0.837817 0.436618
vt 0.831569 0.441265
vt 0.017055 0.966131
vt 0.024549 0.964810
vt 0.018350 0.981888
vt 0.699876 0.964286
vt 0.699876 0.959022
vt 0.701127 0.960364
vt 0.549545 0.838430
vt 0.571310 0.857491
vt 0.556754 0.857207
vt 0.548049 0.995289
vt 0.554745 0.983557
vt 0.563176 0.989911
vt 0.055027 0.035961
vt 0.036201 0.042078
vt 0.042707 0.034113
vt 0.567425 0.831611
vt 0.563235 0.130120
vt 0.419806 0.138813
vt 0.013423 0.703939
vt 0.013423 0.710095
vt 0.002618 0.709475
vt 0.083607 0.891568
vt 0.083607 0.910934
vt 0.071837 0.892177
vt 0.554637 0.137678
vt 0.090923 0.342417
vt 0.080444 0.332740
vt 0.089191 0.325401
vt 0.029896 0.288778
vt 0.010312 0.315733
vt 0.009703 0.294579
vt 0.793964 0.417485
vt 0.589089 0.798282
vt 0.091485 0.361775
vt 0.080718 0.350620
vt 0.546526 0.046874
vt 0.553214 0.039843
vt 0.568135 0.046801
vt 0.383375 0.016923
vt 0.371390 0.023018
vt 0.369169 0.012570
vt 0.012119 0.830148
vt 0.018862 0.849884
vt 0.010712 0.841600
vt 0.684897 0.909022
vt 0.238757 0.001021
vt 0.244952 0.005522
vt 0.239331 0.010508
vt 0.392713 0.866486
vt 0.987674 0.105561
vt 0.994695 0.102287
vt 0.997789 0.105733
vt 0.929769 0.053835
vt 0.927571 0.066302
vt 0.917471 0.056943
vt 0.080722 0.362782
vt 0.309757 0.768488
vt 0.354107 0.090132
vt 0.456330 0.008347
vt 0.456330 0.001678
vt 0.461464 0.006544
vt 0.761271 0.031861
vt 0.748885 0.027282
vt 0.747501 0.020770
vt 0.738907 0.058905
vt 0.741142 0.044731
vt 0.759840 0.052285
vt 0.543360 0.985398
vt 0.257351 0.529013
vt 0.009881 0.257619
vt 0.002553 0.260000
vt 0.001648 0.251779
vt 0.274588 0.343768
vt 0.316904 0.773137
vt 0.599696 0.127238
vt 0.736438 0.380897
vt 0.982181 0.692204
vt 0.982181 0.673711
vt 0.986240 0.684882
vt 0.602355 0.002243
vt 0.602355 0.009286
vt 0.598147 0.007417
vt 0.972744 0.204404
vt 0.963525 0.189966
vt 0.972816 0.184602
vt 0.830325 0.087513
vt 0.845754 0.086301
vt 0.847454 0.092647
vt 0.331202 0.241875
vt 0.895936 0.682411
vt 0.898876 0.677319
vt 0.900163 0.687793
vt 0.045846 0.135101
vt 0.060197 0.131472
vt 0.055586 0.139081
vt 0.462642 0.812119
vt 0.159209 0.036950
vt 0.146233 0.036482
vt 0.144526 0.025707
vt 0.326260 0.780190
vt 0.039263 0.115311
vt 0.012130 0.852057
vt 0.230010 0.672755
vt 0.447929 0.970603
vt 0.844457 0.027600
vt 0.060187 0.750270
vt 0.004176 0.429922
vt 0.010088 0.421785
vt 0.010862 0.431849
vt 0.505974 0.044592
vt 0.524021 0.039757
vt 0.528612 0.045456
vt 0.905820 0.066466
vt 0.011525 0.602460
vt 0.003512 0.596639
vt 0.011205 0.589018
vt 0.697284 0.835957
vt 0.260850 0.375328
vt 0.080047 0.927663
vt 0.073812 0.922649
vt 0.666936 0.937285
vt 0.906191 0.063748
vt 0.296183 0.235567
vt 0.282174 0.261289
vt 0.256780 0.269390
vt 0.983045 0.892242
vt 0.308214 0.764992
vt 0.557554 0.128607
vt 0.561188 0.984121
vt 0.874007 0.153847
vt 0.328384 0.035055
vt 0.343448 0.024111
vt 0.348307 0.036040
vt 0.278406 0.390366
vt 0.539734 0.969801
vt 0.538658 0.939551
vt 0.539761 0.926941
vt 0.210127 0.036553
vt 0.228470 0.030593
vt 0.221057 0.044595
vt 0.636853 0.890226
vt 0.679267 0.378153
vt 0.097795 0.994940
vt 0.084767 0.984008
vt 0.115735 0.984480
vt 0.893760 0.701562
vt 0.899910 0.692390
vt 0.161351 0.983794
vt 0.130379 0.983794
vt 0.146107 0.981118
vt 0.592773 0.775952
vt 0.695553 0.362574
vt 0.706162 0.282658
vt 0.041961 0.138327
vt 0.997688 0.614415
vt 0.999305 0.613661
vt 0.998585 0.627442
vt 0.090977 0.375728
vt 0.941987 0.159663
vt 0.942481 0.145515
vt 0.954755 0.158092
vt 0.978212 0.023547
vt 0.962878 0.023222
vt 0.973314 0.016553
vt 0.994346 0.198251
vt 0.985508 0.186087
vt 0.996447 0.178691
vt 0.481930 0.087426
vt 0.495598 0.090707
vt 0.491289 0.103287
vt 0.375085 0.741552
vt 0.389734 0.766887
vt 0.010279 0.544789
vt 0.001751 0.544789
vt 0.006228 0.541427
vt 0.016295 0.701025
vt 0.004757 0.701025
vt 0.011626 0.696469
vt 0.263302 0.375391
vt 0.272648 0.394031
vt 0.092974 0.748785
vt 0.076331 0.735963
vt 0.976886 0.366602
vt 0.480317 0.094097
vt 0.430181 0.819877
vt 0.446245 0.818722
vt 0.899777 0.698528
vt 0.875758 0.618379
vt 0.673970 0.830907
vt 0.325274 0.056779
vt 0.315875 0.073059
vt 0.314826 0.049247
vt 0.765977 0.370121
vt 0.311520 0.741762
vt 0.977614 0.346256
vt 0.977614 0.326426
vt 0.980281 0.336071
vt 0.568023 0.789914
vt 0.070512 0.144866
vt 0.361691 0.009587
vt 0.375701 0.010813
vt 0.361141 0.010965
vt 0.081002 0.877851
vt 0.467530 0.821189
vt 0.549334 0.129175
vt 0.287092 0.716277
vt 0.273878 0.715739
vt 0.010265 0.476491
vt 0.013874 0.472882
vt 0.024823 0.476249
vt 0.706099 0.052601
vt 0.698907 0.046387
vt 0.706607 0.035391
vt 0.104312 0.076853
vt 0.104648 0.072076
vt 0.857046 0.565755
vt 0.038377 0.471762
vt 0.041420 0.476107
vt 0.031304 0.475990
vt 0.496514 0.077096
vt 0.823494 0.793590
vt 0.767841 0.154629
vt 0.763487 0.157678
vt 0.764755 0.119515
vt 0.082751 0.376353
vt 0.693318 0.378512
vt 0.967110 0.183566
vt 0.565185 0.753711
vt 0.257854 0.250199
vt 0.860132 0.435288
vt 0.945924 0.971048
vt 0.955330 0.978941
vt 0.946836 0.994866
vt 0.031769 0.164974
vt 0.862682 0.018703
vt 0.867153 0.023455
vt 0.865410 0.025531
vt 0.285080 0.054896
vt 0.260785 0.054896
vt 0.272411 0.049866
vt 0.302974 0.108092
vt 0.319396 0.108163
vt 0.305283 0.111930
vt 0.066221 0.717209
vt 0.486290 0.002233
vt 0.497169 0.002233
vt 0.490497 0.012805
vt 0.011578 0.513033
vt 0.011578 0.491979
vt 0.021505 0.508963
vt 0.988954 0.767578
vt 0.454247 0.032616
vt 0.464273 0.038400
vt 0.459730 0.038188
vt 0.488642 0.014700
vt 0.488642 0.030413
vt 0.482285 0.023008
vt 0.131840 0.551735
vt 0.533881 0.939901
vt 0.017217 0.951445
vt 0.897467 0.718887
vt 0.996841 0.980405
vt 0.996628 0.974307
vt 0.999362 0.973981
vt 0.018413 0.337118
vt 0.016280 0.339117
vt 0.008655 0.337074
vt 0.494815 0.099262
vt 0.325867 0.794056
vt 0.062158 0.127277
vt 0.011989 0.524968
vt 0.011989 0.535683
vt 0.006056 0.525747
vt 0.867419 0.087955
vt 0.757307 0.022784
vt 0.237928 0.606874
vt 0.235776 0.585125
vt 0.238906 0.600581
vt 0.890370 0.924742
vt 0.873030 0.909669
vt 0.896131 0.920200
vt 0.598698 0.897695
vt 0.608021 0.888739
vt 0.818013 0.792466
vt 0.306756 0.037277
vt 0.312593 0.045613
vt 0.306455 0.057961
vt 0.901227 0.721177
vt 0.279802 0.358403
vt 0.294032 0.358205
vt 0.950271 0.317727
vt 0.936446 0.317727
vt 0.944351 0.291295
vt 0.028438 0.891347
vt 0.016462 0.928202
vt 0.014670 0.892610
vt 0.120254 0.070884
vt 0.853619 0.013519
vt 0.841118 0.013519
vt 0.844064 0.006030
vt 0.061500 0.233114
vt 0.048491 0.273152
vt 0.044264 0.240443
vt 0.980274 0.306145
vt 0.977120 0.303499
vt 0.979356 0.286337
vt 0.042338 0.982042
vt 0.072950 0.982042
vt 0.058788 0.991392
vt 0.099906 0.008102
vt 0.113628 0.008102
vt 0.112804 0.011948
vt 0.993435 0.881648
vt 0.990023 0.882562
vt 0.990204 0.865809
vt 0.240784 0.625859
vt 0.431982 0.809998
vt 0.372267 0.130301
vt 0.294628 0.014508
vt 0.974913 0.007217
vt 0.464370 0.686361
vt 0.097495 0.867690
vt 0.114207 0.873412
vt 0.107889 0.888926
vt 0.988300 0.332771
vt 0.926111 0.186701
vt 0.918290 0.215890
vt 0.916495 0.183108
vt 0.965654 0.885664
vt 0.958588 0.877243
vt 0.978254 0.877790
vt 0.461516 0.091538
vt 0.461516 0.107874
vt 0.440833 0.094204
vt 0.071281 0.879559
vt 0.583738 0.823748
vt 0.585875 0.832021
vt 0.939059 0.690266
vt 0.544962 0.759758
vt 0.292142 0.680055
vt 0.012199 0.629837
vt 0.012199 0.589712
vt 0.017375 0.614746
vt 0.706977 0.841113
vt 0.936789 0.651779
vt 0.934530 0.677603
vt 0.933386 0.647711
vt 0.102719 0.265775
vt 0.093976 0.289797
vt 0.091273 0.247306
vt 0.483064 0.111966
vt 0.488222 0.109330
vt 0.465686 0.154948
vt 0.962640 0.017489
vt 0.725267 0.829872
vt 0.501579 0.105414
vt 0.861877 0.035432
vt 0.860829 0.122387
vt 0.842948 0.124945
vt 0.836214 0.443077
vt 0.881521 0.902514
vt 0.459783 0.040739
vt 0.363555 0.019054
vt 0.106005 0.167635
vt 0.120865 0.190356
vt 0.105376 0.212477
vt 0.187137 0.981490
vt 0.184547 0.987579
vt 0.183508 0.984894
vt 0.668887 0.845514
vt 0.797075 0.053328
vt 0.800133 0.063996
vt 0.785652 0.061656
vt 0.100141 0.408608
vt 0.092403 0.422010
vt 0.101677 0.378110
vt 0.884724 0.025652
vt 0.891034 0.042989
vt 0.880395 0.026708
vt 0.186866 0.016349
vt 0.173535 0.016349
vt 0.178317 0.007712
vt 0.900876 0.950698
vt 0.699836 0.032612
vt 0.262504 0.402390
vt 0.012447 0.472834
vt 0.008612 0.475646
vt 0.010770 0.472223
vt 0.256026 0.695898
vt 0.460452 0.681079
vt 0.455002 0.677029
vt 0.320827 0.945348
vt 0.668042 0.048481
vt 0.663286 0.048481
vt 0.665925 0.029213
vt 0.092357 0.213606
vt 0.040535 0.796288
vt 0.017113 0.764050
vt 0.044040 0.761106
vt 0.992016 0.012743
vt 0.996957 0.008597
vt 0.996936 0.021980
vt 0.475564 0.798233
vt 0.002590 0.472391
vt 0.281988 0.844363
vt 0.570424 0.976641
vt 0.299079 0.835153
vt 0.712108 0.388300
vt 0.936443 0.399972
vt 0.936443 0.372961
vt 0.942254 0.389167
vt 0.287844 0.721908
vt 0.236915 0.349304
vt 0.131215 0.877394
vt 0.122165 0.893545
vt 0.513388 0.112073
vt 0.328306 0.107821
vt 0.324719 0.093808
vt 0.516675 0.108921
vt 0.800001 0.051412
vt 0.808057 0.044634
vt 0.808373 0.053039
vt 0.242784 0.578165
vt 0.426594 0.041316
vt 0.435407 0.046404
vt 0.413215 0.046341
vt 0.458714 0.151977
vt 0.212509 0.054051
vt 0.201224 0.048789
vt 0.225843 0.048706
vt 0.982112 0.955232
vt 0.977685 0.943068
vt 0.994746 0.957294
vt 0.948052 0.003528
vt 0.952355 0.004681
vt 0.941880 0.004994
vt 0.064101 0.602290
vt 0.056200 0.618354
vt 0.059243 0.603147
vt 0.865587 0.447971
vt 0.438831 0.151781
vt 0.569264 0.044290
vt 0.888325 0.144213
vt 0.889163 0.130175
vt 0.898429 0.134455
vt 0.761152 0.365256
vt 0.757861 0.384756
vt 0.139538 0.035160
vt 0.144074 0.027280
vt 0.030232 0.325484
vt 0.032666 0.319492
vt 0.042769 0.328547
vt 0.991735 0.002051
vt 0.989289 0.004967
vt 0.981698 0.002352
vt 0.389448 0.070876
vt 0.384694 0.089024
vt 0.360430 0.079220
vt 0.985017 0.405972
vt 0.986534 0.388632
vt 0.986912 0.407358
vt 0.008832 0.338552
vt 0.890992 0.024680
vt 0.865416 0.476974
vt 0.241292 0.955089
vt 0.243248 0.952086
vt 0.252274 0.945529
vt 0.035861 0.978652
vt 0.042459 0.947612
vt 0.053931 0.979853
vt 0.015795 0.000150
vt 0.015229 0.003358
vt 0.009753 0.000312
vt 0.167090 0.606766
vt 0.973971 0.370446
vt 0.986228 0.998448
vt 0.968158 0.998448
vt 0.972498 0.989021
vt 0.539359 0.126681
vt 0.462791 0.043107
vt 0.960604 0.820492
vt 0.960604 0.797553
vt 0.963707 0.815593
vt 0.818922 0.576755
vt 0.818922 0.587748
vt 0.812356 0.574278
vt 0.965614 0.467231
vt 0.976742 0.467231
vt 0.970927 0.487154
vt 0.138021 0.070239
vt 0.955367 0.132430
vt 0.955367 0.156292
vt 0.952403 0.143382
vt 0.914324 0.046066
vt 0.917682 0.030124
vt 0.927154 0.040084
vt 0.007764 0.003106
vt 0.245119 0.968697
vt 0.439728 0.136774
vt 0.440836 0.134220
vt 0.449668 0.133447
vt 0.219599 0.374996
vt 0.818061 0.614287
vt 0.815426 0.614049
vt 0.325080 0.771755
vt 0.331335 0.773343
vt 0.134580 0.963583
vt 0.157902 0.973266
vt 0.134580 0.975766
vt 0.011201 0.292714
vt 0.336625 0.130754
vt 0.030202 0.334734
vt 0.459436 0.024061
vt 0.368003 0.021865
vt 0.187659 0.682440
vt 0.193642 0.690873
vt 0.517075 0.056174
vt 0.509454 0.061621
vt 0.490524 0.056548
vt 0.091617 0.889494
vt 0.247384 0.542918
vt 0.969619 0.742495
vt 0.972282 0.727392
vt 0.973239 0.749300
vt 0.856752 0.901824
vt 0.012020 0.652004
vt 0.006527 0.651922
vt 0.007400 0.641944
vt 0.577892 0.795145
vt 0.187760 0.987564
vt 0.312790 0.859941
vt 0.265765 0.087470
vt 0.274024 0.068921
vt 0.289122 0.070999
vt 0.935122 0.047609
vt 0.914502 0.047609
vt 0.933851 0.038606
vt 0.346617 0.786876
vt 0.661533 0.850907
vt 0.947115 0.134573
vt 0.252352 0.957961
vt 0.767215 0.375978
vt 0.170094 0.986825
vt 0.152269 0.193394
vt 0.136983 0.174641
vt 0.151992 0.133403
vt 0.955662 0.131685
vt 0.952609 0.128632
vt 0.954952 0.107914
vt 0.726500 0.449289
vt 0.727214 0.461873
vt 0.715807 0.471952
vt 0.808764 0.413603
vt 0.189165 0.073316
vt 0.173562 0.074557
vt 0.174932 0.070807
vt 0.701264 0.278206
vt 0.694116 0.017762
vt 0.694116 0.035872
vt 0.676310 0.019620
vt 0.175696 0.973473
vt 0.678272 0.994809
vt 0.699172 0.979625
vt 0.697771 0.996315
vt 0.446458 0.138193
vt 0.809836 0.054324
vt 0.270994 0.531076
vt 0.018150 0.616961
vt 0.022479 0.614257
vt 0.012108 0.633850
vt 0.915596 0.208378
vt 0.891469 0.200657
vt 0.909409 0.188140
vt 0.811380 0.044832
vt 0.625165 0.981024
vt 0.636587 0.977964
vt 0.622577 0.989321
vt 0.811197 0.586957
vt 0.946429 0.085566
vt 0.947371 0.061803
vt 0.948932 0.071375
vt 0.456784 0.127736
vt 0.867947 0.029452
vt 0.404131 0.810238
vt 0.812530 0.035683
vt 0.548629 0.126558
vt 0.438149 0.138059
vt 0.707777 0.066080
vt 0.714562 0.045198
vt 0.715281 0.057863
vt 0.237400 0.557568
vt 0.151325 0.121894
vt 0.136453 0.142401
vt 0.268373 0.846426
vt 0.469030 0.025000
vt 0.469326 0.035540
vt 0.519245 0.012776
vt 0.521800 0.022312
vt 0.512054 0.018959
vt 0.903655 0.111426
vt 0.441354 0.109226
vt 0.475910 0.109600
vt 0.058917 0.568112
vt 0.567189 0.756928
vt 0.705994 0.835229
vt 0.714685 0.832145
vt 0.206889 0.071931
vt 0.458960 0.139871
vt 0.044026 0.340203
vt 0.314139 0.076895
vt 0.311864 0.094219
vt 0.304665 0.086706
vt 0.002600 0.351980
vt 0.013440 0.352065
vt 0.013440 0.357795
vt 0.810391 0.559056
vt 0.104013 0.999981
vt 0.083242 0.998164
vt 0.104227 0.998014
vt 0.320265 0.119706
vt 0.030781 0.944458
vt 0.324275 0.092729
vt 0.490444 0.058489
vt 0.993141 0.002584
vt 0.999816 0.006438
vt 0.990159 0.006377
vt 0.010838 0.641229
vt 0.160504 0.047506
vt 0.161943 0.043552
vt 0.166313 0.047584
vt 0.319061 0.081699
vt 0.320580 0.084866
vt 0.005362 0.356749
vt 0.801988 0.573305
vt 0.801128 0.580705
vt 0.770707 0.009296
vt 0.768102 0.008837
vt 0.770745 0.004739
vt 0.263795 0.965960
vt 0.093336 0.364456
vt 0.100905 0.365503
vt 0.803548 0.601209
vt 0.811783 0.637435
vt 0.802900 0.986036
vt 0.808508 0.978027
vt 0.807217 0.999918
vt 0.768198 0.006897
vt 0.841350 0.994781
vt 0.840345 0.971134
vt 0.844158 0.978857
vt 0.951816 0.077688
vt 0.531833 0.943328
vt 0.876607 0.132681
vt 0.996051 0.897934
vt 0.999939 0.897934
vt 0.996679 0.905575
vt 0.998829 0.962156
vt 0.996929 0.967378
vt 0.996659 0.960442
vt 0.078877 0.069289
vt 0.087716 0.063179
vt 0.105083 0.069500
vt 0.707992 0.456835
vt 0.887753 0.974643
vt 0.919720 0.975399
vt 0.888469 0.977316
vt 0.933796 0.030229
vt 0.290270 0.009848
vt 0.290270 0.002182
vt 0.296196 0.007097
vt 0.757174 0.044353
vt 0.011839 0.658569
vt 0.003594 0.657556
vt 0.013448 0.654213
vt 0.185893 0.038518
vt 0.169564 0.050381
vt 0.167490 0.037839
vt 0.955367 0.920675
vt 0.935360 0.935211
vt 0.940467 0.919927
vt 0.036398 0.478552
vt 0.010219 0.487058
vt 0.019442 0.477854
vt 0.769157 0.123205
vt 0.780466 0.113864
vt 0.780862 0.119848
vt 0.919010 0.845728
vt 0.927027 0.845308
vt 0.929611 0.871484
vt 0.721016 0.822439
vt 0.003879 0.333589
vt 0.000038 0.328302
vt 0.005977 0.326061
vt 0.474046 0.032235
vt 0.477002 0.800901
vt 0.268670 0.979652
vt 0.239109 0.985741
vt 0.255532 0.970107
vt 0.528409 0.943548
vt 0.019043 0.380801
vt 0.009027 0.380801
vt 0.018225 0.378597
vt 0.052874 0.013261
vt 0.062742 0.006091
vt 0.065923 0.013959
vt 0.008852 0.885819
vt 0.003178 0.893787
vt 0.004200 0.886226
vt 0.276135 0.395490
vt 0.276470 0.400572
vt 0.223995 0.558520
vt 0.221765 0.569558
vt 0.200473 0.573312
vt 0.662158 0.827529
vt 0.682778 0.808054
vt 0.341313 0.780193
vt 0.774656 0.108230
vt 0.301333 0.238552
vt 0.307151 0.235506
vt 0.147001 0.551278
vt 0.131022 0.900336
vt 0.006583 0.379753
vt 0.006583 0.377640
vt 0.015974 0.378054
vt 0.208046 0.527772
vt 0.205002 0.548165
vt 0.186594 0.560187
vt 0.919766 0.978829
vt 0.006905 0.762120
vt 0.006905 0.773720
vt 0.005626 0.770164
vt 0.993897 0.942957
vt 0.008036 0.804600
vt 0.004071 0.805299
vt 0.008461 0.795151
vt 0.583698 0.900413
vt 0.604386 0.040515
vt 0.592019 0.047535
vt 0.594910 0.040184
vt 0.470094 0.039086
vt 0.474074 0.036890
vt 0.867017 0.559677
vt 0.863643 0.542724
vt 0.880028 0.541395
vt 0.506772 0.012862
vt 0.899848 0.981007
vt 0.022102 0.628299
vt 0.844620 0.990310
vt 0.423975 0.011416
vt 0.409609 0.011416
vt 0.412254 0.008634
vt 0.101056 0.363673
vt 0.093384 0.363673
vt 0.100158 0.319848
vt 0.181056 0.541407
vt 0.034956 0.791222
vt 0.017420 0.775975
vt 0.013165 0.761134
vt 0.815121 0.403238
vt 0.092308 0.378176
vt 0.024359 0.217597
vt 0.012087 0.226513
vt 0.009225 0.220582
vt 0.680434 0.035109
vt 0.865538 0.449201
vt 0.847391 0.448003
vt 0.001100 0.913954
vt 0.005673 0.914761
vt 0.000546 0.921634
vt 0.726404 0.470443
vt 0.717483 0.489015
vt 0.798104 0.009568
vt 0.805865 0.010111
vt 0.805906 0.020006
vt 0.241178 0.974796
vt 0.795254 0.114835
vt 0.018230 0.472974
vt 0.867544 0.569305
vt 0.342734 0.253013
vt 0.102510 0.056314
vt 0.104077 0.059176
vt 0.168703 0.636889
vt 0.333602 0.741383
vt 0.477463 0.087894
vt 0.008808 0.895133
vt 0.166972 0.535534
vt 0.175842 0.517406
vt 0.493236 0.977978
vt 0.495736 0.980075
vt 0.493406 0.984428
vt 0.898492 0.502091
vt 0.869905 0.501592
vt 0.908542 0.499429
vt 0.135561 0.595213
vt 0.130076 0.610283
vt 0.115239 0.593641
vt 0.274999 0.979785
vt 0.051739 0.909650
vt 0.047191 0.921162
vt 0.045783 0.909688
vt 0.396463 0.084614
vt 0.004171 0.793699
vt 0.008978 0.921119
vt 0.802519 0.979158
vt 0.896847 0.184604
vt 0.090422 0.290606
vt 0.423879 0.007775
vt 0.418728 0.007775
vt 0.423268 0.000746
vt 0.091329 0.062370
vt 0.077943 0.395234
vt 0.071361 0.377419
vt 0.076463 0.368582
vt 0.974814 0.929166
vt 0.958992 0.917670
vt 0.979353 0.919367
vt 0.844868 0.971685
vt 0.173463 0.994703
vt 0.037499 0.214136
vt 0.018622 0.216952
vt 0.019738 0.208365
vt 0.090423 0.320466
vt 0.794608 0.092835
vt 0.001040 0.981948
vt 0.001040 0.975600
vt 0.003887 0.982796
vt 0.863182 0.512209
vt 0.862328 0.505250
vt 0.879215 0.503481
vt 0.422350 0.039678
vt 0.422350 0.042026
vt 0.400207 0.041398
vt 0.001222 0.212822
vt 0.001222 0.206727
vt 0.009305 0.207536
vt 0.938172 0.869789
vt 0.930818 0.872178
vt 0.927993 0.844113
vt 0.395799 0.019124
vt 0.395799 0.035011
vt 0.390166 0.023013
vt 0.988532 0.430802
vt 0.996932 0.442365
vt 0.989171 0.448396
vt 0.186256 0.994951
vt 0.779183 0.444661
vt 0.845015 0.799339
vt 0.833335 0.804452
vt 0.840495 0.793128
vt 0.595929 0.840445
vt 0.622581 0.110824
vt 0.662444 0.139173
vt 0.628701 0.124900
vt 0.054724 0.325728
vt 0.056336 0.331619
vt 0.927760 0.871463
vt 0.915348 0.875496
vt 0.916994 0.844303
vt 0.068545 0.324853
vt 0.668868 0.799447
vt 0.248175 0.253861
vt 0.231317 0.168995
vt 0.249067 0.173727
vt 0.223241 0.188355
vt 0.252829 0.708084
vt 0.058035 0.568366
vt 0.329835 0.407695
vt 0.337097 0.425916
vt 0.288866 0.424158
vt 0.859975 0.445816
vt 0.099996 0.306091
vt 0.451327 0.137662
vt 0.582633 0.004623
vt 0.594810 0.004623
vt 0.587256 0.016429
vt 0.676348 0.032336
vt 0.905399 0.510092
vt 0.089906 0.390975
vt 0.952147 0.892466
vt 0.959370 0.914697
vt 0.943387 0.918561
vt 0.940457 0.589879
vt 0.943754 0.587976
vt 0.943238 0.616034
vt 0.094718 0.303884
vt 0.854584 0.787599
vt 0.857743 0.807918
vt 0.618105 0.986383
vt 0.618105 0.955972
vt 0.628511 0.975594
vt 0.210143 0.583220
vt 0.779820 0.524923
vt 0.795780 0.517529
vt 0.770900 0.544017
vt 0.002610 0.409064
vt 0.005812 0.399210
vt 0.011927 0.410314
vt 0.286446 0.722879
vt 0.274983 0.727092
vt 0.009486 0.975766
vt 0.999487 0.914457
vt 0.996180 0.917232
vt 0.996001 0.909836
vt 0.544275 0.039043
vt 0.524898 0.039578
vt 0.530517 0.031099
vt 0.601028 0.825351
vt 0.861948 0.804405
vt 0.898109 0.522125
vt 0.662311 0.125342
vt 0.308538 0.995290
vt 0.305497 0.995290
vt 0.307936 0.990174
vt 0.565372 0.808298
vt 0.559532 0.800316
vt 0.090804 0.306001
vt 0.877059 0.194205
vt 0.871555 0.202066
vt 0.867500 0.191607
vt 0.289033 0.731811
vt 0.054504 0.344435
vt 0.043655 0.358203
vt 0.002510 0.249938
vt 0.004740 0.242643
vt 0.011024 0.249607
vt 0.002637 0.200438
vt 0.002595 0.198087
vt 0.004306 0.190038
vt 0.015285 0.424230
vt 0.030329 0.417215
vt 0.028936 0.446999
vt 0.045080 0.832383
vt 0.013812 0.821778
vt 0.038558 0.808041
vt 0.010939 0.197878
vt 0.651107 0.979124
vt 0.165135 0.039345
vt 0.305265 0.058879
vt 0.314708 0.072365
vt 0.304340 0.084980
vt 0.892354 0.034879
vt 0.892598 0.020816
vt 0.899626 0.024494
vt 0.438470 0.017025
vt 0.437806 0.026513
vt 0.428698 0.014088
vt 0.090263 0.305075
vt 0.904211 0.034586
vt 0.893944 0.035484
vt 0.901461 0.024136
vt 0.099187 0.008049
vt 0.088552 0.009924
vt 0.085776 0.007620
vt 0.289785 0.405229
vt 0.307873 0.100170
vt 0.247392 0.189632
vt 0.299945 0.843498
vt 0.299757 0.096310
vt 0.296777 0.110574
vt 0.269830 0.179064
vt 0.943702 0.323011
vt 0.952873 0.323813
vt 0.943368 0.334122
vt 0.357454 0.000904
vt 0.357842 0.000072
vt 0.365353 0.000930
vt 0.226176 0.695979
vt 0.165768 0.667349
vt 0.155541 0.678948
vt 0.660698 0.787189
vt 0.671587 0.794899
vt 0.590257 0.042681
vt 0.108346 0.609887
vt 0.665945 0.116817
vt 0.680269 0.114710
vt 0.142162 0.592724
vt 0.067590 0.876134
vt 0.055365 0.874326
vt 0.868428 0.746606
vt 0.863841 0.761945
vt 0.857895 0.758734
vt 0.123585 0.160413
vt 0.868668 0.797725
vt 0.808764 0.065835
vt 0.009573 0.569267
vt 0.013424 0.558084
vt 0.027018 0.557550
vt 0.389658 0.128860
vt 0.382753 0.120423
vt 0.387754 0.112418
vt 0.164356 0.519362
vt 0.526687 0.031333
vt 0.021863 0.792751
vt 0.790287 0.581684
vt 0.775879 0.584225
vt 0.766913 0.404328
vt 0.940018 0.058454
vt 0.938957 0.037787
vt 0.944251 0.053409
vt 0.067177 0.912263
vt 0.948110 0.006080
vt 0.958775 0.013828
vt 0.946990 0.014973
vt 0.266438 0.483296
vt 0.252507 0.489047
vt 0.233999 0.482018
vt 0.737242 0.882723
vt 0.736455 0.879786
vt 0.763375 0.878779
vt 0.456052 0.690399
vt 0.985952 0.423114
vt 0.985952 0.442049
vt 0.984474 0.423816
vt 0.091539 0.417417
vt 0.559489 0.783318
vt 0.543900 0.789041
vt 0.789295 0.357163
vt 0.086911 0.603521
vt 0.589435 0.860648
vt 0.457661 0.132409
vt 0.010621 0.207108
vt 0.895651 0.018254
vt 0.093558 0.458068
vt 0.083105 0.460481
vt 0.090804 0.445724
vt 0.951505 0.688721
vt 0.942020 0.689551
vt 0.952215 0.664502
vt 0.753412 0.350748
vt 0.759387 0.347936
vt 0.737242 0.066936
vt 0.726798 0.048853
vt 0.736667 0.050483
vt 0.126203 0.188000
vt 0.121308 0.218534
vt 0.997012 0.644760
vt 0.999479 0.641819
vt 0.999434 0.655424
vt 0.978205 0.915947
vt 0.850612 0.745215
vt 0.864382 0.742458
vt 0.955805 0.710474
vt 0.946450 0.714253
vt 0.954092 0.691260
vt 0.912572 0.028876
vt 0.912224 0.035513
vt 0.013566 0.811707
vt 0.036587 0.793181
vt 0.768395 0.034581
vt 0.762435 0.029580
vt 0.781926 0.029861
vt 0.884404 0.196217
vt 0.007955 0.240287
vt 0.345427 0.894565
vt 0.363914 0.887304
vt 0.363280 0.898381
vt 0.767172 0.541388
vt 0.906410 0.026174
vt 0.206315 0.975235
vt 0.196693 0.978824
vt 0.198596 0.968758
vt 0.019027 0.047970
vt 0.029693 0.044674
vt 0.039450 0.047288
vt 0.356434 0.887985
vt 0.422339 0.116896
vt 0.674964 0.996397
vt 0.673728 0.982750
vt 0.688465 0.983781
vt 0.188529 0.230667
vt 0.215923 0.260007
vt 0.191580 0.236986
vt 0.944133 0.040842
vt 0.439801 0.997483
vt 0.446656 0.981905
vt 0.470475 0.997971
vt 0.578040 0.863733
vt 0.563772 0.876503
vt 0.069703 0.389378
vt 0.695142 0.062159
vt 0.694867 0.070053
vt 0.683047 0.062317
vt 0.643300 0.052092
vt 0.627221 0.048463
vt 0.638524 0.042718
vt 0.954973 0.204543
vt 0.959175 0.187689
vt 0.962148 0.208802
vt 0.646501 0.989956
vt 0.684330 0.802328
vt 0.043622 0.589883
vt 0.057631 0.584784
vt 0.052105 0.605698
vt 0.969166 0.826624
vt 0.969166 0.816523
vt 0.972642 0.827897
vt 0.365112 0.768139
vt 0.377276 0.768139
vt 0.367549 0.778090
vt 0.950633 0.788776
vt 0.933076 0.768618
vt 0.936541 0.769379
vt 0.942560 0.787871
vt 0.952675 0.347283
vt 0.612995 0.838728
vt 0.607918 0.853543
vt 0.009842 0.141962
vt 0.009842 0.151773
vt 0.002689 0.149077
vt 0.966120 0.170678
vt 0.961022 0.161544
vt 0.967916 0.161437
vt 0.014178 0.725935
vt 0.005580 0.739228
vt 0.005741 0.725935
vt 0.128782 0.543936
vt 0.112714 0.566884
vt 0.109564 0.535122
vt 0.374152 0.129186
vt 0.831759 0.788946
vt 0.143647 0.902367
vt 0.431434 0.007943
vt 0.424706 0.007943
vt 0.428171 0.002082
vt 0.060936 0.677055
vt 0.048337 0.706735
vt 0.055132 0.660683
vt 0.601031 0.030218
vt 0.617412 0.028785
vt 0.620523 0.030363
vt 0.267165 0.331020
vt 0.091741 0.468852
vt 0.100722 0.476549
vt 0.085025 0.472005
vt 0.012763 0.653412
vt 0.810208 0.014585
vt 0.824880 0.019352
vt 0.811140 0.029525
vt 0.208351 0.034339
vt 0.208036 0.019980
vt 0.216525 0.026164
vt 0.283587 0.493811
vt 0.349688 0.771199
vt 0.008387 0.067067
vt 0.004144 0.063507
vt 0.007862 0.055239
vt 0.883246 0.998843
vt 0.888195 0.983613
vt 0.889686 0.995499
vt 0.996317 0.029107
vt 0.996317 0.044076
vt 0.990150 0.033771
vt 0.003561 0.115268
vt 0.011089 0.113940
vt 0.002754 0.124755
vt 0.851718 0.321249
vt 0.866513 0.346018
vt 0.841626 0.352687
vt 0.205020 0.942479
vt 0.197597 0.943071
vt 0.725825 0.394077
vt 0.876454 0.572464
vt 0.158104 0.993886
vt 0.878056 0.078193
vt 0.876732 0.087611
vt 0.870838 0.072288
vt 0.944173 0.348167
vt 0.798946 0.410658
vt 0.713007 0.403484
vt 0.698342 0.398760
vt 0.303581 0.095588
vt 0.285769 0.075578
vt 0.303581 0.071330
vt 0.056856 0.609612
vt 0.051297 0.628947
vt 0.270855 0.085584
vt 0.054791 0.583083
vt 0.865878 0.313903
vt 0.552825 0.805043
vt 0.539492 0.804049
vt 0.942675 0.664334
vt 0.477776 0.833484
vt 0.203780 0.703043
vt 0.982276 0.428594
vt 0.985448 0.446585
vt 0.981970 0.447596
vt 0.900206 0.989576
vt 0.266428 0.429781
vt 0.214681 0.017792
vt 0.799320 0.080005
vt 0.000559 0.785151
vt 0.007462 0.780136
vt 0.006949 0.789789
vt 0.266423 0.174149
vt 0.318248 0.433641
vt 0.069855 0.417884
vt 0.273032 0.189689
vt 0.844246 0.312577
vt 0.846506 0.309477
vt 0.850798 0.313208
vt 0.861080 0.203414
vt 0.770176 0.532571
vt 0.767324 0.534010
vt 0.952221 0.208662
vt 0.935403 0.211931
vt 0.955323 0.197092
vt 0.002739 0.272463
vt 0.010869 0.269822
vt 0.011296 0.273035
vt 0.356758 0.866308
vt 0.363610 0.876864
vt 0.357585 0.875895
vt 0.000007 0.098114
vt 0.000007 0.090858
vt 0.001998 0.093503
vt 0.972819 0.815620
vt 0.439628 0.688443
vt 0.088806 0.427712
vt 0.079412 0.429667
vt 0.212424 0.709337
vt 0.048741 0.681215
vt 0.280774 0.681256
vt 0.453901 0.974962
vt 0.772363 0.893652
vt 0.321040 0.223835
vt 0.127148 0.570056
vt 0.940325 0.347317
vt 0.935401 0.350765
vt 0.935707 0.324638
vt 0.011810 0.393381
vt 0.005253 0.393955
vt 0.012342 0.382487
vt 0.011903 0.394578
vt 0.011903 0.405924
vt 0.004638 0.394595
vt 0.722718 0.061798
vt 0.229576 0.978436
vt 0.050634 0.861560
vt 0.043427 0.861812
vt 0.059136 0.841809
vt 0.380714 0.909173
vt 0.369874 0.912197
vt 0.373321 0.895607
vt 0.490042 0.823485
vt 0.375656 0.791205
vt 0.365973 0.803747
vt 0.865883 0.076635
vt 0.756182 0.548232
vt 0.581579 0.044082
vt 0.788672 0.057439
vt 0.795379 0.036796
vt 0.799298 0.049818
vt 0.484054 0.831933
vt 0.971343 0.204782
vt 0.020801 0.039749
vt 0.103064 0.902125
vt 0.951316 0.358036
vt 0.947055 0.349878
vt 0.951091 0.351600
vt 0.963721 0.354279
vt 0.956639 0.375936
vt 0.380982 0.780927
vt 0.168913 0.558409
vt 0.356549 0.777666
vt 0.961277 0.175229
vt 0.434372 0.008573
vt 0.446490 0.010710
vt 0.432207 0.011477
vt 0.821056 0.785122
vt 0.865215 0.083988
vt 0.027768 0.409141
vt 0.095962 0.045905
vt 0.105197 0.037348
vt 0.110438 0.041297
vt 0.242131 0.962630
vt 0.761244 0.570656
vt 0.010637 0.744023
vt 0.045497 0.743051
vt 0.023552 0.746300
vt 0.305432 0.632789
vt 0.295172 0.586237
vt 0.300227 0.584585
vt 0.193307 0.751157
vt 0.194990 0.758447
vt 0.163031 0.757455
vt 0.859739 0.308210
vt 0.852096 0.310040
vt 0.012785 0.125157
vt 0.714997 0.544519
vt 0.723553 0.544752
vt 0.719120 0.551377
vt 0.694954 0.478090
vt 0.167887 0.558498
vt 0.165374 0.572683
vt 0.700974 0.443837
vt 0.685251 0.453427
vt 0.031601 0.907604
vt 0.041284 0.905612
vt 0.041630 0.909577
vt 0.091540 0.048210
vt 0.086752 0.055048
vt 0.066355 0.049643
vt 0.284048 0.662911
vt 0.136403 0.055539
vt 0.138024 0.052731
vt 0.161342 0.055405
vt 0.206176 0.602387
vt 0.196826 0.602393
vt 0.033398 0.336968
vt 0.033398 0.378320
vt 0.031264 0.353863
vt 0.166128 0.030611
vt 0.768753 0.852379
vt 0.772466 0.873435
vt 0.727527 0.855601
vt 0.976205 0.100186
vt 0.963143 0.090696
vt 0.975690 0.075252
vt 0.254080 0.724444
vt 0.969292 0.806359
vt 0.129916 0.568435
vt 0.014972 0.738524
vt 0.731105 0.546610
vt 0.145605 0.568068
vt 0.344152 0.225980
vt 0.233846 0.278645
vt 0.950881 0.176909
vt 0.213237 0.867645
vt 0.211021 0.860536
vt 0.225537 0.852155
vt 0.216206 0.018543
vt 0.218785 0.011776
vt 0.222973 0.017105
vt 0.778490 0.425357
vt 0.693734 0.111966
vt 0.826194 0.744306
vt 0.015646 0.793797
vt 0.676476 0.273017
vt 0.674226 0.262900
vt 0.688461 0.264782
vt 0.199346 0.256323
vt 0.886378 0.490100
vt 0.879944 0.488614
vt 0.891584 0.470597
vt 0.359647 0.991867
vt 0.381406 0.988030
vt 0.391731 0.993423
vt 0.219267 0.265395
vt 0.689581 0.462383
vt 0.484424 0.126442
vt 0.469064 0.136647
vt 0.017693 0.042125
vt 0.945179 0.988994
vt 0.938472 0.989740
vt 0.938472 0.975163
vt 0.099982 0.913262
vt 0.084925 0.904146
vt 0.621053 0.126993
vt 0.043186 0.902872
vt 0.271596 0.171280
vt 0.284666 0.174977
vt 0.973190 0.806188
vt 0.956745 0.193812
vt 0.933480 0.193812
vt 0.956049 0.188143
vt 0.005202 0.383698
vt 0.918940 0.996284
vt 0.906938 0.996106
vt 0.891623 0.996274
vt 0.731607 0.980836
vt 0.733095 0.989279
vt 0.704499 0.980500
vt 0.002693 0.428464
vt 0.000620 0.422085
vt 0.008904 0.421161
vt 0.951873 0.079764
vt 0.951873 0.105198
vt 0.944367 0.099357
vt 0.374646 0.888528
vt 0.709786 0.526671
vt 0.698978 0.496082
vt 0.747776 0.341522
vt 0.747402 0.324376
vt 0.755708 0.331439
vt 0.121024 0.907813
vt 0.302822 0.493802
vt 0.218614 0.739870
vt 0.221078 0.755915
vt 0.944623 0.976403
vt 0.990031 0.883300
vt 0.994430 0.883300
vt 0.991586 0.900158
vt 0.044621 0.886067
vt 0.500219 0.882220
vt 0.496049 0.887569
vt 0.473314 0.879294
vt 0.853789 0.043601
vt 0.853789 0.026574
vt 0.860497 0.030892
vt 0.531698 0.879622
vt 0.506778 0.888824
vt 0.013842 0.227611
vt 0.013842 0.231035
vt 0.003701 0.229149
vt 0.846255 0.075792
vt 0.504033 0.127548
vt 0.124102 0.017984
vt 0.109983 0.017984
vt 0.117072 0.008582
vt 0.106993 0.738375
vt 0.116208 0.733476
vt 0.114027 0.764930
vt 0.707328 0.412042
vt 0.705321 0.420974
vt 0.729702 0.528685
vt 0.718387 0.539358
vt 0.043309 0.886010
vt 0.040613 0.875550
vt 0.223393 0.007021
vt 0.010889 0.491308
vt 0.010889 0.501675
vt 0.003146 0.499658
vt 0.063595 0.394903
vt 0.060006 0.410448
vt 0.052303 0.370354
vt 0.648468 0.054525
vt 0.185161 0.858205
vt 0.196729 0.707402
vt 0.285427 0.434289
vt 0.391727 0.674052
vt 0.337799 0.677462
vt 0.381010 0.661704
vt 0.219251 0.328401
vt 0.160751 0.926377
vt 0.149306 0.923192
vt 0.164887 0.917726
vt 0.987132 0.044503
vt 0.974183 0.042219
vt 0.989226 0.041713
vt 0.913728 0.091521
vt 0.911725 0.085513
vt 0.913728 0.085525
vt 0.697701 0.979041
vt 0.418274 0.675294
vt 0.809683 0.995371
vt 0.810937 0.990572
vt 0.820396 0.986941
vt 0.398862 0.903400
vt 0.064285 0.385678
vt 0.158332 0.578459
vt 0.523266 0.891132
vt 0.440641 0.694709
vt 0.639134 0.897300
vt 0.634100 0.910805
vt 0.632302 0.899858
vt 0.122405 0.579642
vt 0.132906 0.588286
vt 0.904693 0.007806
vt 0.898315 0.007806
vt 0.904494 0.001217
vt 0.583288 0.874157
vt 0.418498 0.665772
vt 0.454496 0.672765
vt 0.004738 0.260957
vt 0.010961 0.258692
vt 0.010598 0.269001
vt 0.391659 0.790396
vt 0.012194 0.487774
vt 0.038433 0.479248
vt 0.024044 0.510766
vt 0.745891 0.562026
vt 0.040765 0.855216
vt 0.384720 0.801655
vt 0.681183 0.463702
vt 0.062847 0.408862
vt 0.002669 0.158676
vt 0.010364 0.153085
vt 0.010287 0.160198
vt 0.668779 0.176394
vt 0.650954 0.144964
vt 0.639406 0.145883
vt 0.928395 0.113204
vt 0.943732 0.090806
vt 0.932033 0.110751
vt 0.790268 0.868873
vt 0.029440 0.655885
vt 0.026704 0.660097
vt 0.025879 0.620604
vt 0.711520 0.411296
vt 0.715891 0.055446
vt 0.719478 0.049267
vt 0.080149 0.320366
vt 0.076237 0.341928
vt 0.060676 0.330907
vt 0.690250 0.535388
vt 0.666790 0.537243
vt 0.682874 0.526442
vt 0.858223 0.978558
vt 0.861114 0.994953
vt 0.857683 0.998886
vt 0.071208 0.434513
vt 0.788306 0.418767
vt 0.450245 0.667669
vt 0.268614 0.505033
vt 0.867848 0.210844
vt 0.857990 0.217020
vt 0.206179 0.279160
vt 0.833103 0.288859
vt 0.844090 0.247852
vt 0.843235 0.317562
vt 0.398612 0.913141
vt 0.013167 0.658801
vt 0.242483 0.753233
vt 0.026193 0.005167
vt 0.037968 0.005167
vt 0.034861 0.013881
vt 0.688067 0.495085
vt 0.075697 0.031025
vt 0.075697 0.022062
vt 0.092724 0.031071
vt 0.395621 0.769093
vt 0.603127 0.007177
vt 0.615419 0.007177
vt 0.607197 0.017385
vt 0.233203 0.490075
vt 0.244181 0.501855
vt 0.685116 0.049859
vt 0.686598 0.057146
vt 0.669793 0.073950
vt 0.671000 0.051939
vt 0.917368 0.336166
vt 0.917368 0.318086
vt 0.924592 0.346498
vt 0.041313 0.749681
vt 0.041665 0.747710
vt 0.672276 0.076688
vt 0.025729 0.082419
vt 0.039407 0.078237
vt 0.024252 0.109733
vt 0.789387 0.351232
vt 0.577146 0.002206
vt 0.579732 0.005765
vt 0.574654 0.008320
vt 0.018778 0.990261
vt 0.024831 0.991491
vt 0.024314 0.997398
vt 0.932652 0.441990
vt 0.927499 0.422759
vt 0.931843 0.411644
vt 0.945739 0.964144
vt 0.185866 0.927501
vt 0.917562 0.349278
vt 0.756563 0.450893
vt 0.753473 0.446390
vt 0.271229 0.674789
vt 0.381875 0.206714
vt 0.354312 0.218924
vt 0.365832 0.204715
vt 0.901151 0.892266
vt 0.913612 0.877416
vt 0.904214 0.902177
vt 0.860101 0.053490
vt 0.854817 0.044338
vt 0.860471 0.034229
vt 0.156504 0.589338
vt 0.600633 0.928243
vt 0.615448 0.911654
vt 0.613338 0.929542
vt 0.612185 0.867257
vt 0.004077 0.269127
vt 0.020385 0.012515
vt 0.011199 0.006083
vt 0.023387 0.006032
vt 0.675058 0.454017
vt 0.628958 0.913539
vt 0.822375 0.768000
vt 0.987567 0.384502
vt 0.998899 0.376955
vt 0.997688 0.385210
vt 0.971952 0.213594
vt 0.984052 0.216644
vt 0.980424 0.221494
vt 0.154518 0.911334
vt 0.713782 0.994938
vt 0.949024 0.043023
vt 0.936881 0.031698
vt 0.955219 0.026079
vt 0.127834 0.761645
vt 0.797380 0.880717
vt 0.888974 0.091690
vt 0.269827 0.449124
vt 0.103755 0.569238
vt 0.103298 0.525012
vt 0.405275 0.777151
vt 0.012211 0.114613
vt 0.016673 0.082867
vt 0.022876 0.081878
vt 0.192607 0.864632
vt 0.675668 0.981388
vt 0.669792 0.975088
vt 0.698629 0.965479
vt 0.735038 0.415819
vt 0.328680 0.215199
vt 0.261889 0.695114
vt 0.138447 0.785565
vt 0.030952 0.103336
vt 0.329464 0.670195
vt 0.011771 0.011268
vt 0.698973 0.532266
vt 0.700799 0.543130
vt 0.124053 0.793843
vt 0.739774 0.873299
vt 0.045503 0.746952
vt 0.673423 0.256660
vt 0.683272 0.255304
vt 0.487366 0.138219
vt 0.679282 0.447346
vt 0.717997 0.028728
vt 0.737643 0.028728
vt 0.720854 0.034430
vt 0.340905 0.202905
vt 0.178131 0.592909
vt 0.629910 0.938790
vt 0.965357 0.156564
vt 0.971702 0.160228
vt 0.950604 0.160161
vt 0.929052 0.132552
vt 0.943630 0.132552
vt 0.939284 0.159678
vt 0.643149 0.932372
vt 0.982153 0.214226
vt 0.943785 0.105405
vt 0.199880 0.768476
vt 0.011676 0.524140
vt 0.005747 0.524037
vt 0.012298 0.515459
vt 0.647989 0.926698
vt 0.698544 0.977127
vt 0.645873 0.794533
vt 0.645443 0.808101
vt 0.630924 0.809372
vt 0.630946 0.795344
vt 0.385125 0.877665
vt 0.022487 0.527406
vt 0.017593 0.516911
vt 0.031810 0.531077
vt 0.999941 0.422059
vt 0.999941 0.436086
vt 0.998054 0.429138
vt 0.962627 0.085569
vt 0.951889 0.074832
vt 0.973424 0.075232
vt 0.401241 0.654310
vt 0.858619 0.310000
vt 0.164404 0.591655
vt 0.582218 0.006601
vt 0.582218 0.012948
vt 0.569662 0.011760
vt 0.316370 0.265997
vt 0.344532 0.269296
vt 0.325802 0.268032
vt 0.679087 0.472869
vt 0.355689 0.652269
vt 0.374251 0.638272
vt 0.605961 0.985997
vt 0.605961 0.999467
vt 0.589528 0.998256
vt 0.131957 0.734681
vt 0.989451 0.216738
vt 0.146592 0.099408
vt 0.140847 0.107951
vt 0.117377 0.107951
vt 0.025846 0.444769
vt 0.012784 0.449013
vt 0.011247 0.421162
vt 0.850214 0.211466
vt 0.844344 0.224056
vt 0.202873 0.721837
vt 0.141491 0.754367
vt 0.031666 0.521253
vt 0.290978 0.500624
vt 0.331568 0.270545
vt 0.418816 0.082255
vt 0.430022 0.116742
vt 0.415592 0.105800
vt 0.332633 0.210948
vt 0.989489 0.364957
vt 0.995975 0.364957
vt 0.994509 0.375394
vt 0.657906 0.006678
vt 0.657906 0.016881
vt 0.644851 0.009192
vt 0.981240 0.282120
vt 0.968133 0.282120
vt 0.980148 0.271143
vt 0.631182 0.822788
vt 0.866403 0.409663
vt 0.878190 0.420640
vt 0.866403 0.421429
vt 0.234074 0.774580
vt 0.075160 0.367785
vt 0.652750 0.729088
vt 0.634196 0.723045
vt 0.633682 0.708306
vt 0.294958 0.203362
vt 0.271418 0.197454
vt 0.523133 0.056245
vt 0.524620 0.060331
vt 0.512323 0.060894
vt 0.496584 0.033437
vt 0.489381 0.030527
vt 0.491731 0.017690
vt 0.300632 0.458723
vt 0.291994 0.448783
vt 0.995519 0.392355
vt 0.085217 0.093490
vt 0.096581 0.083954
vt 0.121300 0.093121
vt 0.819897 0.573482
vt 0.837927 0.573482
vt 0.821105 0.626164
vt 0.999472 0.837348
vt 0.996790 0.843100
vt 0.996518 0.834093
vt 0.112236 0.580013
vt 0.023735 0.970522
vt 0.157310 0.110116
vt 0.789440 0.335406
vt 0.481949 0.084245
vt 0.465411 0.089619
vt 0.473138 0.071182
vt 0.867647 0.230970
vt 0.349211 0.001323
vt 0.341014 0.001323
vt 0.342927 0.000181
vt 0.169157 0.908837
vt 0.942349 0.294028
vt 0.927325 0.292184
vt 0.941479 0.283270
vt 0.018298 0.418518
vt 0.012605 0.415864
vt 0.026493 0.406221
vt 0.023997 0.532965
vt 0.097455 0.749676
vt 0.099638 0.728824
vt 0.107184 0.730874
vt 0.998061 0.392469
vt 0.796298 0.849364
vt 0.783300 0.861919
vt 0.780713 0.852499
vt 0.900423 0.867246
vt 0.908250 0.874783
vt 0.170232 0.631439
vt 0.183879 0.643786
vt 0.168554 0.676651
vt 0.890131 0.893319
vt 0.880796 0.860338
vt 0.890131 0.861593
vt 0.869594 0.466778
vt 0.359745 0.768624
vt 0.146140 0.767997
vt 0.866082 0.310453
vt 0.013955 0.361476
vt 0.013955 0.373361
vt 0.006096 0.372905
vt 0.866474 0.428764
vt 0.774977 0.841280
vt 0.761619 0.829572
vt 0.767834 0.805249
vt 0.900688 0.012518
vt 0.898830 0.008534
vt 0.912699 0.008672
vt 0.988852 0.262069
vt 0.973984 0.261088
vt 0.986908 0.256728
vt 0.793172 0.020225
vt 0.806488 0.029900
vt 0.792008 0.029161
vt 0.932461 0.477856
vt 0.943228 0.487977
vt 0.933341 0.505102
vt 0.835818 0.597651
vt 0.505136 0.136989
vt 0.967353 0.333131
vt 0.962580 0.341399
vt 0.953474 0.323033
vt 0.853439 0.239275
vt 0.788644 0.842799
vt 0.886286 0.088756
vt 0.879255 0.075227
vt 0.979226 0.211862
vt 0.959621 0.211862
vt 0.976732 0.203677
vt 0.630115 0.151059
vt 0.413272 0.771487
vt 0.001122 0.991841
vt 0.003197 0.995611
vt 0.001057 0.999318
vt 0.530468 0.056188
vt 0.989546 0.256484
vt 0.996944 0.253792
vt 0.999426 0.256421
vt 0.013170 0.381482
vt 0.009469 0.999783
vt 0.003183 0.998654
vt 0.008516 0.995576
vt 0.155862 0.886897
vt 0.146154 0.905033
vt 0.343474 0.020844
vt 0.348436 0.019232
vt 0.349759 0.035906
vt 0.553415 0.114724
vt 0.566482 0.111276
vt 0.577500 0.117638
vt 0.343904 0.629807
vt 0.342766 0.634144
vt 0.029474 0.216891
vt 0.046864 0.216891
vt 0.017956 0.223776
vt 0.934952 0.297483
vt 0.020270 0.377877
vt 0.009205 0.375926
vt 0.021371 0.375006
vt 0.763148 0.082412
vt 0.761604 0.090921
vt 0.733358 0.088450
vt 0.214733 0.311540
vt 0.206562 0.327729
vt 0.211401 0.288148
vt 0.611200 0.967552
vt 0.616333 0.975995
vt 0.611011 0.995856
vt 0.899370 0.077677
vt 0.885405 0.454647
vt 0.364923 0.251327
vt 0.645884 0.821458
vt 0.318644 0.800722
vt 0.327917 0.812591
vt 0.296749 0.806845
vt 0.942794 0.329557
vt 0.607727 0.980457
vt 0.065197 0.352767
vt 0.011933 0.575181
vt 0.011933 0.585721
vt 0.003105 0.575777
vt 0.302998 0.976646
vt 0.287259 0.977747
vt 0.313822 0.964689
vt 0.408458 0.880761
vt 0.936009 0.024145
vt 0.755949 0.098744
vt 0.554097 0.111883
vt 0.878401 0.436768
vt 0.422911 0.009327
vt 0.418644 0.008953
vt 0.432985 0.008719
vt 0.940760 0.004331
vt 0.929917 0.004331
vt 0.932215 0.002687
vt 0.899911 0.662259
vt 0.905556 0.643796
vt 0.914745 0.662480
vt 0.125714 0.244201
vt 0.135750 0.243323
vt 0.123899 0.270853
vt 0.585165 0.099370
vt 0.618291 0.099370
vt 0.583979 0.111156
vt 0.396045 0.008612
vt 0.410471 0.008612
vt 0.407700 0.010937
vt 0.833425 0.977830
vt 0.973554 0.259616
vt 0.493486 0.070782
vt 0.338150 0.655244
vt 0.884460 0.573979
vt 0.879311 0.565740
vt 0.901073 0.575353
vt 0.495562 0.060630
vt 0.468849 0.060630
vt 0.482275 0.058167
vt 0.786544 0.914111
vt 0.806136 0.902833
vt 0.804852 0.915713
vt 0.950873 0.128981
vt 0.946359 0.131602
vt 0.938795 0.124037
vt 0.953448 0.345639
vt 0.014594 0.230143
vt 0.114063 0.036300
vt 0.976063 0.262742
vt 0.274843 0.463778
vt 0.987762 0.565097
vt 0.987762 0.584276
vt 0.981160 0.568870
vt 0.799549 0.985200
vt 0.801955 0.986029
vt 0.801808 0.988233
vt 0.319413 0.819846
vt 0.079905 0.358117
vt 0.935066 0.313722
vt 0.926240 0.316887
vt 0.668551 0.245075
vt 0.924315 0.131448
vt 0.939269 0.323421
vt 0.168448 0.863460
vt 0.580076 0.112524
vt 0.043086 0.890472
vt 0.626897 0.863547
vt 0.810332 0.977561
vt 0.877962 0.250498
vt 0.859002 0.248991
vt 0.883092 0.902569
vt 0.365235 0.775605
vt 0.930224 0.819987
vt 0.912678 0.818683
vt 0.921913 0.804995
vt 0.688706 0.247191
vt 0.687568 0.251182
vt 0.676980 0.239565
vt 0.823261 0.642044
vt 0.840985 0.641946
vt 0.804132 0.744918
vt 0.816783 0.731838
vt 0.818275 0.750274
vt 0.810143 0.642057
vt 0.721496 0.854574
vt 0.732745 0.833816
vt 0.743889 0.845578
vt 0.854680 0.379330
vt 0.912375 0.076584
vt 0.823494 0.739619
vt 0.767187 0.002593
vt 0.767187 0.011442
vt 0.759630 0.005149
vt 0.915041 0.676260
vt 0.915041 0.689430
vt 0.901501 0.676481
vt 0.039098 0.186099
vt 0.049123 0.176075
vt 0.048900 0.217911
vt 0.214211 0.737618
vt 0.937146 0.499935
vt 0.267659 0.020665
vt 0.275954 0.018562
vt 0.276633 0.025023
vt 0.645999 0.837204
vt 0.631590 0.834516
vt 0.134129 0.275880
vt 0.837516 0.914361
vt 0.301088 0.011971
vt 0.288887 0.011971
vt 0.300889 0.006575
vt 0.007677 0.744383
vt 0.021396 0.748841
vt 0.008861 0.759376
vt 0.104370 0.581745
vt 0.161469 0.601369
vt 0.003580 0.652784
vt 0.011959 0.652784
vt 0.004675 0.655988
vt 0.929590 0.843522
vt 0.904363 0.827931
vt 0.859829 0.564998
vt 0.622538 0.109910
vt 0.767672 0.849266
vt 0.026976 0.538530
vt 0.993744 0.812442
vt 0.991719 0.808099
vt 0.993094 0.796080
vt 0.041079 0.215143
vt 0.332578 0.187059
vt 0.649242 0.708816
vt 0.914437 0.573406
vt 0.921185 0.544404
vt 0.926165 0.566635
vt 0.923155 0.803094
vt 0.106419 0.583258
vt 0.669460 0.459713
vt 0.057214 0.346080
vt 0.137835 0.915483
vt 0.289472 0.012614
vt 0.304513 0.012614
vt 0.293716 0.013451
vt 0.862387 0.017004
vt 0.863337 0.007765
vt 0.867234 0.010081
vt 0.525992 0.040242
vt 0.548694 0.040242
vt 0.544626 0.047478
vt 0.012156 0.273054
vt 0.011706 0.260605
vt 0.024885 0.262928
vt 0.006899 0.723342
vt 0.005632 0.725152
vt 0.006439 0.712442
vt 0.709388 0.417261
vt 0.716254 0.434744
vt 0.700984 0.434744
vt 0.272099 0.210083
vt 0.992517 0.270861
vt 0.997959 0.275762
vt 0.995579 0.280016
vt 0.913676 0.965065
vt 0.910993 0.952224
vt 0.918852 0.952912
vt 0.615950 0.987068
vt 0.015645 0.553541
vt 0.324383 0.816928
vt 0.621385 0.110934
vt 0.622023 0.115097
vt 0.017428 0.237221
vt 0.168111 0.605050
vt 0.186776 0.618844
vt 0.408633 0.805294
vt 0.891270 0.635030
vt 0.902418 0.631255
vt 0.056645 0.467244
vt 0.060513 0.457490
vt 0.068217 0.472068
vt 0.038351 0.750177
vt 0.023303 0.750177
vt 0.024502 0.748570
vt 0.988679 0.308517
vt 0.991383 0.309336
vt 0.992326 0.320120
vt 0.006939 0.990694
vt 0.317040 0.225025
vt 0.318113 0.220258
vt 0.778334 0.028973
vt 0.762095 0.028973
vt 0.778757 0.024459
vt 0.792195 0.210303
vt 0.787738 0.197355
vt 0.793311 0.197541
vt 0.915360 0.542383
vt 0.031867 0.886716
vt 0.377559 0.010346
vt 0.374175 0.008769
vt 0.383238 0.011281
vt 0.343739 0.481326
vt 0.909645 0.795030
vt 0.908955 0.798642
vt 0.899211 0.798368
vt 0.201098 0.793463
vt 0.957968 0.289991
vt 0.944066 0.285067
vt 0.947019 0.283412
vt 0.999934 0.486386
vt 0.999934 0.500581
vt 0.998061 0.490797
vt 0.907992 0.642000
vt 0.793684 0.219646
vt 0.797104 0.234455
vt 0.787530 0.223137
vt 0.019871 0.789910
vt 0.010857 0.778752
vt 0.009703 0.773753
vt 0.868280 0.495729
vt 0.051156 0.358975
vt 0.915036 0.710206
vt 0.882124 0.901087
vt 0.870262 0.892176
vt 0.879970 0.880651
vt 0.878387 0.270251
vt 0.881569 0.271060
vt 0.109493 0.721003
vt 0.772729 0.022656
vt 0.135566 0.310016
vt 0.988125 0.323062
vt 0.200636 0.073534
vt 0.201304 0.074203
vt 0.187622 0.074501
vt 0.604268 0.717404
vt 0.601616 0.702367
vt 0.614283 0.718441
vt 0.392568 0.978010
vt 0.400415 0.982913
vt 0.399762 0.999935
vt 0.907905 0.804213
vt 0.621575 0.751198
vt 0.614796 0.718463
vt 0.627958 0.739063
vt 0.418699 0.785029
vt 0.628214 0.016471
vt 0.635759 0.006086
vt 0.639456 0.010487
vt 0.863303 0.487102
vt 0.346310 0.788583
vt 0.362399 0.781156
vt 0.354906 0.801150
vt 0.076942 0.367854
vt 0.991065 0.866150
vt 0.990187 0.856113
vt 0.991266 0.849639
vt 0.140264 0.386906
vt 0.140264 0.384636
vt 0.145699 0.386995
vt 0.987700 0.285963
vt 0.998766 0.282367
vt 0.996524 0.297082
vt 0.968386 0.942155
vt 0.954922 0.942155
vt 0.958966 0.920001
vt 0.045619 0.230972
vt 0.381231 0.007991
vt 0.373656 0.007991
vt 0.379616 0.002034
vt 0.873628 0.966581
vt 0.878854 0.959067
vt 0.876789 0.967728
vt 0.866615 0.437272
vt 0.140585 0.395782
vt 0.143954 0.392703
vt 0.994149 0.996964
vt 0.989608 0.982986
vt 0.995355 0.989099
vt 0.535417 0.061105
vt 0.138561 0.368211
vt 0.137256 0.355843
vt 0.139670 0.355266
vt 0.919127 0.965231
vt 0.744282 0.852988
vt 0.140738 0.369264
vt 0.127155 0.312065
vt 0.328362 0.000007
vt 0.329957 0.004283
vt 0.325547 0.007039
vt 0.005519 0.092605
vt 0.003175 0.087340
vt 0.010860 0.093111
vt 0.002576 0.627890
vt 0.002576 0.618225
vt 0.011459 0.627887
vt 0.006110 0.025165
vt 0.009904 0.028959
vt 0.002628 0.026592
vt 0.265723 0.032566
vt 0.870362 0.961407
vt 0.666461 0.069085
vt 0.640808 0.069085
vt 0.661639 0.056729
vt 0.538805 0.057887
vt 0.309552 0.171000
vt 0.911809 0.934519
vt 0.202303 0.740157
vt 0.175509 0.595529
vt 0.174218 0.854878
vt 0.057195 0.353518
vt 0.293432 0.163948
vt 0.797728 0.228606
vt 0.826015 0.259934
vt 0.803242 0.259879
vt 0.013581 0.769990
vt 0.518980 0.127637
vt 0.135090 0.342330
vt 0.141007 0.349609
vt 0.003540 0.028971
vt 0.867438 0.020807
vt 0.865077 0.962986
vt 0.799226 0.216995
vt 0.826211 0.234276
vt 0.898327 0.805184
vt 0.952413 0.117622
vt 0.952413 0.093907
vt 0.955356 0.097793
vt 0.332801 0.058236
vt 0.327349 0.061384
vt 0.328083 0.054265
vt 0.333939 0.270324
vt 0.343087 0.277452
vt 0.331025 0.276983
vt 0.378715 0.271749
vt 0.614999 0.707517
vt 0.388732 0.008772
vt 0.547363 0.996534
vt 0.525819 0.986407
vt 0.533571 0.977551
vt 0.982546 0.486994
vt 0.982546 0.467894
vt 0.985875 0.477212
vt 0.195242 0.110081
vt 0.173983 0.106431
vt 0.194375 0.106846
vt 0.975160 0.004996
vt 0.979390 0.003024
vt 0.985241 0.004897
vt 0.864849 0.956756
vt 0.288158 0.523254
vt 0.992587 0.627568
vt 0.992587 0.612031
vt 0.994882 0.625549
vt 0.307712 0.959853
vt 0.408669 0.968875
vt 0.411175 0.963501
vt 0.413872 0.970333
vt 0.009349 0.227514
vt 0.003183 0.227514
vt 0.004738 0.224616
vt 0.857865 0.971290
vt 0.856457 0.965892
vt 0.061783 0.956582
vt 0.078101 0.960122
vt 0.071643 0.971772
vt 0.604094 0.688516
vt 0.136686 0.036340
vt 0.129585 0.046142
vt 0.118536 0.036871
vt 0.794453 0.034408
vt 0.774970 0.033717
vt 0.784414 0.030754
vt 0.453486 0.964703
vt 0.451421 0.969409
vt 0.532703 0.127177
vt 0.117466 0.043920
vt 0.242829 0.053906
vt 0.221289 0.055034
vt 0.224686 0.050707
vt 0.220900 0.073369
vt 0.137672 0.048873
vt 0.630288 0.840419
vt 0.144727 0.374360
vt 0.327377 0.070986
vt 0.683585 0.707404
vt 0.673938 0.689679
vt 0.735749 0.417675
vt 0.744803 0.442478
vt 0.924596 0.951234
vt 0.460314 0.975941
vt 0.490564 0.975941
vt 0.479074 0.987468
vt 0.888636 0.963449
vt 0.884034 0.958161
vt 0.012912 0.336219
vt 0.004631 0.335642
vt 0.007306 0.325661
vt 0.982677 0.518587
vt 0.986907 0.506965
vt 0.987248 0.526118
vt 0.125126 0.719986
vt 0.124683 0.701931
vt 0.644811 0.081699
vt 0.665674 0.071795
vt 0.663032 0.081699
vt 0.794138 0.032908
vt 0.138060 0.921907
vt 0.169459 0.855179
vt 0.799311 0.208494
vt 0.817440 0.198348
vt 0.801103 0.738451
vt 0.008825 0.014745
vt 0.002538 0.015010
vt 0.002538 0.006201
vt 0.269875 0.464072
vt 0.061563 0.047438
vt 0.057234 0.049013
vt 0.057758 0.029683
vt 0.332093 0.072256
vt 0.526120 0.999893
vt 0.072583 0.954471
vt 0.786164 0.047691
vt 0.793358 0.035230
vt 0.789546 0.051053
vt 0.956532 0.283830
vt 0.866452 0.662628
vt 0.828819 0.668669
vt 0.840951 0.658132
vt 0.734720 0.008411
vt 0.728939 0.006862
vt 0.733598 0.001370
vt 0.830599 0.714770
vt 0.824989 0.709363
vt 0.830559 0.709861
vt 0.945090 0.321714
vt 0.954419 0.317338
vt 0.954600 0.322212
vt 0.263907 0.528198
vt 0.236820 0.251122
vt 0.212729 0.253617
vt 0.215665 0.241257
vt 0.781120 0.220234
vt 0.883458 0.945433
vt 0.887735 0.954492
vt 0.728999 0.001113
vt 0.834667 0.189189
vt 0.794236 0.175096
vt 0.788254 0.172960
vt 0.800495 0.160498
vt 0.504899 0.027628
vt 0.516854 0.025734
vt 0.519663 0.038927
vt 0.273906 0.242327
vt 0.733360 0.116124
vt 0.678515 0.232940
vt 0.683924 0.238587
vt 0.378642 0.049765
vt 0.357908 0.063017
vt 0.359844 0.052407
vt 0.378934 0.056061
vt 0.006850 0.288255
vt 0.006850 0.293700
vt 0.001671 0.292135
vt 0.164366 0.108784
vt 0.167284 0.104227
vt 0.171441 0.109852
vt 0.999633 0.312094
vt 0.999876 0.319286
vt 0.993123 0.318095
vt 0.194489 0.235041
vt 0.917924 0.317210
vt 0.917950 0.287632
vt 0.922737 0.303988
vt 0.562805 0.008457
vt 0.565388 0.013315
vt 0.559100 0.006120
vt 0.012379 0.324934
vt 0.879303 0.951933
vt 0.771404 0.106434
vt 0.998458 0.734413
vt 0.996028 0.739623
vt 0.996239 0.727044
vt 0.331877 0.078065
vt 0.625489 0.715050
vt 0.878341 0.445429
vt 0.416963 0.303045
vt 0.405424 0.292896
vt 0.412685 0.290352
vt 0.999825 0.441961
vt 0.997669 0.447883
vt 0.997996 0.433821
vt 0.847247 0.958592
vt 0.998261 0.960218
vt 0.996100 0.953566
vt 0.998887 0.956989
vt 0.564831 0.110180
vt 0.526397 0.110180
vt 0.554552 0.090823
vt 0.663504 0.237288
vt 0.773058 0.035163
vt 0.564710 0.017609
vt 0.568800 0.022484
vt 0.551500 0.022491
vt 0.054579 0.228392
vt 0.002248 0.164605
vt 0.006921 0.164605
vt 0.002101 0.169731
vt 0.640888 0.842416
vt 0.409893 0.915131
vt 0.412231 0.941851
vt 0.390365 0.913328
vt 0.273563 0.017284
vt 0.267790 0.019385
vt 0.268744 0.006179
vt 0.968183 0.418940
vt 0.955592 0.401611
vt 0.973230 0.405811
vt 0.646904 0.848166
vt 0.043001 0.554267
vt 0.009492 0.004038
vt 0.005987 0.759988
vt 0.004613 0.767778
vt 0.004540 0.756032
vt 0.993741 0.378405
vt 0.987712 0.381216
vt 0.988517 0.366152
vt 0.230114 0.048224
vt 0.369918 0.241642
vt 0.915059 0.812208
vt 0.909486 0.817319
vt 0.909186 0.810656
vt 0.242595 0.050417
vt 0.245879 0.054717
vt 0.651228 0.087719
vt 0.659101 0.082206
vt 0.688621 0.087116
vt 0.647180 0.685520
vt 0.527454 0.913509
vt 0.541818 0.923465
vt 0.533301 0.925345
vt 0.866983 0.447837
vt 0.993107 0.309786
vt 0.432472 0.783584
vt 0.052922 0.730224
vt 0.046547 0.724220
vt 0.054346 0.707495
vt 0.306109 0.199417
vt 0.331095 0.008514
vt 0.664127 0.222128
vt 0.005150 0.232329
vt 0.016404 0.232588
vt 0.005680 0.235340
vt 0.118569 0.965214
vt 0.112081 0.955715
vt 0.120291 0.958789
vt 0.179918 0.100136
vt 0.110696 0.965846
vt 0.107518 0.958381
vt 0.077123 0.452306
vt 0.782393 0.209959
vt 0.240538 0.111292
vt 0.250409 0.111982
vt 0.219722 0.140337
vt 0.946124 0.938715
vt 0.946667 0.963402
vt 0.931027 0.949286
vt 0.007519 0.095051
vt 0.014035 0.093306
vt 0.007776 0.104689
vt 0.778223 0.237352
vt 0.782023 0.196761
vt 0.012518 0.103801
vt 0.046711 0.936499
vt 0.447324 0.014830
vt 0.454306 0.005220
vt 0.455433 0.013021
vt 0.057631 0.561412
vt 0.043121 0.566693
vt 0.055610 0.537357
vt 0.562096 0.013931
vt 0.188678 0.301773
vt 0.256602 0.903704
vt 0.293761 0.886026
vt 0.311114 0.908236
vt 0.605521 0.669353
vt 0.615948 0.682416
vt 0.677495 0.083092
vt 0.308199 0.949333
vt 0.900681 0.821077
vt 0.273026 0.006298
vt 0.167856 0.048300
vt 0.158026 0.052191
vt 0.158391 0.049128
vt 0.061085 0.446437
vt 0.067336 0.429740
vt 0.133797 0.921073
vt 0.886769 0.943577
vt 0.205211 0.885221
vt 0.228262 0.889285
vt 0.197728 0.902240
vt 0.384809 0.247234
vt 0.876045 0.024151
vt 0.887202 0.039508
vt 0.862171 0.037207
vt 0.182510 0.917519
vt 0.235034 0.918288
vt 0.170852 0.106826
vt 0.895498 0.810094
vt 0.427167 0.039775
vt 0.449525 0.039775
vt 0.437156 0.045940
vt 0.968716 0.282874
vt 0.425490 0.929600
vt 0.142399 0.357881
vt 0.149804 0.357497
vt 0.929514 0.217321
vt 0.927355 0.203709
vt 0.932515 0.194771
vt 0.134602 0.928916
vt 0.128323 0.930647
vt 0.121464 0.661834
vt 0.152580 0.689342
vt 0.124698 0.680799
vt 0.109328 0.694936
vt 0.251292 0.896262
vt 0.257235 0.887344
vt 0.788239 0.415668
vt 0.769442 0.430295
vt 0.986947 0.013406
vt 0.973956 0.013406
vt 0.976899 0.006143
vt 0.959891 0.516828
vt 0.959891 0.540315
vt 0.958404 0.530209
vt 0.643361 0.859602
vt 0.194382 0.306646
vt 0.966689 0.305822
vt 0.877958 0.847284
vt 0.029534 0.372756
vt 0.029534 0.408489
vt 0.024733 0.370959
vt 0.818069 0.375218
vt 0.869149 0.373567
vt 0.326057 0.071330
vt 0.331776 0.081742
vt 0.324865 0.086581
vt 0.094924 0.708102
vt 0.166874 0.096343
vt 0.877454 0.934976
vt 0.632731 0.698944
vt 0.915786 0.091182
vt 0.914471 0.076154
vt 0.928118 0.089410
vt 0.935796 0.067214
vt 0.859564 0.949194
vt 0.804395 0.717749
vt 0.843876 0.214921
vt 0.316250 0.956375
vt 0.011579 0.416742
vt 0.016384 0.420107
vt 0.005671 0.420350
vt 0.958796 0.161446
vt 0.949143 0.168295
vt 0.931430 0.161496
vt 0.228994 0.029360
vt 0.216119 0.020005
vt 0.226778 0.017257
vt 0.972989 0.700238
vt 0.972616 0.689580
vt 0.979775 0.696320
vt 0.626975 0.693141
vt 0.079208 0.964953
vt 0.442147 0.716813
vt 0.479966 0.701491
vt 0.443560 0.746492
vt 0.761468 0.953427
vt 0.769900 0.933402
vt 0.768533 0.951665
vt 0.389117 0.271381
vt 0.861645 0.713029
vt 0.864609 0.724047
vt 0.848459 0.710018
vt 0.354875 0.815021
vt 0.846649 0.699233
vt 0.862014 0.701476
vt 0.936304 0.197377
vt 0.175225 0.029381
vt 0.168134 0.034347
vt 0.169051 0.017784
vt 0.743884 0.968194
vt 0.754730 0.971359
vt 0.391981 0.930125
vt 0.935623 0.936849
vt 0.215117 0.225837
vt 0.996158 0.982360
vt 0.999831 0.980064
vt 0.997711 0.986351
vt 0.273915 0.241666
vt 0.299747 0.230518
vt 0.878960 0.454830
vt 0.231402 0.896601
vt 0.230373 0.870309
vt 0.243985 0.889337
vt 0.810740 0.652795
vt 0.084708 0.474521
vt 0.783581 0.172468
vt 0.874805 0.938279
vt 0.148242 0.048123
vt 0.961812 0.298579
vt 0.973523 0.779959
vt 0.987379 0.790026
vt 0.977041 0.804502
vt 0.800716 0.670012
vt 0.425556 0.943815
vt 0.017584 0.386813
vt 0.325160 0.060286
vt 0.973659 0.119071
vt 0.973659 0.100979
vt 0.981228 0.118973
vt 0.115888 0.918745
vt 0.053316 0.582943
vt 0.044699 0.540129
vt 0.134985 0.322717
vt 0.145612 0.340304
vt 0.769512 0.118591
vt 0.235588 0.131546
vt 0.937358 0.935508
vt 0.956878 0.921325
vt 0.954590 0.938324
vt 0.016152 0.234221
vt 0.009455 0.935800
vt 0.001573 0.935800
vt 0.005612 0.931367
vt 0.261399 0.480455
vt 0.923680 0.284795
vt 0.787026 0.148613
vt 0.867141 0.454297
vt 0.441405 0.779534
vt 0.902316 0.823017
vt 0.476278 0.736231
vt 0.887889 0.940718
vt 0.842688 0.899375
vt 0.715886 0.083408
vt 0.731273 0.082465
vt 0.724608 0.086583
vt 0.980266 0.681431
vt 0.859427 0.692847
vt 0.057058 0.460140
vt 0.020062 0.459559
vt 0.042148 0.447629
vt 0.969541 0.942239
vt 0.963102 0.922422
vt 0.972738 0.932872
vt 0.486759 0.683392
vt 0.472003 0.683442
vt 0.985145 0.688844
vt 0.986784 0.689991
vt 0.985804 0.707146
vt 0.906309 0.072955
vt 0.907502 0.067723
vt 0.746813 0.951051
vt 0.875101 0.741667
vt 0.857684 0.741409
vt 0.835883 0.711336
vt 0.812103 0.697415
vt 0.538009 0.936619
vt 0.522170 0.944135
vt 0.774944 0.154562
vt 0.054384 0.753027
vt 0.064017 0.769323
vt 0.056955 0.766690
vt 0.551404 0.008794
vt 0.554830 0.013186
vt 0.263475 0.883312
vt 0.927692 0.188193
vt 0.151633 0.053130
vt 0.314807 0.947065
vt 0.864901 0.680498
vt 0.870240 0.679476
vt 0.882445 0.491332
vt 0.903253 0.490241
vt 0.876986 0.499996
vt 0.523390 0.024142
vt 0.525231 0.029199
vt 0.523500 0.039016
vt 0.343502 0.086880
vt 0.345345 0.107952
vt 0.335462 0.082414
vt 0.289703 0.055602
vt 0.277359 0.049971
vt 0.288568 0.049160
vt 0.569020 0.017328
vt 0.568620 0.012747
vt 0.581537 0.014059
vt 0.582258 0.016558
vt 0.852116 0.686484
vt 0.994018 0.163200
vt 0.989153 0.165265
vt 0.994401 0.157848
vt 0.192078 0.099912
vt 0.897096 0.818541
vt 0.080238 0.766529
vt 0.085515 0.776127
vt 0.074391 0.768993
vt 0.842005 0.686030
vt 0.029364 0.298263
vt 0.029364 0.335823
vt 0.012240 0.315303
vt 0.836801 0.721755
vt 0.001871 0.089076
vt 0.000134 0.090079
vt 0.000141 0.083355
vt 0.009641 0.027518
vt 0.009641 0.012583
vt 0.018429 0.013207
vt 0.106503 0.950946
vt 0.621832 0.684397
vt 0.990084 0.767069
vt 0.994124 0.755971
vt 0.994878 0.771848
vt 0.601879 0.342797
vt 0.559286 0.335418
vt 0.589021 0.320527
vt 0.251957 0.120506
vt 0.200411 0.225581
vt 0.842733 0.236169
vt 0.628184 0.675930
vt 0.844697 0.951905
vt 0.848055 0.946832
vt 0.524563 0.996905
vt 0.496640 0.996554
vt 0.515877 0.986553
vt 0.496046 0.686387
vt 0.415953 0.060874
vt 0.394088 0.076187
vt 0.395186 0.058324
vt 0.973047 0.680714
vt 0.840311 0.258015
vt 0.964916 0.328764
vt 0.943830 0.005840
vt 0.943830 0.016919
vt 0.937874 0.005136
vt 0.930810 0.007083
vt 0.933789 0.011184
vt 0.921349 0.015975
vt 0.804218 0.564374
vt 0.808691 0.546737
vt 0.812924 0.553999
vt 0.038077 0.870373
vt 0.997536 0.458470
vt 0.999851 0.445341
vt 0.999957 0.459421
vt 0.633978 0.324041
vt 0.620796 0.289468
vt 0.968851 0.339410
vt 0.970756 0.345274
vt 0.950046 0.349813
vt 0.385959 0.237807
vt 0.184632 0.050979
vt 0.192297 0.048189
vt 0.186778 0.055571
vt 0.125764 0.927665
vt 0.950125 0.175396
vt 0.015478 0.922323
vt 0.010172 0.933701
vt 0.009585 0.907903
vt 0.239839 0.872968
vt 0.837417 0.733645
vt 0.842972 0.676378
vt 0.888450 0.817968
vt 0.120045 0.688830
vt 0.137767 0.712197
vt 0.939187 0.012448
vt 0.075884 0.775451
vt 0.512954 0.932710
vt 0.153732 0.112904
vt 0.140384 0.124664
vt 0.134859 0.115093
vt 0.816146 0.543833
vt 0.988487 0.564606
vt 0.996976 0.576290
vt 0.988692 0.581259
vt 0.905866 0.768203
vt 0.912027 0.754108
vt 0.925713 0.754825
vt 0.986551 0.158226
vt 0.019904 0.923039
vt 0.023293 0.935796
vt 0.017099 0.938684
vt 0.486670 0.733482
vt 0.486763 0.377161
vt 0.513401 0.384629
vt 0.515073 0.392558
vt 0.017718 0.700507
vt 0.010310 0.692836
vt 0.027392 0.700534
vt 0.495893 0.038785
vt 0.500338 0.025106
vt 0.515636 0.039055
vt 0.941172 0.381271
vt 0.933035 0.356226
vt 0.948168 0.354068
vt 0.157532 0.885088
vt 0.186588 0.866675
vt 0.201999 0.868567
vt 0.155134 0.106140
vt 0.190550 0.092425
vt 0.201063 0.832861
vt 0.176554 0.832381
vt 0.177875 0.811639
vt 0.740116 0.085981
vt 0.986900 0.150023
vt 0.156667 0.098885
vt 0.711183 0.880285
vt 0.729290 0.878701
vt 0.700773 0.890723
vt 0.657916 0.057366
vt 0.650282 0.042766
vt 0.658958 0.039608
vt 0.092985 0.774907
vt 0.090596 0.785574
vt 0.954994 0.400774
vt 0.961989 0.390550
vt 0.968837 0.400331
vt 0.743196 0.888748
vt 0.649813 0.061645
vt 0.080419 0.982570
vt 0.095679 0.995375
vt 0.064722 0.995121
vt 0.003351 0.015770
vt 0.008914 0.015770
vt 0.002615 0.020763
vt 0.886313 0.153259
vt 0.906162 0.125939
vt 0.912183 0.141792
vt 0.154485 0.014769
vt 0.163145 0.017972
vt 0.161216 0.023576
vt 0.975684 0.258036
vt 0.972299 0.252174
vt 0.984449 0.255364
vt 0.597484 0.946388
vt 0.595662 0.967223
vt 0.592121 0.945128
vt 0.498476 0.924166
vt 0.341718 0.023487
vt 0.327956 0.033486
vt 0.329342 0.020148
vt 0.149671 0.887530
vt 0.146873 0.882605
vt 0.142732 0.954808
vt 0.120497 0.952862
vt 0.166721 0.951959
vt 0.166317 0.024329
vt 0.060389 0.074679
vt 0.071107 0.069681
vt 0.089486 0.074382
vt 0.535695 0.081817
vt 0.537114 0.068311
vt 0.553819 0.088080
vt 0.195708 0.145076
vt 0.208800 0.139670
vt 0.211532 0.150316
vt 0.044624 0.736638
vt 0.153877 0.837591
vt 0.169958 0.820731
vt 0.077799 0.786732
vt 0.984801 0.289427
vt 0.984801 0.307566
vt 0.982617 0.303193
vt 0.543498 0.344617
vt 0.532748 0.334802
vt 0.949840 0.400614
vt 0.946451 0.389702
vt 0.119971 0.105668
vt 0.124008 0.099517
vt 0.138003 0.100006
vt 0.151231 0.319506
vt 0.350405 0.859784
vt 0.355293 0.878025
vt 0.341396 0.862589
vt 0.828906 0.719361
vt 0.916706 0.738063
vt 0.027349 0.827677
vt 0.017355 0.839697
vt 0.013814 0.831558
vt 0.296909 0.866701
vt 0.063692 0.782811
vt 0.154848 0.825143
vt 0.336422 0.104770
vt 0.834621 0.724625
vt 0.986792 0.240250
vt 0.937950 0.635195
vt 0.943700 0.649617
vt 0.937485 0.652515
vt 0.242134 0.852410
vt 0.239045 0.848870
vt 0.238251 0.085811
vt 0.231782 0.095647
vt 0.217604 0.087128
vt 0.635649 0.076139
vt 0.650329 0.071434
vt 0.650877 0.077471
vt 0.753788 0.082340
vt 0.944986 0.626913
vt 0.944986 0.602160
vt 0.953260 0.614856
vt 0.829037 0.726619
vt 0.834473 0.683555
vt 0.143084 0.619235
vt 0.115779 0.630911
vt 0.109307 0.620141
vt 0.900562 0.829532
vt 0.229700 0.862563
vt 0.612394 0.223027
vt 0.801544 0.680804
vt 0.816140 0.686525
vt 0.828157 0.724199
vt 0.854401 0.046138
vt 0.856105 0.052499
vt 0.849158 0.049887
vt 0.867995 0.463019
vt 0.608144 0.666902
vt 0.870715 0.006231
vt 0.883671 0.013819
vt 0.871347 0.013458
vt 0.009701 0.688940
vt 0.106837 0.099103
vt 0.116793 0.100500
vt 0.116369 0.105076
vt 0.027012 0.934718
vt 0.026446 0.951215
vt 0.607862 0.791539
vt 0.603821 0.783153
vt 0.628365 0.793102
vt 0.442065 0.464148
vt 0.475990 0.475582
vt 0.432490 0.475264
vt 0.991277 0.271319
vt 0.994878 0.282402
vt 0.980059 0.285573
vt 0.683367 0.888143
vt 0.689016 0.878836
vt 0.882213 0.007091
vt 0.392224 0.243139
vt 0.882332 0.671125
vt 0.901126 0.647421
vt 0.896889 0.671125
vt 0.890747 0.822649
vt 0.578954 0.299557
vt 0.772735 0.003241
vt 0.779788 0.008366
vt 0.771590 0.008789
vt 0.496489 0.988263
vt 0.048788 0.014817
vt 0.056028 0.014184
vt 0.045455 0.018415
vt 0.062417 0.122598
vt 0.052871 0.120915
vt 0.061614 0.112123
vt 0.608233 0.811676
vt 0.583941 0.811019
vt 0.586701 0.799068
vt 0.982286 0.448130
vt 0.987822 0.451327
vt 0.982102 0.467158
vt 0.834027 0.733998
vt 0.008327 0.459586
vt 0.000695 0.459586
vt 0.002919 0.451693
vt 0.403621 0.361998
vt 0.353245 0.337726
vt 0.374330 0.332758
vt 0.693706 0.253424
vt 0.679340 0.205894
vt 0.691301 0.203782
vt 0.344039 0.888382
vt 0.005236 0.202102
vt 0.009038 0.199726
vt 0.016318 0.205286
vt 0.998923 0.147401
vt 0.998923 0.160870
vt 0.987543 0.147827
vt 0.205790 0.052446
vt 0.142921 0.052174
vt 0.958317 0.282576
vt 0.934916 0.282576
vt 0.937595 0.275820
vt 0.008566 0.025332
vt 0.330414 0.362378
vt 0.048530 0.749147
vt 0.301588 0.050050
vt 0.984440 0.382129
vt 0.984440 0.400828
vt 0.982478 0.382520
vt 0.018122 0.950606
vt 0.279912 0.005227
vt 0.289072 0.005227
vt 0.277344 0.011615
vt 0.220245 0.143446
vt 0.079641 0.792759
vt 0.849458 0.068148
vt 0.595120 0.752845
vt 0.610418 0.765806
vt 0.592201 0.930522
vt 0.658926 0.004227
vt 0.668576 0.004227
vt 0.658743 0.015322
vt 0.239712 0.921412
vt 0.252792 0.905529
vt 0.260875 0.929195
vt 0.642921 0.017872
vt 0.629260 0.017872
vt 0.642446 0.010198
vt 0.007320 0.749484
vt 0.007320 0.761292
vt 0.005712 0.753668
vt 0.011888 0.445935
vt 0.003651 0.445935
vt 0.007592 0.442786
vt 0.288001 0.011816
vt 0.379652 0.942039
vt 0.413625 0.344660
vt 0.418791 0.367841
vt 0.942662 0.078325
vt 0.928015 0.094031
vt 0.936889 0.067873
vt 0.872361 0.844449
vt 0.866560 0.840059
vt 0.870588 0.837833
vt 0.707145 0.007858
vt 0.700875 0.007858
vt 0.702189 0.001164
vt 0.238284 0.896956
vt 0.883514 0.628625
vt 0.056629 0.744163
vt 0.118340 0.035900
vt 0.126848 0.028761
vt 0.137299 0.035240
vt 0.972106 0.240210
vt 0.663599 0.070128
vt 0.637979 0.069396
vt 0.459883 0.485983
vt 0.435327 0.430951
vt 0.121454 0.697367
vt 0.602596 0.823369
vt 0.190167 0.032228
vt 0.193208 0.028604
vt 0.195795 0.037867
vt 0.003707 0.700023
vt 0.007575 0.688949
vt 0.009847 0.695226
vt 0.548768 0.076822
vt 0.097190 0.048178
vt 0.121251 0.048178
vt 0.096293 0.049566
vt 0.566528 0.809169
vt 0.130958 0.611032
vt 0.121832 0.095818
vt 0.537364 0.015485
vt 0.547564 0.008074
vt 0.548350 0.013206
vt 0.019634 0.447826
vt 0.271490 0.917997
vt 0.043563 0.843419
vt 0.018385 0.164083
vt 0.031419 0.163426
vt 0.025686 0.165371
vt 0.202552 0.818185
vt 0.224352 0.836255
vt 0.483277 0.986858
vt 0.492663 0.975672
vt 0.492596 0.998764
vt 0.030733 0.000593
vt 0.038941 0.000593
vt 0.031499 0.002414
vt 0.925822 0.240419
vt 0.925999 0.223947
vt 0.936334 0.233058
vt 0.378454 0.917849
vt 0.641556 0.204540
vt 0.682356 0.198275
vt 0.886372 0.839365
vt 0.890854 0.849993
vt 0.685398 0.198940
vt 0.901368 0.981595
vt 0.913966 0.981465
vt 0.908280 0.991467
vt 0.910152 0.001236
vt 0.910679 0.007787
vt 0.907147 0.002971
vt 0.986280 0.233652
vt 0.981575 0.237463
vt 0.990582 0.225194
vt 0.333542 0.119090
vt 0.542916 0.306768
vt 0.914114 0.009209
vt 0.920752 0.012304
vt 0.907319 0.012345
vt 0.805995 0.008791
vt 0.800149 0.002237
vt 0.804689 0.003918
vt 0.390826 0.994464
vt 0.389091 0.999804
vt 0.375590 0.993680
vt 0.886825 0.602336
vt 0.910151 0.593846
vt 0.882881 0.627854
vt 0.199225 0.152839
vt 0.117952 0.095788
vt 0.905362 0.007471
vt 0.062943 0.788489
vt 0.203424 0.119951
vt 0.001578 0.962018
vt 0.008448 0.961958
vt 0.003444 0.965251
vt 0.808034 0.533734
vt 0.209353 0.054537
vt 0.005390 0.967866
vt 0.797012 0.008566
vt 0.021421 0.170409
vt 0.018922 0.169014
vt 0.024562 0.170122
vt 0.532404 0.402193
vt 0.195797 0.030130
vt 0.015242 0.169642
vt 0.010185 0.164100
vt 0.003591 0.827870
vt 0.003591 0.816742
vt 0.008439 0.819492
vt 0.891741 0.840944
vt 0.896709 0.829247
vt 0.862661 0.500235
vt 0.682869 0.886091
vt 0.002684 0.691696
vt 0.322593 0.008503
vt 0.319209 0.007737
vt 0.319011 0.003962
vt 0.799072 0.081559
vt 0.817671 0.070821
vt 0.828998 0.081490
vt 0.932216 0.985641
vt 0.667798 0.186239
vt 0.670520 0.179426
vt 0.530892 0.071813
vt 0.062277 0.100904
vt 0.055940 0.098776
vt 0.059593 0.085923
vt 0.388057 0.057647
vt 0.320635 0.003026
vt 0.610859 0.209019
vt 0.626218 0.811887
vt 0.193110 0.021783
vt 0.419794 0.432513
vt 0.059792 0.789334
vt 0.615702 0.758972
vt 0.161531 0.041511
vt 0.160554 0.029792
vt 0.165115 0.030479
vt 0.799218 0.953531
vt 0.807390 0.948813
vt 0.801302 0.960322
vt 0.056063 0.050999
vt 0.043923 0.051495
vt 0.041706 0.048329
vt 0.600517 0.206668
vt 0.503950 0.938441
vt 0.651008 0.174767
vt 0.229774 0.841127
vt 0.028991 0.935067
vt 0.031865 0.967912
vt 0.026280 0.969194
vt 0.497280 0.938490
vt 0.999902 0.836083
vt 0.996088 0.829477
vt 0.999890 0.827075
vt 0.812605 0.958648
vt 0.374753 0.996454
vt 0.342540 0.996454
vt 0.359468 0.992519
vt 0.712501 0.010267
vt 0.718869 0.009710
vt 0.713098 0.017358
vt 0.597854 0.931455
vt 0.003729 0.496628
vt 0.000710 0.494353
vt 0.008313 0.492344
vt 0.990856 0.235356
vt 0.943718 0.663552
vt 0.081273 0.011694
vt 0.083850 0.010206
vt 0.094667 0.011849
vt 0.691543 0.188270
vt 0.112935 0.110918
vt 0.629963 0.834015
vt 0.387021 0.011147
vt 0.394136 0.009240
vt 0.401450 0.011311
vt 0.345284 0.893215
vt 0.331215 0.895103
vt 0.630052 0.023525
vt 0.612555 0.023525
vt 0.626617 0.021588
vt 0.127612 0.181877
vt 0.124174 0.157054
vt 0.132349 0.145421
vt 0.101907 0.007123
vt 0.103512 0.002186
vt 0.107616 0.007338
vt 0.506417 0.889809
vt 0.514906 0.909178
vt 0.507528 0.919715
vt 0.323728 0.969167
vt 0.322476 0.964492
vt 0.344624 0.970238
vt 0.152786 0.874814
vt 0.726096 0.017271
vt 0.120768 0.732652
vt 0.121030 0.724618
vt 0.149183 0.877642
vt 0.361767 0.970803
vt 0.364382 0.964034
vt 0.174275 0.952521
vt 0.196964 0.958600
vt 0.170955 0.959259
vt 0.956277 0.610551
vt 0.964256 0.613143
vt 0.948025 0.630531
vt 0.972752 0.143213
vt 0.966658 0.124457
vt 0.980209 0.124817
vt 0.622477 0.196156
vt 0.366747 0.969628
vt 0.009522 0.952053
vt 0.009522 0.961732
vt 0.002508 0.953360
vt 0.960855 0.636066
vt 0.962330 0.626738
vt 0.340661 0.116768
vt 0.936177 0.224363
vt 0.165405 0.868925
vt 0.136868 0.003232
vt 0.143843 0.002622
vt 0.147342 0.003394
vt 0.025831 0.961672
vt 0.660997 0.029724
vt 0.650017 0.032067
vt 0.649404 0.028585
vt 0.901156 0.593531
vt 0.990580 0.696117
vt 0.990580 0.680324
vt 0.993881 0.685747
vt 0.480767 0.125609
vt 0.468188 0.110370
vt 0.482047 0.110979
vt 0.942262 0.614584
vt 0.938464 0.629835
vt 0.937967 0.618878
vt 0.003443 0.829748
vt 0.007413 0.825778
vt 0.007940 0.836745
vt 0.947510 0.002246
vt 0.957753 0.002246
vt 0.957357 0.004771
vt 0.641258 0.031632
vt 0.172773 0.864851
vt 0.056992 0.792687
vt 0.933723 0.027334
vt 0.933380 0.029280
vt 0.929089 0.024419
vt 0.524653 0.315650
vt 0.350167 0.106665
vt 0.000086 0.075568
vt 0.000086 0.069294
vt 0.001919 0.075173
vt 0.150254 0.614176
vt 0.212523 0.157958
vt 0.044962 0.003469
vt 0.036743 0.003469
vt 0.040775 0.001043
vt 0.816897 0.526352
vt 0.211245 0.205216
vt 0.212487 0.203771
vt 0.211983 0.208370
vt 0.995828 0.055614
vt 0.990137 0.055116
vt 0.994239 0.043116
vt 0.239344 0.839238
vt 0.476959 0.511795
vt 0.425358 0.517851
vt 0.636206 0.789642
vt 0.933949 0.444293
vt 0.949627 0.429153
vt 0.948622 0.455231
vt 0.937126 0.087782
vt 0.940262 0.093532
vt 0.925958 0.113221
vt 0.884265 0.832069
vt 0.937437 0.601744
vt 0.268574 0.908193
vt 0.990003 0.845574
vt 0.990003 0.829112
vt 0.993456 0.830544
vt 0.134365 0.093141
vt 0.054829 0.802361
vt 0.038730 0.052422
vt 0.925402 0.099353
vt 0.003654 0.125876
vt 0.011885 0.125876
vt 0.004729 0.136280
vt 0.453021 0.529707
vt 0.707466 0.063023
vt 0.707466 0.041237
vt 0.713085 0.042435
vt 0.702987 0.196807
vt 0.321366 0.884397
vt 0.321282 0.861964
vt 0.800961 0.091510
vt 0.790555 0.090890
vt 0.798541 0.087319
vt 0.772068 0.092020
vt 0.776234 0.085924
vt 0.003088 0.836879
vt 0.612660 0.832385
vt 0.249405 0.124150
vt 0.220196 0.145652
vt 0.655329 0.167326
vt 0.003228 0.806496
vt 0.007060 0.814952
vt 0.003078 0.809354
vt 0.251569 0.101701
vt 0.634948 0.004787
vt 0.631217 0.009923
vt 0.632215 0.003611
vt 0.166263 0.026773
vt 0.020428 0.851098
vt 0.936108 0.212714
vt 0.182215 0.271755
vt 0.178464 0.314632
vt 0.170632 0.269839
vt 0.467281 0.125539
vt 0.125190 0.130185
vt 0.211752 0.174006
vt 0.214598 0.162406
vt 0.010456 0.806101
vt 0.900894 0.256304
vt 0.913800 0.258580
vt 0.901519 0.277668
vt 0.060905 0.800716
vt 0.502680 0.716027
vt 0.511990 0.739125
vt 0.160808 0.024655
vt 0.603023 0.831704
vt 0.872420 0.831888
vt 0.967491 0.830527
vt 0.983966 0.825174
vt 0.987396 0.838485
vt 0.858765 0.787577
vt 0.869612 0.747096
vt 0.864610 0.789031
vt 0.762949 0.087357
vt 0.542043 0.951205
vt 0.547643 0.947230
vt 0.545870 0.950100
vt 0.022860 0.573184
vt 0.037069 0.578520
vt 0.031705 0.582343
vt 0.040714 0.014166
vt 0.916220 0.897470
vt 0.922235 0.908146
vt 0.916819 0.914601
vt 0.009570 0.859502
vt 0.026810 0.856688
vt 0.215379 0.182338
vt 0.861439 0.008937
vt 0.857358 0.007611
vt 0.859298 0.002090
vt 0.264778 0.905368
vt 0.153091 0.818493
vt 0.435628 0.883447
vt 0.439926 0.889133
vt 0.431773 0.891041
vt 0.216065 0.206129
vt 0.327878 0.018746
vt 0.332920 0.015016
vt 0.332783 0.019610
vt 0.452040 0.893270
vt 0.435969 0.892826
vt 0.932161 0.883895
vt 0.964312 0.834318
vt 0.964312 0.857411
vt 0.961502 0.846737
vt 0.914072 0.528412
vt 0.914072 0.560249
vt 0.911274 0.528040
vt 0.005372 0.528856
vt 0.010777 0.536296
vt 0.002757 0.538312
vt 0.460769 0.109354
vt 0.930096 0.900524
vt 0.910990 0.562686
vt 0.165654 0.316767
vt 0.441261 0.110167
vt 0.455739 0.125733
vt 0.972691 0.846146
vt 0.965235 0.855032
vt 0.970621 0.833690
vt 0.013570 0.864554
vt 0.809240 0.333552
vt 0.809240 0.380742
vt 0.805151 0.332967
vt 0.422444 0.506428
vt 0.418755 0.508104
vt 0.636766 0.167931
vt 0.003570 0.562081
vt 0.004784 0.558345
vt 0.008601 0.568220
vt 0.146557 0.025084
vt 0.159349 0.026428
vt 0.159709 0.035568
vt 0.115822 0.049617
vt 0.120802 0.049617
vt 0.113338 0.054091
vt 0.523915 0.893303
vt 0.827510 0.948450
vt 0.915458 0.886528
vt 0.915146 0.260208
vt 0.497434 0.753071
vt 0.515198 0.750378
vt 0.115648 0.119970
vt 0.560993 0.950725
vt 0.533665 0.385279
vt 0.990822 0.040627
vt 0.328825 0.012746
vt 0.248197 0.146247
vt 0.238401 0.138028
vt 0.264474 0.125921
vt 0.902507 0.064827
vt 0.894577 0.066921
vt 0.884385 0.056729
vt 0.162161 0.713753
vt 0.957280 0.431807
vt 0.953934 0.458567
vt 0.999260 0.903969
vt 0.999260 0.911570
vt 0.996229 0.908285
vt 0.464082 0.075260
vt 0.457319 0.087005
vt 0.442383 0.076546
vt 0.425456 0.872684
vt 0.993286 0.007883
vt 0.981150 0.007883
vt 0.982107 0.005651
vt 0.146296 0.092810
vt 0.809962 0.401286
vt 0.803071 0.384510
vt 0.225602 0.143541
vt 0.149330 0.996367
vt 0.140315 0.999202
vt 0.139779 0.988974
vt 0.700115 0.177829
vt 0.728674 0.156100
vt 0.922043 0.017203
vt 0.935100 0.016062
vt 0.934057 0.025988
vt 0.872769 0.748067
vt 0.011969 0.558096
vt 0.128406 0.727894
vt 0.179546 0.006356
vt 0.184784 0.004654
vt 0.188374 0.015897
vt 0.866198 0.831178
vt 0.869249 0.836901
vt 0.712718 0.218792
vt 0.706128 0.223457
vt 0.195129 0.113140
vt 0.197973 0.105731
vt 0.225252 0.130257
vt 0.932683 0.013110
vt 0.015292 0.925979
vt 0.015151 0.944292
vt 0.010272 0.936743
vt 0.288826 0.136131
vt 0.009770 0.569961
vt 0.020032 0.573296
vt 0.009041 0.574400
vt 0.782392 0.046223
vt 0.785834 0.050045
vt 0.779180 0.045236
vt 0.262546 0.154923
vt 0.238941 0.166811
vt 0.122294 0.092551
vt 0.125177 0.090824
vt 0.571075 0.427929
vt 0.536851 0.412460
vt 0.005225 0.751803
vt 0.005225 0.739926
vt 0.006304 0.741979
vt 0.630724 0.156613
vt 0.007706 0.293731
vt 0.007706 0.280204
vt 0.019863 0.281025
vt 0.011592 0.951716
vt 0.057800 0.221429
vt 0.056616 0.226152
vt 0.053750 0.219395
vt 0.955219 0.508296
vt 0.947502 0.514706
vt 0.952908 0.508499
vt 0.916818 0.382360
vt 0.917287 0.349970
vt 0.920388 0.362116
vt 0.808309 0.412397
vt 0.167625 0.349100
vt 0.142881 0.723714
vt 0.251465 0.012867
vt 0.242716 0.024908
vt 0.242270 0.012686
vt 0.192791 0.799095
vt 0.126359 0.999998
vt 0.127463 0.997711
vt 0.014930 0.950032
vt 0.870040 0.795687
vt 0.198295 0.120830
vt 0.174761 0.140437
vt 0.177005 0.118968
vt 0.335669 0.014880
vt 0.427749 0.522573
vt 0.035011 0.064516
vt 0.023344 0.067642
vt 0.030472 0.049347
vt 0.961506 0.233801
vt 0.970713 0.250409
vt 0.954043 0.237538
vt 0.880486 0.067080
vt 0.876941 0.062338
vt 0.574662 0.412637
vt 0.063318 0.225184
vt 0.921945 0.022128
vt 0.916904 0.026105
vt 0.009409 0.962586
vt 0.009409 0.972251
vt 0.005127 0.972244
vt 0.117487 0.156417
vt 0.095676 0.174326
vt 0.093828 0.168341
vt 0.336996 0.020567
vt 0.526344 0.905746
vt 0.222025 0.571150
vt 0.229726 0.632751
vt 0.219280 0.608606
vt 0.161605 0.119070
vt 0.197819 0.898667
vt 0.169896 0.905499
vt 0.160201 0.896770
vt 0.012756 0.568740
vt 0.021853 0.563367
vt 0.124882 0.051039
vt 0.272910 0.116459
vt 0.284889 0.127629
vt 0.258217 0.117544
vt 0.157168 0.957252
vt 0.145390 0.593143
vt 0.161055 0.597879
vt 0.968788 0.514761
vt 0.834429 0.996809
vt 0.829644 0.997826
vt 0.836521 0.978615
vt 0.454535 0.091657
vt 0.920775 0.350890
vt 0.913611 0.629025
vt 0.407124 0.390983
vt 0.342770 0.012625
vt 0.941151 0.661251
vt 0.941151 0.689626
vt 0.937545 0.689524
vt 0.700223 0.004062
vt 0.693743 0.012981
vt 0.690253 0.004493
vt 0.200150 0.794682
vt 0.965153 0.834351
vt 0.191091 0.171910
vt 0.050401 0.584236
vt 0.048447 0.577689
vt 0.509424 0.318117
vt 0.012668 0.278673
vt 0.002521 0.275376
vt 0.014020 0.273708
vt 0.298842 0.890861
vt 0.891335 0.860320
vt 0.899320 0.870401
vt 0.890830 0.902086
vt 0.430349 0.076171
vt 0.134027 0.055430
vt 0.810587 0.054556
vt 0.812900 0.042848
vt 0.821994 0.043804
vt 0.929080 0.656085
vt 0.915855 0.659138
vt 0.920403 0.631146
vt 0.866856 0.823187
vt 0.220508 0.113196
vt 0.625370 0.752506
vt 0.182003 0.351213
vt 0.804497 0.496546
vt 0.004533 0.077811
vt 0.016018 0.081082
vt 0.012271 0.092615
vt 0.994903 0.660215
vt 0.990059 0.675124
vt 0.990180 0.661333
vt 0.917777 0.029501
vt 0.311700 0.877081
vt 0.437595 0.091025
vt 0.431329 0.084101
vt 0.940301 0.505852
vt 0.935342 0.511762
vt 0.913333 0.505782
vt 0.005297 0.086926
vt 0.030654 0.048405
vt 0.250095 0.896130
vt 0.479725 0.929233
vt 0.460155 0.922077
vt 0.477177 0.914779
vt 0.245557 0.892608
vt 0.328394 0.320380
vt 0.351990 0.327381
vt 0.086786 0.505405
vt 0.091424 0.535737
vt 0.088341 0.523180
vt 0.412661 0.872956
vt 0.417365 0.883466
vt 0.299335 0.115965
vt 0.818452 0.035168
vt 0.246287 0.877822
vt 0.418835 0.912181
vt 0.416749 0.900350
vt 0.456527 0.903023
vt 0.033903 0.570306
vt 0.990113 0.915711
vt 0.990113 0.898825
vt 0.994850 0.911457
vt 0.320263 0.163235
vt 0.454659 0.914550
vt 0.222075 0.625475
vt 0.215634 0.616203
vt 0.032169 0.542190
vt 0.034008 0.519367
vt 0.044168 0.537096
vt 0.050362 0.216713
vt 0.831321 0.024046
vt 0.819251 0.025315
vt 0.831877 0.015788
vt 0.900148 0.901086
vt 0.433280 0.351240
vt 0.746817 0.979102
vt 0.747906 0.996909
vt 0.734049 0.988379
vt 0.193238 0.200331
vt 0.298138 0.114455
vt 0.285001 0.105378
vt 0.289065 0.101499
vt 0.996347 0.522582
vt 0.988115 0.525257
vt 0.988257 0.509831
vt 0.892642 0.759169
vt 0.892408 0.741010
vt 0.900073 0.743233
vt 0.561712 0.378853
vt 0.202420 0.885897
vt 0.885543 0.602822
vt 0.880091 0.601369
vt 0.879104 0.582534
vt 0.156477 0.909262
vt 0.641952 0.793580
vt 0.646014 0.793852
vt 0.885074 0.820090
vt 0.170918 0.200211
vt 0.241659 0.104928
vt 0.345421 0.939971
vt 0.371374 0.940218
vt 0.370518 0.942167
vt 0.257729 0.114056
vt 0.259831 0.105350
vt 0.267113 0.108605
vt 0.980982 0.124472
vt 0.994457 0.128850
vt 0.987655 0.142696
vt 0.757770 0.970510
vt 0.772217 0.996796
vt 0.251439 0.011819
vt 0.239789 0.011819
vt 0.248414 0.004722
vt 0.009383 0.464957
vt 0.016971 0.452237
vt 0.015780 0.464397
vt 0.432652 0.895079
vt 0.422813 0.896239
vt 0.128930 0.134102
vt 0.140223 0.131639
vt 0.767071 0.050432
vt 0.002514 0.869436
vt 0.002514 0.858383
vt 0.007511 0.861164
vt 0.812436 0.494008
vt 0.971270 0.235239
vt 0.418746 0.523403
vt 0.406937 0.538109
vt 0.405246 0.532027
vt 0.753036 0.011097
vt 0.754824 0.005593
vt 0.765260 0.011450
vt 0.995797 0.252955
vt 0.986971 0.255994
vt 0.994386 0.246307
vt 0.333937 0.945242
vt 0.546401 0.934113
vt 0.574076 0.945034
vt 0.178237 0.796050
vt 0.880241 0.621882
vt 0.870514 0.598411
vt 0.304781 0.860783
vt 0.281372 0.115043
vt 0.951889 0.804057
vt 0.956267 0.809813
vt 0.953260 0.826869
vt 0.062885 0.232336
vt 0.996989 0.245259
vt 0.629115 0.883881
vt 0.659527 0.886541
vt 0.622223 0.888506
vt 0.652896 0.777038
vt 0.861332 0.040213
vt 0.870659 0.041120
vt 0.869542 0.053890
vt 0.913777 0.562025
vt 0.913777 0.597374
vt 0.908278 0.588516
vt 0.838458 0.012424
vt 0.826204 0.016406
vt 0.828081 0.006151
vt 0.098743 0.765454
vt 0.104267 0.739462
vt 0.116897 0.777276
vt 0.262853 0.645436
vt 0.284010 0.657441
vt 0.269683 0.656013
vt 0.540187 0.903660
vt 0.395579 0.873080
vt 0.009448 0.204513
vt 0.014889 0.206274
vt 0.010437 0.205692
vt 0.419579 0.542885
vt 0.008062 0.793963
vt 0.008062 0.780473
vt 0.019506 0.791779
vt 0.009601 0.048147
vt 0.778905 0.044273
vt 0.768960 0.047629
vt 0.767213 0.040796
vt 0.873971 0.816947
vt 0.088083 0.536331
vt 0.882027 0.039844
vt 0.057555 0.533847
vt 0.299163 0.127165
vt 0.880354 0.508619
vt 0.892372 0.502801
vt 0.897090 0.520409
vt 0.443255 0.888909
vt 0.434796 0.880451
vt 0.465531 0.892212
vt 0.151407 0.954830
vt 0.247794 0.830411
vt 0.298551 0.824872
vt 0.294194 0.834471
vt 0.407575 0.545859
vt 0.252483 0.436553
vt 0.241373 0.457421
vt 0.237350 0.435992
vt 0.161871 0.591144
vt 0.534326 0.915861
vt 0.658497 0.021968
vt 0.641676 0.019003
vt 0.659577 0.018633
vt 0.044458 0.006644
vt 0.051121 0.006644
vt 0.039205 0.012982
vt 0.042062 0.569310
vt 0.504740 0.913875
vt 0.090744 0.606652
vt 0.086578 0.641748
vt 0.077913 0.613474
vt 0.430842 0.338786
vt 0.026205 0.173550
vt 0.051495 0.171117
vt 0.042110 0.180966
vt 0.905005 0.630586
vt 0.843890 0.950772
vt 0.843287 0.958205
vt 0.519698 0.731608
vt 0.525271 0.753199
vt 0.711027 0.198870
vt 0.268920 0.102100
vt 0.400616 0.901616
vt 0.776888 0.913868
vt 0.750811 0.917571
vt 0.742094 0.913506
vt 0.536845 0.895716
vt 0.253535 0.655291
vt 0.145671 0.076389
vt 0.172727 0.076389
vt 0.145541 0.086517
vt 0.323363 0.940413
vt 0.640373 0.018711
vt 0.632638 0.023409
vt 0.629877 0.018627
vt 0.242442 0.416408
vt 0.225066 0.417905
vt 0.468521 0.878214
vt 0.901983 0.716071
vt 0.901983 0.711389
vt 0.905546 0.718225
vt 0.122777 0.155553
vt 0.008593 0.447825
vt 0.003573 0.702774
vt 0.012968 0.702774
vt 0.004345 0.706750
vt 0.844157 0.895090
vt 0.821273 0.896599
vt 0.831682 0.880223
vt 0.171099 0.094517
vt 0.150014 0.098235
vt 0.174096 0.089495
vt 0.501715 0.418032
vt 0.516890 0.412227
vt 0.517703 0.419913
vt 0.521297 0.486795
vt 0.503569 0.506476
vt 0.009706 0.063807
vt 0.130837 0.051406
vt 0.054689 0.230014
vt 0.052023 0.013406
vt 0.895517 0.715016
vt 0.922452 0.441974
vt 0.910889 0.440963
vt 0.925296 0.437685
vt 0.005662 0.206514
vt 0.077997 0.228580
vt 0.558244 0.902810
vt 0.110810 0.121667
vt 0.982911 0.279112
vt 0.980688 0.268854
vt 0.988330 0.267089
vt 0.983488 0.970561
vt 0.980934 0.974262
vt 0.980510 0.962236
vt 0.154641 0.017665
vt 0.159384 0.024440
vt 0.143373 0.024091
vt 0.578438 0.936548
vt 0.196143 0.027077
vt 0.196143 0.017725
vt 0.206508 0.033059
vt 0.569567 0.925487
vt 0.247722 0.817136
vt 0.397481 0.326455
vt 0.799289 0.880230
vt 0.036412 0.498412
vt 0.145046 0.088231
vt 0.959389 0.808334
vt 0.342798 0.021961
vt 0.432207 0.068655
vt 0.427615 0.076052
vt 0.410376 0.067291
vt 0.146382 0.126515
vt 0.113036 0.147052
vt 0.987902 0.966869
vt 0.335638 0.078571
vt 0.355012 0.079947
vt 0.349361 0.090086
vt 0.249110 0.986827
vt 0.246301 0.995470
vt 0.244625 0.985482
vt 0.044031 0.478350
vt 0.044924 0.483412
vt 0.039487 0.481654
vt 0.207653 0.639802
vt 0.830330 0.864622
vt 0.701825 0.114838
vt 0.699576 0.111375
vt 0.719235 0.111198
vt 0.200444 0.872192
vt 0.663689 0.879961
vt 0.210732 0.088289
vt 0.801344 0.896426
vt 0.003931 0.847548
vt 0.002746 0.840830
vt 0.007832 0.848901
vt 0.184779 0.094079
vt 0.182735 0.877199
vt 0.118583 0.793370
vt 0.096902 0.781164
vt 0.421474 0.330041
vt 0.915059 0.289560
vt 0.839378 0.979308
vt 0.833248 0.975062
vt 0.836133 0.970065
vt 0.085762 0.558756
vt 0.957483 0.803708
vt 0.443415 0.067238
vt 0.133340 0.460162
vt 0.136662 0.459226
vt 0.142030 0.470737
vt 0.799482 0.865973
vt 0.245578 0.108675
vt 0.870347 0.585285
vt 0.873112 0.579621
vt 0.782395 0.009102
vt 0.778212 0.021975
vt 0.767981 0.010337
vt 0.039303 0.482386
vt 0.041551 0.504201
vt 0.068782 0.648987
vt 0.861991 0.053669
vt 0.694969 0.125677
vt 0.721224 0.116168
vt 0.222280 0.091479
vt 0.894013 0.805646
vt 0.881424 0.811235
vt 0.041350 0.560769
vt 0.986365 0.101437
vt 0.982864 0.119114
vt 0.984194 0.103608
vt 0.587249 0.426782
vt 0.164905 0.481414
vt 0.152179 0.489589
vt 0.867738 0.251192
vt 0.903691 0.251192
vt 0.896619 0.259585
vt 0.888820 0.023427
vt 0.885413 0.016552
vt 0.893657 0.016696
vt 0.132153 0.048830
vt 0.435403 0.333419
vt 0.874491 0.798188
vt 0.793503 0.016936
vt 0.796188 0.009139
vt 0.803990 0.020936
vt 0.005906 0.294253
vt 0.008786 0.294525
vt 0.008786 0.303742
vt 0.005249 0.303741
vt 0.164371 0.466366
vt 0.868049 0.004164
vt 0.868049 0.009370
vt 0.864282 0.005653
vt 0.493023 0.890050
vt 0.321993 0.507269
vt 0.328292 0.509059
vt 0.318833 0.539412
vt 0.147837 0.121381
vt 0.570365 0.365650
vt 0.565803 0.371873
vt 0.558437 0.365963
vt 0.579934 0.028233
vt 0.595353 0.039436
vt 0.573570 0.038263
vt 0.207366 0.017067
vt 0.867439 0.818125
vt 0.101205 0.536283
vt 0.492962 0.039730
vt 0.495738 0.042834
vt 0.490191 0.047488
vt 0.881234 0.545319
vt 0.771703 0.135707
vt 0.768562 0.126325
vt 0.789761 0.131383
vt 0.505872 0.291753
vt 0.273518 0.106314
vt 0.945500 0.503927
vt 0.961850 0.506810
vt 0.940406 0.507602
vt 0.789717 0.891560
vt 0.904843 0.430707
vt 0.995454 0.099822
vt 0.988693 0.103686
vt 0.986859 0.100510
vt 0.282833 0.993628
vt 0.287593 0.995174
vt 0.283933 0.998853
vt 0.317723 0.137168
vt 0.582517 0.062963
vt 0.586268 0.066714
vt 0.579712 0.062871
vt 0.951194 0.023484
vt 0.935523 0.023484
vt 0.937904 0.014110
vt 0.059768 0.072642
vt 0.062804 0.057767
vt 0.083089 0.063969
vt 0.164940 0.883835
vt 0.763540 0.048036
vt 0.008281 0.837816
vt 0.803409 0.972381
vt 0.056436 0.477313
vt 0.670586 0.788942
vt 0.662279 0.786081
vt 0.672899 0.784061
vt 0.227514 0.654366
vt 0.869341 0.799155
vt 0.905399 0.341133
vt 0.876695 0.356537
vt 0.894949 0.332048
vt 0.803228 0.977434
vt 0.848458 0.849767
vt 0.850885 0.868431
vt 0.992862 0.524855
vt 0.996290 0.535406
vt 0.986667 0.528497
vt 0.259757 0.114270
vt 0.027968 0.336751
vt 0.014406 0.335803
vt 0.012634 0.317885
vt 0.090941 0.765411
vt 0.055833 0.491563
vt 0.429673 0.018173
vt 0.437423 0.028839
vt 0.423730 0.038969
vt 0.961838 0.523458
vt 0.960582 0.537819
vt 0.960877 0.516317
vt 0.929637 0.730993
vt 0.918344 0.734676
vt 0.916199 0.722510
vt 0.582421 0.065591
vt 0.463639 0.352204
vt 0.472836 0.359793
vt 0.469119 0.368414
vt 0.977142 0.971705
vt 0.233516 0.830070
vt 0.475892 0.350628
vt 0.588784 0.950595
vt 0.974183 0.741538
vt 0.986719 0.750646
vt 0.974240 0.763725
vt 0.791255 0.866292
vt 0.622785 0.018195
vt 0.584506 0.938502
vt 0.999306 0.993143
vt 0.997050 0.996248
vt 0.996183 0.991221
vt 0.975540 0.101529
vt 0.923363 0.182912
vt 0.948817 0.174641
vt 0.933403 0.190271
vt 0.931140 0.262185
vt 0.924494 0.241733
vt 0.942674 0.264532
vt 0.257571 0.480779
vt 0.228831 0.466273
vt 0.397714 0.557579
vt 0.502499 0.521514
vt 0.875069 0.802778
vt 0.999753 0.716501
vt 0.999753 0.729113
vt 0.996237 0.725274
vt 0.932259 0.403233
vt 0.927456 0.413533
vt 0.927798 0.383460
vt 0.978086 0.262242
vt 0.530255 0.525730
vt 0.962859 0.459322
vt 0.945324 0.464020
vt 0.941401 0.459288
vt 0.539875 0.374395
vt 0.244470 0.109988
vt 0.933697 0.408340
vt 0.798266 0.601715
vt 0.785465 0.681303
vt 0.784945 0.638313
vt 0.892703 0.040226
vt 0.913620 0.047023
vt 0.888886 0.056014
vt 0.892360 0.056019
vt 0.913457 0.057881
vt 0.901789 0.063124
vt 0.675240 0.725495
vt 0.679042 0.717339
vt 0.680947 0.732107
vt 0.930877 0.391692
vt 0.483959 0.040967
vt 0.062865 0.251581
vt 0.058125 0.251789
vt 0.914658 0.048655
vt 0.931100 0.711348
vt 0.445174 0.453426
vt 0.446465 0.440753
vt 0.460864 0.430405
vt 0.577770 0.069129
vt 0.179772 0.089024
vt 0.817713 0.851693
vt 0.053898 0.522186
vt 0.043651 0.948138
vt 0.044746 0.939417
vt 0.046697 0.939383
vt 0.008776 0.987968
vt 0.002557 0.985947
vt 0.009975 0.978448
vt 0.990709 0.728433
vt 0.992934 0.741053
vt 0.990023 0.744249
vt 0.408214 0.070005
vt 0.732099 0.109411
vt 0.990167 0.069694
vt 0.994796 0.071853
vt 0.990266 0.084692
vt 0.008272 0.000096
vt 0.005133 0.004416
vt 0.001754 0.000625
vt 0.615825 0.384566
vt 0.429151 0.091006
vt 0.885676 0.177172
vt 0.892763 0.154113
vt 0.902006 0.170014
vt 0.485931 0.376103
vt 0.546470 0.517098
vt 0.984193 0.337773
vt 0.984193 0.319370
vt 0.986233 0.337008
vt 0.670650 0.883079
vt 0.149657 0.449751
vt 0.997680 0.641892
vt 0.997680 0.628284
vt 0.999814 0.628939
vt 0.891261 0.537338
vt 0.987917 0.957349
vt 0.213512 0.791075
vt 0.233598 0.819109
vt 0.885064 0.362267
vt 0.233244 0.971278
vt 0.222124 0.960554
vt 0.244388 0.944378
vt 0.166141 0.358474
vt 0.166325 0.353287
vt 0.180347 0.352061
vt 0.473855 0.381001
vt 0.594913 0.074485
vt 0.138291 0.050194
vt 0.013174 0.586367
vt 0.026787 0.582436
vt 0.041522 0.586806
vt 0.223004 0.454986
vt 0.930297 0.718958
vt 0.536735 0.365556
vt 0.668866 0.736570
vt 0.691270 0.744498
vt 0.670661 0.759414
vt 0.879208 0.380325
vt 0.863647 0.399028
vt 0.857947 0.387240
vt 0.857802 0.379585
vt 0.428191 0.090156
vt 0.940482 0.808941
vt 0.940814 0.827987
vt 0.925351 0.805597
vt 0.044154 0.932949
vt 0.520220 0.536530
vt 0.806905 0.491610
vt 0.983494 0.099847
vt 0.512341 0.366115
vt 0.516315 0.377361
vt 0.081855 0.056682
vt 0.923203 0.012501
vt 0.913836 0.005695
vt 0.929272 0.003038
vt 0.879275 0.025553
vt 0.803288 0.853432
vt 0.030061 0.700586
vt 0.012083 0.688760
vt 0.012083 0.660947
vt 0.874874 0.372881
vt 0.446477 0.338651
vt 0.469733 0.408501
vt 0.030732 0.556115
vt 0.999854 0.765958
vt 0.996136 0.777400
vt 0.996998 0.767858
vt 0.909809 0.731322
vt 0.532001 0.533077
vt 0.195713 0.776444
vt 0.976839 0.414526
vt 0.974038 0.424975
vt 0.974831 0.404599
vt 0.725869 0.914455
vt 0.559140 0.349803
vt 0.298449 0.813083
vt 0.585357 0.439673
vt 0.896339 0.009217
vt 0.900173 0.013628
vt 0.893909 0.013702
vt 0.988845 0.541311
vt 0.703035 0.081945
vt 0.686205 0.082596
vt 0.694745 0.073655
vt 0.025770 0.999824
vt 0.025770 0.990151
vt 0.041900 0.993400
vt 0.890371 0.385827
vt 0.879286 0.401013
vt 0.625080 0.049139
vt 0.648554 0.055870
vt 0.618113 0.058210
vt 0.694965 0.706315
vt 0.970245 0.531215
vt 0.013526 0.181264
vt 0.943343 0.494659
vt 0.956292 0.490451
vt 0.948648 0.502098
vt 0.994427 0.684077
vt 0.990536 0.677338
vt 0.993805 0.668304
vt 0.706038 0.720011
vt 0.714531 0.712716
vt 0.704358 0.728824
vt 0.004516 0.511409
vt 0.004143 0.501906
vt 0.010895 0.502497
vt 0.546076 0.535564
vt 0.819847 0.930484
vt 0.816760 0.918000
vt 0.822932 0.924429
vt 0.690514 0.008014
vt 0.690514 0.016959
vt 0.683137 0.007554
vt 0.817972 0.940320
vt 0.801946 0.937506
vt 0.656797 0.746863
vt 0.909475 0.956990
vt 0.909475 0.973368
vt 0.901834 0.957518
vt 0.624516 0.389565
vt 0.618463 0.335894
vt 0.626698 0.337283
vt 0.612354 0.352358
vt 0.891571 0.407405
vt 0.884117 0.368934
vt 0.971123 0.459887
vt 0.972204 0.463922
vt 0.951105 0.463777
vt 0.726297 0.710273
vt 0.181768 0.363888
vt 0.326201 0.542447
vt 0.086487 0.244624
vt 0.359026 0.070385
vt 0.386839 0.070385
vt 0.360396 0.077485
vt 0.715793 0.729416
vt 0.718620 0.733792
vt 0.588353 0.459539
vt 0.576365 0.455545
vt 0.740593 0.028427
vt 0.731386 0.015755
vt 0.749817 0.014180
vt 0.768537 0.660930
vt 0.445445 0.003251
vt 0.445445 0.009280
vt 0.437763 0.007965
vt 0.009209 0.992416
vt 0.011885 0.990542
vt 0.018861 0.992149
vt 0.883099 0.362520
vt 0.634041 0.746655
vt 0.629965 0.739355
vt 0.976524 0.961208
vt 0.002603 0.339439
vt 0.010931 0.339439
vt 0.004402 0.342767
vt 0.222769 0.390432
vt 0.206178 0.401626
vt 0.204988 0.386094
vt 0.333379 0.521953
vt 0.901079 0.023364
vt 0.482092 0.020599
vt 0.479707 0.023535
vt 0.479997 0.021239
vt 0.013920 0.213311
vt 0.003123 0.213311
vt 0.010083 0.208744
vt 0.997242 0.826562
vt 0.997242 0.817548
vt 0.999750 0.824253
vt 0.097041 0.555621
vt 0.786590 0.119864
vt 0.959468 0.580694
vt 0.971861 0.563637
vt 0.969444 0.585236
vt 0.079400 0.070371
vt 0.110074 0.070371
vt 0.089142 0.072987
vt 0.800407 0.691017
vt 0.801649 0.485250
vt 0.209949 0.646938
vt 0.102757 0.478213
vt 0.102757 0.491375
vt 0.093155 0.477198
vt 0.802010 0.128952
vt 0.797881 0.114989
vt 0.376756 0.113391
vt 0.378302 0.122156
vt 0.347664 0.111329
vt 0.473185 0.039989
vt 0.893251 0.441747
vt 0.180611 0.778782
vt 0.849545 0.999939
vt 0.845676 0.988031
vt 0.854574 0.995764
vt 0.584466 0.074909
vt 0.007804 0.447285
vt 0.007804 0.456475
vt 0.003224 0.449576
vt 0.996095 0.537629
vt 0.704723 0.016875
vt 0.691267 0.016875
vt 0.698431 0.010694
vt 0.426793 0.038424
vt 0.437372 0.030593
vt 0.435192 0.038424
vt 0.551391 0.503894
vt 0.690851 0.760462
vt 0.678700 0.769374
vt 0.990726 0.364200
vt 0.993808 0.360110
vt 0.999750 0.361357
vt 0.118202 0.149470
vt 0.523783 0.075998
vt 0.495766 0.075998
vt 0.509910 0.067862
vt 0.010763 0.512129
vt 0.091981 0.491339
vt 0.423076 0.846087
vt 0.413922 0.844473
vt 0.427046 0.826698
vt 0.274956 0.099433
vt 0.736443 0.014492
vt 0.744423 0.009467
vt 0.748235 0.012136
vt 0.923957 0.105730
vt 0.926230 0.123489
vt 0.920550 0.108391
vt 0.466660 0.388996
vt 0.474756 0.335974
vt 0.486203 0.335546
vt 0.876941 0.160135
vt 0.955614 0.942879
vt 0.975714 0.942879
vt 0.957841 0.954364
vt 0.980473 0.026140
vt 0.982572 0.023637
vt 0.989398 0.038473
vt 0.981167 0.031761
vt 0.358426 0.005043
vt 0.363897 0.003577
vt 0.358865 0.008424
vt 0.927461 0.446863
vt 0.927866 0.459951
vt 0.922801 0.461794
vt 0.926664 0.093788
vt 0.904964 0.111075
vt 0.218985 0.409712
vt 0.701716 0.073519
vt 0.617407 0.364239
vt 0.765754 0.800767
vt 0.771749 0.783797
vt 0.783435 0.799819
vt 0.559601 0.336476
vt 0.656166 0.755816
vt 0.459576 0.321427
vt 0.416627 0.851030
vt 0.679864 0.878366
vt 0.470952 0.576114
vt 0.479865 0.570923
vt 0.490370 0.584745
vt 0.989248 0.028193
vt 0.012614 0.575579
vt 0.022296 0.574096
vt 0.643458 0.064014
vt 0.418258 0.251202
vt 0.429092 0.248520
vt 0.421696 0.261824
vt 0.405282 0.212559
vt 0.337488 0.124260
vt 0.004718 0.077134
vt 0.004718 0.065222
vt 0.008816 0.074299
vt 0.047368 0.695046
vt 0.011479 0.660413
vt 0.011479 0.670961
vt 0.004561 0.660367
vt 0.355327 0.062295
vt 0.095229 0.870591
vt 0.089740 0.888155
vt 0.081694 0.876902
vt 0.955765 0.404634
vt 0.968413 0.422043
vt 0.954895 0.422434
vt 0.936357 0.242220
vt 0.445889 0.039081
vt 0.986285 0.852530
vt 0.986192 0.854843
vt 0.980131 0.856467
vt 0.100725 0.521982
vt 0.923786 0.091884
vt 0.973486 0.956565
vt 0.455578 0.636105
vt 0.451332 0.624764
vt 0.477910 0.640213
vt 0.907767 0.352450
vt 0.935437 0.504536
vt 0.924849 0.314762
vt 0.924732 0.284140
vt 0.926069 0.282231
vt 0.808966 0.486150
vt 0.516688 0.351785
vt 0.929702 0.473287
vt 0.923807 0.475306
vt 0.716117 0.132130
vt 0.709781 0.125336
vt 0.735423 0.128137
vt 0.048569 0.660316
vt 0.030886 0.043878
vt 0.021257 0.030626
vt 0.044908 0.030308
vt 0.188998 0.069668
vt 0.198407 0.056718
vt 0.219523 0.072104
vt 0.984835 0.565219
vt 0.977882 0.562267
vt 0.987079 0.561173
vt 0.729584 0.717071
vt 0.164212 0.445019
vt 0.864285 0.993907
vt 0.859725 0.981379
vt 0.883265 0.993219
vt 0.489215 0.011999
vt 0.988653 0.464759
vt 0.993619 0.470941
vt 0.988908 0.479101
vt 0.091730 0.533830
vt 0.739461 0.006561
vt 0.124190 0.004692
vt 0.124190 0.015859
vt 0.116411 0.004869
vt 0.008484 0.366257
vt 0.004906 0.360059
vt 0.013390 0.360200
vt 0.731503 0.118658
vt 0.622546 0.048831
vt 0.615095 0.040397
vt 0.625515 0.041836
vt 0.367388 0.008954
vt 0.481174 0.009046
vt 0.999307 0.923712
vt 0.996683 0.922198
vt 0.999054 0.916388
vt 0.834981 0.979078
vt 0.827509 0.995860
vt 0.811635 0.995573
vt 0.002650 0.366060
vt 0.012687 0.171997
vt 0.012164 0.180111
vt 0.533377 0.650843
vt 0.499070 0.634534
vt 0.657425 0.017976
vt 0.643829 0.017976
vt 0.644901 0.012100
vt 0.969627 0.556900
vt 0.987766 0.545939
vt 0.698388 0.125788
vt 0.118185 0.635717
vt 0.493433 0.563778
vt 0.243886 0.997643
vt 0.235352 0.997936
vt 0.231573 0.992540
vt 0.419739 0.650326
vt 0.920547 0.284162
vt 0.950976 0.127569
vt 0.944992 0.123511
vt 0.951255 0.118255
vt 0.631747 0.070661
vt 0.101978 0.420281
vt 0.101978 0.434471
vt 0.094009 0.421627
vt 0.243662 0.992591
vt 0.069839 0.257555
vt 0.092496 0.245227
vt 0.133375 0.241576
vt 0.174621 0.247110
vt 0.172734 0.253654
vt 0.343034 0.530982
vt 0.002663 0.848331
vt 0.008364 0.851236
vt 0.005844 0.858937
vt 0.333395 0.063158
vt 0.728773 0.113484
vt 0.436567 0.279216
vt 0.415989 0.296549
vt 0.676905 0.018511
vt 0.181547 0.433904
vt 0.715777 0.059383
vt 0.733207 0.069446
vt 0.706893 0.069941
vt 0.212253 0.973417
vt 0.615504 0.059621
vt 0.874219 0.203128
vt 0.880335 0.222047
vt 0.871282 0.206066
vt 0.020719 0.182816
vt 0.019864 0.195043
vt 0.010595 0.182154
vt 0.786022 0.929103
vt 0.866306 0.810270
vt 0.871396 0.810097
vt 0.607642 0.056668
vt 0.410978 0.007947
vt 0.404060 0.007947
vt 0.410872 0.000575
vt 0.058181 0.266131
vt 0.053154 0.263316
vt 0.424453 0.227345
vt 0.984358 0.840433
vt 0.882022 0.685035
vt 0.871116 0.678192
vt 0.881075 0.667133
vt 0.079483 0.010922
vt 0.071732 0.005290
vt 0.083657 0.007592
vt 0.137242 0.232748
vt 0.894967 0.182330
vt 0.893239 0.186214
vt 0.013859 0.170352
vt 0.003184 0.170352
vt 0.008804 0.164986
vt 0.233298 0.996241
vt 0.789743 0.085080
vt 0.772529 0.085080
vt 0.798328 0.070308
vt 0.988940 0.207904
vt 0.978980 0.207904
vt 0.987414 0.190592
vt 0.485766 0.592596
vt 0.495866 0.605190
vt 0.765994 0.084988
vt 0.765581 0.071177
vt 0.584990 0.351187
vt 0.887543 0.186001
vt 0.731654 0.132932
vt 0.736782 0.152280
vt 0.686803 0.133539
vt 0.664923 0.756541
vt 0.421899 0.823186
vt 0.188526 0.983779
vt 0.206717 0.980609
vt 0.195913 0.994328
vt 0.217357 0.673462
vt 0.212929 0.661369
vt 0.755748 0.119850
vt 0.920814 0.455238
vt 0.710690 0.705142
vt 0.723173 0.696907
vt 0.552010 0.025021
vt 0.556437 0.024477
vt 0.548441 0.036095
vt 0.011208 0.682480
vt 0.007722 0.676442
vt 0.011326 0.671906
vt 0.382468 0.195181
vt 0.409739 0.200593
vt 0.095378 0.463233
vt 0.091752 0.434667
vt 0.118476 0.056669
vt 0.128552 0.062486
vt 0.116284 0.061049
vt 0.632696 0.339567
vt 0.448845 0.354522
vt 0.998596 0.890682
vt 0.998932 0.897083
vt 0.996055 0.889884
vt 0.956147 0.499872
vt 0.563402 0.522243
vt 0.064046 0.963231
vt 0.554966 0.078528
vt 0.539551 0.057312
vt 0.568325 0.065001
vt 0.040409 0.124038
vt 0.041974 0.158754
vt 0.033478 0.136043
vt 0.221643 0.438190
vt 0.000626 0.367093
vt 0.008396 0.367093
vt 0.005028 0.371754
vt 0.443623 0.248733
vt 0.571727 0.057488
vt 0.902247 0.572839
vt 0.886463 0.556484
vt 0.897212 0.558337
vt 0.246279 0.803890
vt 0.147567 0.442721
vt 0.689416 0.072793
vt 0.474844 0.020212
vt 0.478495 0.010181
vt 0.479041 0.022902
vt 0.050080 0.956383
vt 0.086804 0.862673
vt 0.293330 0.729522
vt 0.290089 0.721272
vt 0.296141 0.717035
vt 0.869202 0.231143
vt 0.783591 0.007023
vt 0.795858 0.007023
vt 0.790410 0.016535
vt 0.021486 0.195791
vt 0.894455 0.154079
vt 0.903564 0.151416
vt 0.904015 0.170749
vt 0.575532 0.074973
vt 0.567995 0.068889
vt 0.027424 0.025933
vt 0.012175 0.025933
vt 0.016293 0.020183
vt 0.283305 0.104094
vt 0.102233 0.476961
vt 0.867013 0.659341
vt 0.292492 0.800617
vt 0.831021 0.915820
vt 0.165600 0.430802
vt 0.212849 0.418029
vt 0.973621 0.060071
vt 0.965513 0.063022
vt 0.971346 0.053250
vt 0.877701 0.192142
vt 0.961573 0.074069
vt 0.974028 0.073614
vt 0.055165 0.273012
vt 0.227813 0.482193
vt 0.208488 0.479206
vt 0.911322 0.896361
vt 0.912408 0.883950
vt 0.915244 0.914268
vt 0.188672 0.655686
vt 0.973419 0.544135
vt 0.748770 0.007027
vt 0.628062 0.397963
vt 0.650141 0.435210
vt 0.645391 0.457088
vt 0.034167 0.161168
vt 0.054277 0.964269
vt 0.953737 0.244782
vt 0.953737 0.271007
vt 0.951526 0.270671
vt 0.881731 0.656192
vt 0.914458 0.880218
vt 0.540174 0.350128
vt 0.909210 0.130672
vt 0.826515 0.018515
vt 0.813585 0.014314
vt 0.818873 0.009054
vt 0.508269 0.588235
vt 0.811534 0.112915
vt 0.824138 0.114234
vt 0.674408 0.078151
vt 0.974266 0.053251
vt 0.772964 0.610635
vt 0.919083 0.446269
vt 0.083002 0.804621
vt 0.084562 0.815248
vt 0.069596 0.806793
vt 0.911459 0.913629
vt 0.680044 0.780338
vt 0.688088 0.791883
vt 0.206357 0.666342
vt 0.978200 0.924739
vt 0.987878 0.923892
vt 0.972022 0.941772
vt 0.467620 0.006669
vt 0.472151 0.012069
vt 0.467197 0.019396
vt 0.539820 0.640761
vt 0.538687 0.647862
vt 0.888145 0.980529
vt 0.081347 0.004115
vt 0.643515 0.735972
vt 0.230180 0.997780
vt 0.950182 0.641276
vt 0.945270 0.641643
vt 0.945270 0.627628
vt 0.910698 0.938913
vt 0.954322 0.646015
vt 0.944425 0.652572
vt 0.108830 0.120912
vt 0.570857 0.024069
vt 0.699788 0.721543
vt 0.137692 0.427209
vt 0.150745 0.427869
vt 0.424793 0.811064
vt 0.056403 0.048991
vt 0.038272 0.042791
vt 0.056403 0.036723
vt 0.829934 0.113569
vt 0.944027 0.574108
vt 0.948544 0.572002
vt 0.945776 0.582694
vt 0.229269 0.805588
vt 0.966010 0.231067
vt 0.970981 0.214573
vt 0.979855 0.224012
vt 0.031128 0.426950
vt 0.031128 0.405601
vt 0.035535 0.426914
vt 0.903485 0.181768
vt 0.900936 0.173620
vt 0.736222 0.688523
vt 0.030129 0.446529
vt 0.583534 0.925977
vt 0.881875 0.196262
vt 0.708532 0.741915
vt 0.891204 0.564450
vt 0.223282 0.993069
vt 0.944985 0.101503
vt 0.310726 0.726274
vt 0.522330 0.038996
vt 0.517541 0.024259
vt 0.522559 0.023159
vt 0.987807 0.941395
vt 0.973366 0.773716
vt 0.970188 0.791740
vt 0.968990 0.769663
vt 0.674313 0.889101
vt 0.682539 0.890556
vt 0.399028 0.651893
vt 0.147052 0.062139
vt 0.147734 0.058268
vt 0.160635 0.069249
vt 0.960927 0.844072
vt 0.960927 0.821091
vt 0.963885 0.827007
vt 0.912563 0.165900
vt 0.022645 0.136551
vt 0.949623 0.815795
vt 0.947508 0.791613
vt 0.951239 0.789718
vt 0.026940 0.124136
vt 0.973601 0.004388
vt 0.966113 0.002382
vt 0.976243 0.002128
vt 0.524976 0.084766
vt 0.544048 0.086099
vt 0.520396 0.098011
vt 0.680654 0.936777
vt 0.648680 0.936842
vt 0.647397 0.932052
vt 0.172793 0.056314
vt 0.173249 0.072508
vt 0.903478 0.719222
vt 0.132654 0.063275
vt 0.141837 0.068729
vt 0.999976 0.932517
vt 0.998544 0.937201
vt 0.996014 0.930468
vt 0.760745 0.027849
vt 0.758497 0.020930
vt 0.774836 0.019770
vt 0.516318 0.011829
vt 0.509509 0.006115
vt 0.518621 0.006513
vt 0.003169 0.637129
vt 0.011367 0.631173
vt 0.011343 0.640506
vt 0.437473 0.930739
vt 0.428133 0.924199
vt 0.451408 0.912870
vt 0.891190 0.374718
vt 0.681961 0.886762
vt 0.980160 0.543553
vt 0.281552 0.089954
vt 0.290642 0.094195
vt 0.095017 0.031055
vt 0.081925 0.021543
vt 0.093939 0.021075
vt 0.864454 0.559245
vt 0.849560 0.554176
vt 0.862870 0.550264
vt 0.640102 0.042412
vt 0.646828 0.032805
vt 0.647618 0.052909
vt 0.747979 0.124476
vt 0.026223 0.369148
vt 0.015200 0.374288
vt 0.013560 0.340737
vt 0.514847 0.611539
vt 0.492451 0.610720
vt 0.430651 0.215786
vt 0.578757 0.540210
vt 0.846964 0.959896
vt 0.846068 0.970138
vt 0.833510 0.959127
vt 0.955963 0.486995
vt 0.955963 0.464885
vt 0.965841 0.472854
vt 0.969336 0.978287
vt 0.972695 0.986202
vt 0.959635 0.978102
vt 0.987762 0.362301
vt 0.985933 0.366225
vt 0.983137 0.355092
vt 0.784003 0.781382
vt 0.980026 0.041024
vt 0.205000 0.465726
vt 0.881019 0.564551
vt 0.832879 0.969049
vt 0.804164 0.971198
vt 0.808796 0.961456
vt 0.410668 0.048907
vt 0.411405 0.057335
vt 0.398963 0.048159
vt 0.902637 0.536434
vt 0.933414 0.952960
vt 0.941291 0.963842
vt 0.935075 0.969058
vt 0.989549 0.980558
vt 0.990174 0.969669
vt 0.994912 0.977462
vt 0.451931 0.229323
vt 0.595537 0.476061
vt 0.208180 0.495109
vt 0.032054 0.336990
vt 0.285850 0.709740
vt 0.861305 0.525199
vt 0.848328 0.522876
vt 0.153285 0.418682
vt 0.879116 0.644151
vt 0.027002 0.265494
vt 0.017224 0.231749
vt 0.032615 0.247134
vt 0.074263 0.864094
vt 0.008441 0.463114
vt 0.001193 0.460685
vt 0.008441 0.460194
vt 0.447780 0.929376
vt 0.460568 0.923413
vt 0.458762 0.946815
vt 0.950710 0.589245
vt 0.046129 0.758494
vt 0.048619 0.772383
vt 0.043755 0.774154
vt 0.980360 0.838771
vt 0.002726 0.587255
vt 0.002726 0.578159
vt 0.010807 0.586658
vt 0.857022 0.995879
vt 0.846696 0.986933
vt 0.856673 0.979948
vt 0.845796 0.972031
vt 0.858464 0.974855
vt 0.474638 0.948915
vt 0.409246 0.913006
vt 0.796776 0.784906
vt 0.067409 0.948421
vt 0.091138 0.939451
vt 0.082489 0.948685
vt 0.178718 0.236189
vt 0.880673 0.248501
vt 0.231594 0.067555
vt 0.248765 0.060974
vt 0.234915 0.071806
vt 0.996219 0.593087
vt 0.996180 0.584152
vt 0.999309 0.590494
vt 0.852614 0.965525
vt 0.006910 0.104115
vt 0.000582 0.099517
vt 0.006937 0.094381
vt 0.147621 0.318379
vt 0.139158 0.320647
vt 0.148812 0.248373
vt 0.996284 0.848158
vt 0.999752 0.852291
vt 0.996238 0.857105
vt 0.892239 0.477645
vt 0.892239 0.457455
vt 0.904638 0.478490
vt 0.892419 0.442814
vt 0.905642 0.443610
vt 0.686422 0.146442
vt 0.007324 0.875179
vt 0.003202 0.873257
vt 0.007070 0.864169
vt 0.506442 0.011930
vt 0.994431 0.243337
vt 0.985518 0.255605
vt 0.987659 0.242641
vt 0.388164 0.056511
vt 0.387592 0.048630
vt 0.978072 0.237557
vt 0.712103 0.017710
vt 0.696929 0.020385
vt 0.694915 0.017834
vt 0.913560 0.455615
vt 0.207077 0.969736
vt 0.211851 0.952107
vt 0.212545 0.965489
vt 0.994806 0.465757
vt 0.669785 0.138846
vt 0.198210 0.425390
vt 0.185408 0.246991
vt 0.183150 0.257024
vt 0.708151 0.756806
vt 0.480352 0.941589
vt 0.035408 0.264542
vt 0.048976 0.796611
vt 0.908829 0.444225
vt 0.042252 0.800830
vt 0.083537 0.828069
vt 0.077580 0.830801
vt 0.074873 0.822859
vt 0.472343 0.962802
vt 0.255151 0.066375
vt 0.264147 0.062740
vt 0.255385 0.088137
vt 0.059428 0.216377
vt 0.049743 0.215646
vt 0.049743 0.202171
vt 0.724330 0.684612
vt 0.997513 0.473976
vt 0.997513 0.459858
vt 0.999480 0.472913
vt 0.476838 0.630650
vt 0.656360 0.338647
vt 0.862672 0.711755
vt 0.868970 0.694449
vt 0.871176 0.732009
vt 0.632629 0.939126
vt 0.955488 0.456593
vt 0.966316 0.453984
vt 0.959317 0.456392
vt 0.772752 0.682495
vt 0.999249 0.659278
vt 0.996741 0.664656
vt 0.997332 0.658519
vt 0.001968 0.076408
vt 0.001968 0.082990
vt 0.000037 0.082020
vt 0.615941 0.971899
vt 0.609678 0.943079
vt 0.614555 0.945460
vt 0.761480 0.783992
vt 0.973184 0.783503
vt 0.973184 0.805470
vt 0.969172 0.801062
vt 0.800479 0.784083
vt 0.958071 0.434134
vt 0.997716 0.598305
vt 0.996787 0.595687
vt 0.881689 0.707362
vt 0.128089 0.003414
vt 0.118527 0.003414
vt 0.120975 0.002100
vt 0.982664 0.373730
vt 0.060533 0.202310
vt 0.920496 0.967157
vt 0.933138 0.967157
vt 0.921753 0.982437
vt 0.908962 0.184423
vt 0.255624 0.058381
vt 0.252795 0.074451
vt 0.399017 0.057605
vt 0.860228 0.647635
vt 0.290771 0.023131
vt 0.306723 0.018174
vt 0.306723 0.030447
vt 0.015948 0.465727
vt 0.015948 0.469657
vt 0.005104 0.465681
vt 0.898776 0.729488
vt 0.186539 0.407660
vt 0.604256 0.929354
vt 0.351056 0.553566
vt 0.000581 0.462301
vt 0.997018 0.651133
vt 0.458925 0.922725
vt 0.994720 0.986221
vt 0.932466 0.981462
vt 0.633948 0.372310
vt 0.868126 0.271544
vt 0.868126 0.288198
vt 0.855443 0.247665
vt 0.986408 0.409568
vt 0.986163 0.415732
vt 0.982580 0.416172
vt 0.547910 0.087300
vt 0.521149 0.112227
vt 0.845043 0.653830
vt 0.563864 0.041595
vt 0.021872 0.529238
vt 0.012714 0.533508
vt 0.013182 0.513462
vt 0.492008 0.250895
vt 0.474849 0.226704
vt 0.490229 0.232202
vt 0.964227 0.100951
vt 0.956625 0.120154
vt 0.956049 0.103608
vt 0.005262 0.468416
vt 0.786544 0.683238
vt 0.787623 0.694946
vt 0.751888 0.707251
vt 0.287990 0.035744
vt 0.283818 0.035889
vt 0.279323 0.024762
vt 0.761293 0.121812
vt 0.472502 0.248045
vt 0.485439 0.958174
vt 0.620805 0.939622
vt 0.749597 0.665676
vt 0.306436 0.714369
vt 0.312620 0.723104
vt 0.972936 0.043137
vt 0.986796 0.046083
vt 0.970097 0.052602
vt 0.982013 0.428026
vt 0.937075 0.972616
vt 0.996417 0.341566
vt 0.994216 0.346407
vt 0.988546 0.343763
vt 0.047177 0.804914
vt 0.861020 0.506426
vt 0.850103 0.491407
vt 0.863351 0.491381
vt 0.971269 0.121105
vt 0.296272 0.018689
vt 0.219995 0.993698
vt 0.725240 0.664869
vt 0.729600 0.674922
vt 0.698141 0.964095
vt 0.671246 0.973317
vt 0.661758 0.950966
vt 0.141235 0.208949
vt 0.286170 0.026523
vt 0.965374 0.444523
vt 0.956581 0.428660
vt 0.972742 0.438926
vt 0.071973 0.107894
vt 0.064368 0.118754
vt 0.064476 0.082248
vt 0.320349 0.009500
vt 0.326871 0.008610
vt 0.326696 0.011941
vt 0.439241 0.620948
vt 0.444938 0.596728
vt 0.718372 0.271528
vt 0.744869 0.260201
vt 0.720730 0.301854
vt 0.313838 0.002648
vt 0.319095 0.009884
vt 0.310479 0.008299
vt 0.881088 0.918225
vt 0.854475 0.911541
vt 0.866245 0.908767
vt 0.089485 0.324799
vt 0.086875 0.311875
vt 0.088511 0.293174
vt 0.720883 0.493761
vt 0.745910 0.515490
vt 0.733378 0.522484
vt 0.368125 0.009480
vt 0.370051 0.003552
vt 0.372226 0.009194
vt 0.965409 0.998841
vt 0.844892 0.247139
vt 0.087915 0.055428
vt 0.094581 0.049835
vt 0.113087 0.054760
vt 0.999886 0.476266
vt 0.997637 0.489020
vt 0.997608 0.474889
vt 0.510673 0.575414
vt 0.753693 0.614734
vt 0.848445 0.505290
vt 0.604240 0.523127
vt 0.579066 0.496302
vt 0.992009 0.870998
vt 0.992009 0.854315
vt 0.993956 0.855240
vt 0.606428 0.039627
vt 0.921152 0.954145
vt 0.932520 0.953403
vt 0.691358 0.940847
vt 0.693876 0.916889
vt 0.695864 0.941462
vt 0.050277 0.177353
vt 0.060410 0.178080
vt 0.733942 0.199463
vt 0.744562 0.193331
vt 0.734478 0.212591
vt 0.715015 0.034401
vt 0.697916 0.031386
vt 0.717623 0.030261
vt 0.690892 0.947431
vt 0.988552 0.364716
vt 0.988544 0.357082
vt 0.991933 0.359703
vt 0.741914 0.694808
vt 0.222490 0.946082
vt 0.626822 0.949631
vt 0.583231 0.563215
vt 0.567467 0.575670
vt 0.585428 0.546367
vt 0.977156 0.147039
vt 0.986231 0.164740
vt 0.971664 0.163941
vt 0.597543 0.053960
vt 0.982627 0.309954
vt 0.987799 0.306967
vt 0.986823 0.325113
vt 0.135398 0.275108
vt 0.896894 0.099744
vt 0.495647 0.984197
vt 0.494173 0.988735
vt 0.493325 0.985598
vt 0.043676 0.047023
vt 0.034825 0.044907
vt 0.451105 0.215763
vt 0.454258 0.207916
vt 0.964929 0.875664
vt 0.964929 0.866975
vt 0.971941 0.873294
vt 0.334789 0.011546
vt 0.798939 0.984638
vt 0.798214 0.996639
vt 0.789370 0.997257
vt 0.469768 0.212740
vt 0.972281 0.254686
vt 0.972091 0.265593
vt 0.971266 0.253287
vt 0.075628 0.837261
vt 0.060177 0.169587
vt 0.961385 0.270425
vt 0.934273 0.364055
vt 0.928076 0.374788
vt 0.927882 0.345011
vt 0.936223 0.675337
vt 0.936223 0.705114
vt 0.933953 0.683820
vt 0.830503 0.350515
vt 0.808912 0.330691
vt 0.828918 0.325256
vt 0.995335 0.350363
vt 0.996165 0.740527
vt 0.998321 0.740527
vt 0.997598 0.752706
vt 0.068365 0.833332
vt 0.740896 0.324154
vt 0.783488 0.296139
vt 0.768378 0.321341
vt 0.912679 0.475378
vt 0.907986 0.460716
vt 0.968806 0.277540
vt 0.591051 0.018797
vt 0.608448 0.018797
vt 0.604483 0.023309
vt 0.999862 0.238928
vt 0.993070 0.226996
vt 0.999862 0.226660
vt 0.972807 0.100421
vt 0.972807 0.121634
vt 0.965539 0.100745
vt 0.058889 0.808307
vt 0.478505 0.217540
vt 0.326106 0.036922
vt 0.315436 0.033038
vt 0.326096 0.026236
vt 0.733655 0.299441
vt 0.853468 0.902448
vt 0.211495 0.947774
vt 0.979222 0.079770
vt 0.976503 0.075702
vt 0.988801 0.065383
vt 0.734661 0.533175
vt 0.545076 0.576637
vt 0.572210 0.540392
vt 0.572263 0.553046
vt 0.723271 0.742713
vt 0.066174 0.874345
vt 0.420807 0.447144
vt 0.416542 0.498767
vt 0.399004 0.462411
vt 0.115807 0.070148
vt 0.484747 0.219659
vt 0.936451 0.999473
vt 0.939529 0.990896
vt 0.944179 0.996351
vt 0.704125 0.925583
vt 0.712172 0.931977
vt 0.705358 0.934134
vt 0.836596 0.642864
vt 0.839416 0.980004
vt 0.839416 0.994933
vt 0.836774 0.983558
vt 0.548777 0.092385
vt 0.208839 0.949786
vt 0.038764 0.981597
vt 0.055631 0.991335
vt 0.033815 0.990829
vt 0.864099 0.638605
vt 0.954536 0.267185
vt 0.882040 0.930343
vt 0.842528 0.924450
vt 0.028185 0.003388
vt 0.021723 0.000375
vt 0.029906 0.000121
vt 0.067644 0.836657
vt 0.991115 0.238693
vt 0.745239 0.689245
vt 0.031137 0.402442
vt 0.035736 0.389805
vt 0.035913 0.413518
vt 0.999940 0.948685
vt 0.997052 0.945244
vt 0.999778 0.941540
vt 0.190737 0.445441
vt 0.907260 0.457924
vt 0.882201 0.627246
vt 0.030468 0.372447
vt 0.030253 0.382723
vt 0.975422 0.871686
vt 0.965247 0.855664
vt 0.973939 0.858749
vt 0.007737 0.221284
vt 0.010814 0.226836
vt 0.003221 0.221821
vt 0.622897 0.067190
vt 0.608889 0.070168
vt 0.623393 0.064496
vt 0.479986 0.205521
vt 0.496730 0.209924
vt 0.658297 0.348372
vt 0.994129 0.569183
vt 0.987985 0.562115
vt 0.999985 0.567250
vt 0.785991 0.988352
vt 0.787564 0.976678
vt 0.308314 0.705888
vt 0.933396 0.980373
vt 0.611979 0.520212
vt 0.860772 0.562093
vt 0.591434 0.531322
vt 0.713710 0.951515
vt 0.701187 0.958800
vt 0.803957 0.782138
vt 0.236834 0.948180
vt 0.989411 0.082988
vt 0.521540 0.596272
vt 0.010658 0.144591
vt 0.308733 0.026263
vt 0.307979 0.030692
vt 0.778849 0.322576
vt 0.356164 0.572041
vt 0.338030 0.581883
vt 0.014658 0.122357
vt 0.982087 0.185834
vt 0.982808 0.197672
vt 0.973636 0.201948
vt 0.763489 0.697628
vt 0.735230 0.233968
vt 0.749387 0.226459
vt 0.934747 0.325009
vt 0.934652 0.354690
vt 0.930514 0.349019
vt 0.403236 0.624964
vt 0.345317 0.626945
vt 0.363637 0.612750
vt 0.843122 0.928681
vt 0.929914 0.335728
vt 0.363106 0.706014
vt 0.381701 0.716750
vt 0.359623 0.711091
vt 0.379548 0.712992
vt 0.595153 0.069230
vt 0.600363 0.056148
vt 0.031467 0.742836
vt 0.010638 0.742836
vt 0.018893 0.738869
vt 0.737764 0.664156
vt 0.944448 0.598424
vt 0.994942 0.888811
vt 0.994942 0.905675
vt 0.993529 0.905315
vt 0.709796 0.932932
vt 0.985178 0.151002
vt 0.063753 0.840592
vt 0.049648 0.830065
vt 0.594319 0.048266
vt 0.594319 0.072035
vt 0.573600 0.050781
vt 0.724549 0.478148
vt 0.733883 0.479501
vt 0.999877 0.660848
vt 0.999877 0.673990
vt 0.997616 0.672183
vt 0.720862 0.956807
vt 0.712651 0.940210
vt 0.008900 0.907400
vt 0.008900 0.916660
vt 0.003130 0.908566
vt 0.599928 0.593498
vt 0.165786 0.432249
vt 0.182390 0.480270
vt 0.165786 0.477942
vt 0.674936 0.007715
vt 0.676053 0.018350
vt 0.667806 0.007738
vt 0.973910 0.184619
vt 0.983256 0.184016
vt 0.777587 0.775839
vt 0.187052 0.225750
vt 0.023270 0.161040
vt 0.011465 0.161352
vt 0.324823 0.089221
vt 0.334826 0.080828
vt 0.333228 0.116165
vt 0.744546 0.241370
vt 0.735551 0.234544
vt 0.017163 0.546689
vt 0.004093 0.516120
vt 0.011445 0.514287
vt 0.005256 0.522305
vt 0.935010 0.002025
vt 0.945692 0.002025
vt 0.944696 0.003489
vt 0.990956 0.219607
vt 0.993802 0.222999
vt 0.981636 0.222260
vt 0.269905 0.031547
vt 0.230609 0.034571
vt 0.234688 0.017855
vt 0.241572 0.033612
vt 0.988921 0.545894
vt 0.992870 0.556743
vt 0.988083 0.560372
vt 0.065161 0.918241
vt 0.338799 0.616849
vt 0.328026 0.641163
vt 0.324352 0.633933
vt 0.023746 0.934126
vt 0.022759 0.912858
vt 0.029873 0.925376
vt 0.999316 0.554125
vt 0.880513 0.742142
vt 0.998969 0.538460
vt 0.998969 0.551765
vt 0.987497 0.543151
vt 0.364135 0.731706
vt 0.341235 0.725549
vt 0.373799 0.716536
vt 0.789811 0.714042
vt 0.375253 0.431706
vt 0.382600 0.488869
vt 0.363153 0.479279
vt 0.757998 0.193476
vt 0.735208 0.155603
vt 0.754787 0.184279
vt 0.822674 0.312360
vt 0.011388 0.257037
vt 0.002710 0.250732
vt 0.012828 0.250908
vt 0.971698 0.443978
vt 0.349033 0.588384
vt 0.183816 0.983136
vt 0.167305 0.983310
vt 0.183200 0.981815
vt 0.722480 0.762075
vt 0.990631 0.086710
vt 0.994832 0.077702
vt 0.994647 0.092724
vt 0.012918 0.339894
vt 0.012918 0.351334
vt 0.005127 0.344126
vt 0.794629 0.777104
vt 0.353012 0.606091
vt 0.176658 0.030682
vt 0.186378 0.037488
vt 0.167005 0.036738
vt 0.009336 0.306382
vt 0.005720 0.316108
vt 0.005201 0.307887
vt 0.699823 0.966145
vt 0.701180 0.965006
vt 0.700938 0.969330
vt 0.136747 0.243764
vt 0.997479 0.240007
vt 0.207369 0.943768
vt 0.323098 0.725243
vt 0.327493 0.717041
vt 0.152524 0.981101
vt 0.317327 0.712565
vt 0.798464 0.700952
vt 0.987815 0.619038
vt 0.987815 0.637002
vt 0.981107 0.618631
vt 0.984443 0.540358
vt 0.982067 0.543189
vt 0.981973 0.523979
vt 0.388506 0.712062
vt 0.059391 0.822575
vt 0.069488 0.003724
vt 0.066696 0.012317
vt 0.063845 0.005396
vt 0.900089 0.959646
vt 0.898837 0.970590
vt 0.880661 0.968358
vt 0.994835 0.690347
vt 0.994835 0.706144
vt 0.991129 0.697904
vt 0.029550 0.914429
vt 0.309410 0.652129
vt 0.756437 0.771036
vt 0.709938 0.154665
vt 0.600059 0.548364
vt 0.627222 0.014923
vt 0.617170 0.007620
vt 0.629447 0.006630
vt 0.729695 0.944112
vt 0.410060 0.971127
vt 0.444075 0.971127
vt 0.427546 0.979249
vt 0.290564 0.994773
vt 0.269867 0.988048
vt 0.300559 0.996414
vt 0.234575 0.933389
vt 0.227447 0.944305
vt 0.204393 0.933554
vt 0.422121 0.087948
vt 0.439604 0.099270
vt 0.428033 0.106142
vt 0.906388 0.475575
vt 0.572226 0.282995
vt 0.579798 0.283396
vt 0.571316 0.292806
vt 0.680179 0.939571
vt 0.068129 0.968806
vt 0.976637 0.080414
vt 0.987273 0.083870
vt 0.977591 0.099536
vt 0.851614 0.023332
vt 0.851614 0.038936
vt 0.849169 0.022217
vt 0.348600 0.000028
vt 0.356663 0.000028
vt 0.354225 0.000974
vt 0.493072 0.924221
vt 0.651098 0.399153
vt 0.479856 0.616508
vt 0.492816 0.620818
vt 0.049183 0.837396
vt 0.952593 0.788967
vt 0.938033 0.768928
vt 0.953195 0.776781
vt 0.725774 0.467098
vt 0.733089 0.453169
vt 0.280213 0.996270
vt 0.249646 0.993595
vt 0.281181 0.992703
vt 0.999931 0.818538
vt 0.996560 0.815710
vt 0.999669 0.807527
vt 0.606013 0.539551
vt 0.796331 0.314554
vt 0.948020 0.827615
vt 0.951228 0.845806
vt 0.948358 0.853588
vt 0.945253 0.990001
vt 0.845630 0.027076
vt 0.753385 0.783423
vt 0.539007 0.278630
vt 0.536545 0.289586
vt 0.399255 0.715079
vt 0.759690 0.686733
vt 0.578055 0.588140
vt 0.181312 0.435098
vt 0.880343 0.277069
vt 0.898817 0.271804
vt 0.903116 0.287848
vt 0.689776 0.921921
vt 0.072614 0.292231
vt 0.336530 0.605584
vt 0.009095 0.316175
vt 0.459551 0.021355
vt 0.444710 0.016533
vt 0.457154 0.014234
vt 0.241545 0.943046
vt 0.832246 0.916713
vt 0.529090 0.584608
vt 0.535567 0.588221
vt 0.440035 0.120072
vt 0.383252 0.847747
vt 0.989027 0.356178
vt 0.982273 0.637509
vt 0.265611 0.010936
vt 0.255191 0.007550
vt 0.264189 0.003099
vt 0.834103 0.930635
vt 0.347766 0.717365
vt 0.335889 0.715013
vt 0.729627 0.650155
vt 0.598932 0.039537
vt 0.586961 0.031631
vt 0.594791 0.027511
vt 0.050515 0.841340
vt 0.316953 0.628833
vt 0.915846 0.706574
vt 0.915846 0.675882
vt 0.932275 0.687613
vt 0.766318 0.694050
vt 0.773693 0.982332
vt 0.194923 0.426000
vt 0.889281 0.934358
vt 0.899691 0.916328
vt 0.899271 0.957857
vt 0.470828 0.628279
vt 0.428535 0.709323
vt 0.412172 0.716318
vt 0.412310 0.711590
vt 0.539633 0.618579
vt 0.438424 0.707080
vt 0.446893 0.706475
vt 0.012414 0.865356
vt 0.009641 0.897047
vt 0.009792 0.862853
vt 0.742910 0.773091
vt 0.750072 0.780411
vt 0.012504 0.324211
vt 0.004539 0.324211
vt 0.004752 0.320400
vt 0.972857 0.661434
vt 0.970001 0.660102
vt 0.971986 0.639819
vt 0.048664 0.847767
vt 0.041243 0.852021
vt 0.890261 0.971235
vt 0.141156 0.074302
vt 0.139077 0.071333
vt 0.172702 0.074649
vt 0.766415 0.034389
vt 0.747147 0.034389
vt 0.746868 0.029270
vt 0.330947 0.706373
vt 0.904014 0.385097
vt 0.907569 0.398361
vt 0.903960 0.421419
vt 0.028627 0.895447
vt 0.507878 0.267236
vt 0.497983 0.291610
vt 0.491964 0.267645
vt 0.106445 0.863112
vt 0.115329 0.856165
vt 0.118177 0.871889
vt 0.520672 0.276656
vt 0.513419 0.287174
vt 0.241476 0.017559
vt 0.534349 0.632550
vt 0.757322 0.727078
vt 0.496474 0.039837
vt 0.519065 0.039837
vt 0.497019 0.045376
vt 0.880543 0.979403
vt 0.726753 0.999975
vt 0.715990 0.995627
vt 0.733634 0.990501
vt 0.212274 0.040670
vt 0.222363 0.047735
vt 0.200694 0.048051
vt 0.050430 0.937538
vt 0.403266 0.007955
vt 0.395731 0.007955
vt 0.396561 0.001568
vt 0.863320 0.977946
vt 0.868979 0.969145
vt 0.873075 0.979702
vt 0.999928 0.356588
vt 0.765732 0.231736
vt 0.784233 0.242231
vt 0.748108 0.245608
vt 0.664459 0.439459
vt 0.089597 0.274199
vt 0.381104 0.595866
vt 0.437458 0.612877
vt 0.990372 0.067412
vt 0.990041 0.056163
vt 0.995794 0.060950
vt 0.856597 0.003164
vt 0.853766 0.011874
vt 0.844657 0.004170
vt 0.160024 0.070213
vt 0.496845 0.987374
vt 0.502675 0.975632
vt 0.507412 0.984542
vt 0.128997 0.217024
vt 0.140707 0.190441
vt 0.133682 0.191407
vt 0.025071 0.985059
vt 0.742200 0.742686
vt 0.729846 0.753151
vt 0.724985 0.648163
vt 0.955421 0.562860
vt 0.942465 0.545121
vt 0.957701 0.531877
vt 0.616001 0.008578
vt 0.627427 0.016880
vt 0.609666 0.018991
vt 0.117848 0.984529
vt 0.136705 0.986005
vt 0.129633 0.994418
vt 0.826035 0.301283
vt 0.747036 0.208352
vt 0.753730 0.232990
vt 0.105401 0.994417
vt 0.772991 0.984053
vt 0.339163 0.706397
vt 0.826976 0.364883
vt 0.062862 0.657061
vt 0.054731 0.634511
vt 0.064567 0.627624
vt 0.884501 0.285783
vt 0.078899 0.165397
vt 0.068279 0.176186
vt 0.068408 0.161579
vt 0.436067 0.000554
vt 0.436999 0.007186
vt 0.430670 0.002261
vt 0.802488 0.949031
vt 0.795477 0.941244
vt 0.819980 0.941284
vt 0.925253 0.933148
vt 0.936612 0.917514
vt 0.934080 0.938140
vt 0.185841 0.217748
vt 0.728854 0.741460
vt 0.998153 0.787777
vt 0.996059 0.796849
vt 0.996186 0.785106
vt 0.980212 0.954286
vt 0.960640 0.954286
vt 0.975247 0.946466
vt 0.613873 0.615152
vt 0.590692 0.619813
vt 0.465584 0.047398
vt 0.465320 0.039820
vt 0.486560 0.047284
vt 0.698295 0.008676
vt 0.710728 0.008676
vt 0.707284 0.016888
vt 0.999931 0.785843
vt 0.041413 0.836673
vt 0.775139 0.265910
vt 0.987893 0.341866
vt 0.987893 0.360390
vt 0.984538 0.351737
vt 0.404303 0.718046
vt 0.278489 0.977260
vt 0.263346 0.962117
vt 0.304574 0.961086
vt 0.883526 0.295953
vt 0.432563 0.007967
vt 0.828091 0.102183
vt 0.849720 0.095193
vt 0.844794 0.104234
vt 0.040751 0.810758
vt 0.767211 0.065479
vt 0.764035 0.051313
vt 0.773692 0.058998
vt 0.868273 0.100617
vt 0.797899 0.280174
vt 0.800425 0.288689
vt 0.369802 0.523972
vt 0.401029 0.498652
vt 0.001847 0.063284
vt 0.001847 0.069548
vt 0.000158 0.067459
vt 0.202349 0.940949
vt 0.520639 0.987947
vt 0.515454 0.981085
vt 0.527216 0.980896
vt 0.746460 0.688157
vt 0.866457 0.093980
vt 0.594218 0.531611
vt 0.830816 0.112830
vt 0.303722 0.995818
vt 0.276310 0.988473
vt 0.308151 0.986639
vt 0.653225 0.978266
vt 0.631526 0.974907
vt 0.644352 0.960851
vt 0.185976 0.936703
vt 0.741468 0.917957
vt 0.760231 0.933291
vt 0.738034 0.937435
vt 0.949607 0.050086
vt 0.959666 0.061773
vt 0.950600 0.072578
vt 0.733143 0.928337
vt 0.753578 0.736558
vt 0.770777 0.733462
vt 0.952562 0.367000
vt 0.954055 0.376190
vt 0.941475 0.384051
vt 0.009352 0.933672
vt 0.003680 0.925865
vt 0.008709 0.922468
vt 0.956180 0.184668
vt 0.940569 0.185599
vt 0.945118 0.180199
vt 0.046631 0.805543
vt 0.183725 0.206494
vt 0.761325 0.221806
vt 0.788345 0.960780
vt 0.770997 0.953744
vt 0.901613 0.213779
vt 0.877334 0.196026
vt 0.896631 0.204408
vt 0.799880 0.264984
vt 0.163474 0.509230
vt 0.400305 0.805479
vt 0.400410 0.813062
vt 0.390034 0.812801
vt 0.372736 0.845474
vt 0.042556 0.848087
vt 0.041320 0.849297
vt 0.229853 0.980467
vt 0.243555 0.991964
vt 0.212085 0.983913
vt 0.756498 0.198617
vt 0.521794 0.975392
vt 0.559210 0.620718
vt 0.910506 0.926014
vt 0.651918 0.371998
vt 0.783312 0.728684
vt 0.995924 0.071156
vt 0.011480 0.317385
vt 0.012012 0.321713
vt 0.002525 0.318199
vt 0.959266 0.049226
vt 0.934676 0.446720
vt 0.928941 0.461288
vt 0.930321 0.446948
vt 0.790253 0.999776
vt 0.774158 0.998084
vt 0.774445 0.987191
vt 0.370351 0.563362
vt 0.418867 0.521347
vt 0.943741 0.468678
vt 0.926930 0.170712
vt 0.943146 0.166968
vt 0.919010 0.182405
vt 0.000218 0.063483
vt 0.000218 0.057319
vt 0.001787 0.060838
vt 0.023045 0.112365
vt 0.016412 0.106104
vt 0.023500 0.084290
vt 0.618174 0.953563
vt 0.063406 0.606599
vt 0.613884 0.652089
vt 0.189058 0.939016
vt 0.188541 0.986525
vt 0.197925 0.999440
vt 0.188645 0.999219
vt 0.933043 0.192733
vt 0.659824 0.048326
vt 0.670001 0.051437
vt 0.668458 0.070471
vt 0.764819 0.230851
vt 0.113787 0.846408
vt 0.117851 0.840686
vt 0.678093 0.013502
vt 0.674710 0.003089
vt 0.684187 0.003039
vt 0.916935 0.128520
vt 0.926767 0.135404
vt 0.916842 0.161706
vt 0.992910 0.106977
vt 0.984032 0.119196
vt 0.986776 0.106367
vt 0.129626 0.173758
vt 0.843355 0.075783
vt 0.864450 0.085620
vt 0.830287 0.085396
vt 0.483499 0.031297
vt 0.494298 0.038859
vt 0.476834 0.039379
vt 0.845586 0.113191
vt 0.386887 0.488638
vt 0.586532 0.024623
vt 0.112559 0.841786
vt 0.987737 0.478468
vt 0.983691 0.467352
vt 0.987288 0.459376
vt 0.616967 0.988045
vt 0.616967 0.996758
vt 0.612105 0.996917
vt 0.959791 0.560179
vt 0.197820 0.212936
vt 0.749941 0.479898
vt 0.070303 0.308216
vt 0.886112 0.237558
vt 0.878591 0.211921
vt 0.504088 0.902369
vt 0.504088 0.913255
vt 0.479137 0.898051
vt 0.844656 0.305693
vt 0.932942 0.475085
vt 0.452196 0.973950
vt 0.494170 0.973950
vt 0.482047 0.975424
vt 0.074946 0.310748
vt 0.929180 0.752786
vt 0.917302 0.736483
vt 0.927849 0.745238
vt 0.623207 0.555003
vt 0.753920 0.944292
vt 0.987940 0.146331
vt 0.972962 0.146331
vt 0.980195 0.128356
vt 0.784187 0.741334
vt 0.042177 0.474912
vt 0.063244 0.471197
vt 0.071107 0.475670
vt 0.383911 0.584013
vt 0.759758 0.758342
vt 0.265856 0.101737
vt 0.253396 0.088951
vt 0.270006 0.088962
vt 0.973399 0.915735
vt 0.956927 0.903768
vt 0.972305 0.888776
vt 0.929064 0.903465
vt 0.949726 0.361036
vt 0.800350 0.249414
vt 0.757191 0.498630
vt 0.759548 0.206607
vt 0.009221 0.993798
vt 0.017134 0.993106
vt 0.011865 0.999876
vt 0.997437 0.133150
vt 0.997437 0.144140
vt 0.995799 0.130547
vt 0.511697 0.973456
vt 0.113584 0.033253
vt 0.104233 0.025483
vt 0.113160 0.025167
vt 0.939138 0.223323
vt 0.937042 0.214245
vt 0.958475 0.214838
vt 0.009451 0.194452
vt 0.009253 0.183161
vt 0.018316 0.195285
vt 0.098446 0.038492
vt 0.783023 0.063092
vt 0.787845 0.051605
vt 0.114489 0.836845
vt 0.657515 0.965248
vt 0.827060 0.131562
vt 0.798655 0.150171
vt 0.826624 0.119349
vt 0.959210 0.642766
vt 0.959210 0.666006
vt 0.944549 0.658925
vt 0.999862 0.839170
vt 0.998691 0.847503
vt 0.996629 0.847546
vt 0.581735 0.958443
vt 0.559654 0.959245
vt 0.557809 0.952359
vt 0.999752 0.985657
vt 0.999752 0.991787
vt 0.996238 0.989610
vt 0.584869 0.949878
vt 0.899187 0.264239
vt 0.883201 0.262620
vt 0.874358 0.254373
vt 0.226087 0.991594
vt 0.964387 0.999990
vt 0.945889 0.999990
vt 0.957794 0.976953
vt 0.495597 0.034361
vt 0.958697 0.208256
vt 0.001041 0.950537
vt 0.004005 0.946457
vt 0.010488 0.951287
vt 0.576495 0.969421
vt 0.138435 0.179109
vt 0.987935 0.183323
vt 0.970460 0.183323
vt 0.984291 0.167555
vt 0.266509 0.083140
vt 0.256800 0.088087
vt 0.265894 0.062790
vt 0.187542 0.716574
vt 0.192453 0.746819
vt 0.178102 0.753343
vt 0.538876 0.982057
vt 0.551956 0.973623
vt 0.561100 0.982768
vt 0.054037 0.084843
vt 0.050782 0.093787
vt 0.043704 0.082456
vt 0.955267 0.378521
vt 0.953171 0.388338
vt 0.256878 0.101820
vt 0.067344 0.014301
vt 0.077342 0.011078
vt 0.080024 0.014274
vt 0.601485 0.644069
vt 0.737127 0.048045
vt 0.716507 0.048045
vt 0.719027 0.037168
vt 0.571802 0.635331
vt 0.580918 0.645590
vt 0.624842 0.564214
vt 0.176739 0.516624
vt 0.759044 0.750847
vt 0.043476 0.075845
vt 0.028866 0.068090
vt 0.041963 0.067265
vt 0.967704 0.721822
vt 0.960676 0.722513
vt 0.964188 0.716801
vt 0.029568 0.079603
vt 0.871940 0.265472
vt 0.748924 0.457039
vt 0.959005 0.072184
vt 0.390791 0.803607
vt 0.070273 0.006752
vt 0.386857 0.528068
vt 0.040304 0.093249
vt 0.543940 0.951869
vt 0.119689 0.836860
vt 0.537879 0.974315
vt 0.083942 0.091107
vt 0.096607 0.079319
vt 0.096418 0.082371
vt 0.969080 0.371727
vt 0.967181 0.376199
vt 0.961079 0.366572
vt 0.946435 0.968271
vt 0.954972 0.953484
vt 0.955821 0.977343
vt 0.465729 0.897272
vt 0.478432 0.912361
vt 0.457006 0.903956
vt 0.886879 0.294650
vt 0.914963 0.879096
vt 0.927071 0.872910
vt 0.919929 0.879972
vt 0.012591 0.119219
vt 0.935675 0.373527
vt 0.935675 0.403415
vt 0.927483 0.375881
vt 0.048736 0.101053
vt 0.540945 0.968236
vt 0.045784 0.079545
vt 0.044756 0.073715
vt 0.052499 0.080074
vt 0.383639 0.567725
vt 0.054433 0.102374
vt 0.485633 0.286654
vt 0.470370 0.265174
vt 0.816589 0.147853
vt 0.753772 0.524240
vt 0.942482 0.919201
vt 0.937958 0.917414
vt 0.944266 0.893872
vt 0.794696 0.322586
vt 0.834146 0.125067
vt 0.858708 0.251320
vt 0.079090 0.192258
vt 0.050620 0.117043
vt 0.123613 0.818713
vt 0.130661 0.812058
vt 0.125416 0.836198
vt 0.447895 0.377716
vt 0.423053 0.379476
vt 0.443543 0.371688
vt 0.412468 0.114486
vt 0.407137 0.105942
vt 0.427500 0.116282
vt 0.870221 0.107034
vt 0.873162 0.115034
vt 0.958341 0.146799
vt 0.956351 0.146260
vt 0.955986 0.135835
vt 0.044222 0.110446
vt 0.401307 0.531559
vt 0.952670 0.690940
vt 0.945115 0.714193
vt 0.940563 0.690820
vt 0.875750 0.099530
vt 0.881346 0.089442
vt 0.899572 0.097942
vt 0.941683 0.754615
vt 0.941405 0.175674
vt 0.972900 0.377728
vt 0.962064 0.389318
vt 0.955421 0.387266
vt 0.130899 0.870594
vt 0.990545 0.916893
vt 0.994919 0.914854
vt 0.993846 0.931763
vt 0.396584 0.393515
vt 0.828542 0.046207
vt 0.833844 0.055391
vt 0.824326 0.043792
vt 0.195936 0.204430
vt 0.685874 0.048719
vt 0.669702 0.050419
vt 0.686188 0.038303
vt 0.988528 0.143785
vt 0.352540 0.395026
vt 0.659965 0.981031
vt 0.665434 0.985620
vt 0.659879 0.997415
vt 0.862834 0.089833
vt 0.738804 0.769057
vt 0.991071 0.760814
vt 0.990144 0.744951
vt 0.992614 0.752064
vt 0.957532 0.123376
vt 0.965818 0.127434
vt 0.971332 0.635873
vt 0.962001 0.635873
vt 0.970396 0.620010
vt 0.024363 0.999608
vt 0.251798 0.107114
vt 0.034758 0.752445
vt 0.051390 0.753009
vt 0.042149 0.759836
vt 0.195581 0.106726
vt 0.198331 0.084661
vt 0.212895 0.082354
vt 0.057253 0.089123
vt 0.057500 0.062256
vt 0.981093 0.718468
vt 0.987829 0.718468
vt 0.982288 0.734290
vt 0.799502 0.984272
vt 0.799502 0.980139
vt 0.802001 0.981301
vt 0.015203 0.079441
vt 0.139556 0.863204
vt 0.131698 0.876664
vt 0.252887 0.120861
vt 0.931924 0.891826
vt 0.814570 0.169958
vt 0.015171 0.068551
vt 0.369433 0.560761
vt 0.578509 0.085482
vt 0.613294 0.082439
vt 0.615475 0.085982
vt 0.104005 0.977311
vt 0.078757 0.968121
vt 0.119740 0.966549
vt 0.106787 0.836922
vt 0.402627 0.112872
vt 0.999362 0.753122
vt 0.999362 0.765174
vt 0.996127 0.754702
vt 0.163198 0.751534
vt 0.165784 0.714695
vt 0.952147 0.716264
vt 0.777336 0.231626
vt 0.905330 0.367952
vt 0.907702 0.354499
vt 0.906393 0.390864
vt 0.604493 0.018013
vt 0.590494 0.018013
vt 0.603887 0.012168
vt 0.725716 0.937617
vt 0.712951 0.930561
vt 0.150581 0.871495
vt 0.153190 0.862763
vt 0.932413 0.905520
vt 0.585606 0.234983
vt 0.577083 0.248640
vt 0.573924 0.244644
vt 0.256677 0.122578
vt 0.565559 0.039776
vt 0.588325 0.039776
vt 0.573493 0.046439
vt 0.168328 0.986318
vt 0.152658 0.994340
vt 0.155602 0.988562
vt 0.766138 0.533673
vt 0.853549 0.307247
vt 0.858969 0.305328
vt 0.960863 0.560277
vt 0.959981 0.541782
vt 0.964195 0.551121
vt 0.976852 0.365766
vt 0.969604 0.364223
vt 0.976596 0.345011
vt 0.087956 0.047584
vt 0.076390 0.031666
vt 0.094018 0.043321
vt 0.950528 0.724647
vt 0.944352 0.747366
vt 0.760432 0.197200
vt 0.766465 0.182994
vt 0.775891 0.187087
vt 0.246688 0.944441
vt 0.232700 0.937919
vt 0.252512 0.934467
vt 0.933919 0.475994
vt 0.955304 0.465185
vt 0.939857 0.483071
vt 0.357712 0.405968
vt 0.261798 0.931513
vt 0.758971 0.325213
vt 0.778853 0.323744
vt 0.472698 0.867478
vt 0.462720 0.859461
vt 0.483572 0.862624
vt 0.795411 0.135996
vt 0.989765 0.203062
vt 0.989174 0.199510
vt 0.999799 0.199510
vt 0.151997 0.873656
vt 0.166509 0.866711
vt 0.452908 0.867979
vt 0.046205 0.925990
vt 0.343317 0.437046
vt 0.339325 0.424489
vt 0.377990 0.568795
vt 0.447715 0.359723
vt 0.444184 0.370944
vt 0.986873 0.736669
vt 0.382928 0.380193
vt 0.449797 0.911839
vt 0.193449 0.943702
vt 0.163589 0.942259
vt 0.184020 0.937100
vt 0.263901 0.940673
vt 0.068902 0.194287
vt 0.149651 0.836002
vt 0.145727 0.987243
vt 0.880562 0.313220
vt 0.118063 0.089458
vt 0.891882 0.013799
vt 0.885306 0.004748
vt 0.896649 0.006265
vt 0.721688 0.173943
vt 0.731500 0.178965
vt 0.715559 0.197797
vt 0.992357 0.203998
vt 0.857467 0.120669
vt 0.965776 0.541807
vt 0.136935 0.985109
vt 0.761802 0.205642
vt 0.776858 0.208802
vt 0.059204 0.992547
vt 0.061726 0.995775
vt 0.046304 0.993323
vt 0.032389 0.310595
vt 0.030268 0.322621
vt 0.031251 0.281890
vt 0.962659 0.538971
vt 0.068454 0.988848
vt 0.097545 0.031614
vt 0.971347 0.539157
vt 0.994818 0.748921
vt 0.022294 0.754904
vt 0.790190 0.932453
vt 0.888187 0.313660
vt 0.931504 0.768609
vt 0.943790 0.793560
vt 0.936978 0.792318
vt 0.931426 0.288043
vt 0.926818 0.287640
vt 0.936842 0.274058
vt 0.965779 0.614754
vt 0.268202 0.939136
vt 0.930897 0.797807
vt 0.081301 0.094285
vt 0.103480 0.098408
vt 0.081301 0.099110
vt 0.189311 0.686395
vt 0.175168 0.686554
vt 0.104066 0.095009
vt 0.777297 0.178045
vt 0.771408 0.162854
vt 0.002535 0.110035
vt 0.012001 0.106959
vt 0.011049 0.113091
vt 0.196992 0.834285
vt 0.195335 0.853227
vt 0.168379 0.835514
vt 0.394105 0.102289
vt 0.764008 0.165546
vt 0.567885 0.974032
vt 0.172611 0.853755
vt 0.760769 0.476620
vt 0.768055 0.491077
vt 0.075500 0.983172
vt 0.989360 0.224352
vt 0.979062 0.238526
vt 0.981136 0.223128
vt 0.996106 0.801738
vt 0.996953 0.811423
vt 0.996029 0.812799
vt 0.222481 0.837334
vt 0.219179 0.852063
vt 0.613076 0.070759
vt 0.602121 0.082502
vt 0.602409 0.071318
vt 0.120704 0.093872
vt 0.945059 0.871343
vt 0.953839 0.877905
vt 0.944874 0.881967
vt 0.627047 0.883939
vt 0.620067 0.885844
vt 0.626269 0.877908
vt 0.811769 0.055456
vt 0.163043 0.853936
vt 0.156466 0.839190
vt 0.167105 0.697172
vt 0.945078 0.715955
vt 0.665072 0.982760
vt 0.659228 0.978678
vt 0.665003 0.970430
vt 0.597393 0.076670
vt 0.568908 0.081693
vt 0.562507 0.075200
vt 0.683515 0.914750
vt 0.642799 0.913277
vt 0.680407 0.906210
vt 0.969166 0.347123
vt 0.443532 0.854098
vt 0.009664 0.989768
vt 0.011235 0.978364
vt 0.015691 0.966122
vt 0.281585 0.945179
vt 0.017404 0.988758
vt 0.591881 0.012039
vt 0.394448 0.553165
vt 0.392632 0.566931
vt 0.878497 0.307476
vt 0.867299 0.313941
vt 0.881556 0.291245
vt 0.629755 0.071368
vt 0.640403 0.082016
vt 0.610223 0.081655
vt 0.353290 0.381527
vt 0.613417 0.078378
vt 0.404628 0.986282
vt 0.420466 0.981955
vt 0.412024 0.992941
vt 0.887530 0.319984
vt 0.901186 0.323900
vt 0.876693 0.340013
vt 0.489351 0.298283
vt 0.640402 0.897981
vt 0.673508 0.895999
vt 0.627954 0.070357
vt 0.752288 0.446778
vt 0.714335 0.944700
vt 0.370141 0.850617
vt 0.597947 0.008553
vt 0.467546 0.059310
vt 0.469023 0.076188
vt 0.455641 0.056143
vt 0.968425 0.544824
vt 0.652443 0.023376
vt 0.634775 0.023376
vt 0.652207 0.021736
vt 0.917017 0.264503
vt 0.917017 0.250713
vt 0.926592 0.269733
vt 0.056549 0.470272
vt 0.034390 0.469099
vt 0.041242 0.463135
vt 0.961494 0.365340
vt 0.054475 0.460831
vt 0.872834 0.296576
vt 0.019250 0.019115
vt 0.030575 0.022327
vt 0.029928 0.025998
vt 0.016634 0.470497
vt 0.017113 0.461422
vt 0.359304 0.063906
vt 0.378428 0.058781
vt 0.358637 0.068484
vt 0.459933 0.072899
vt 0.771920 0.149106
vt 0.962419 0.014365
vt 0.952527 0.007179
vt 0.962761 0.006186
vt 0.132359 0.170044
vt 0.393377 0.984480
vt 0.398403 0.999948
vt 0.392073 0.999981
vt 0.884435 0.015506
vt 0.884270 0.006060
vt 0.891670 0.015995
vt 0.770337 0.497603
vt 0.922084 0.282472
vt 0.007444 0.479143
vt 0.004161 0.477248
vt 0.013383 0.477345
vt 0.748713 0.999450
vt 0.732490 0.999450
vt 0.734815 0.990525
vt 0.036390 0.019910
vt 0.263013 0.027811
vt 0.261652 0.043367
vt 0.243754 0.027946
vt 0.625204 0.067874
vt 0.933984 0.987086
vt 0.937609 0.993366
vt 0.910511 0.992315
vt 0.926094 0.249859
vt 0.996012 0.822200
vt 0.996463 0.817054
vt 0.996469 0.828058
vt 0.768930 0.136805
vt 0.969373 0.553661
vt 0.942681 0.879183
vt 0.597033 0.262891
vt 0.330492 0.370449
vt 0.053296 0.911967
vt 0.036072 0.019256
vt 0.870838 0.792993
vt 0.906606 0.792993
vt 0.884660 0.803999
vt 0.480144 0.854775
vt 0.623740 0.230588
vt 0.632192 0.238963
vt 0.610770 0.251205
vt 0.473292 0.300664
vt 0.876618 0.069083
vt 0.847693 0.069083
vt 0.868863 0.067258
vt 0.728688 0.203846
vt 0.385533 0.109058
vt 0.938730 0.880261
vt 0.937719 0.886426
vt 0.929871 0.880969
vt 0.829739 0.079072
vt 0.844102 0.070513
vt 0.845095 0.074082
vt 0.458378 0.829760
vt 0.596823 0.878799
vt 0.588411 0.891014
vt 0.565232 0.262465
vt 0.573102 0.266456
vt 0.712906 0.018166
vt 0.729199 0.018166
vt 0.713854 0.028952
vt 0.743049 0.737078
vt 0.213942 0.076733
vt 0.617678 0.019609
vt 0.625524 0.020993
vt 0.608060 0.020782
vt 0.938782 0.765271
vt 0.108762 0.011912
vt 0.095249 0.011912
vt 0.095913 0.009642
vt 0.806660 0.182402
vt 0.330714 0.451769
vt 0.015188 0.890711
vt 0.015800 0.877292
vt 0.026156 0.880657
vt 0.161431 0.673725
vt 0.868238 0.351027
vt 0.874736 0.357209
vt 0.363927 0.825124
vt 0.373610 0.824244
vt 0.425847 0.987062
vt 0.738741 0.068340
vt 0.762898 0.069599
vt 0.763315 0.081535
vt 0.713906 0.218616
vt 0.882444 0.343578
vt 0.012748 0.828973
vt 0.010663 0.822155
vt 0.024926 0.827044
vt 0.134295 0.340849
vt 0.127216 0.366744
vt 0.126021 0.355536
vt 0.736936 0.072735
vt 0.445956 0.075035
vt 0.399857 0.088731
vt 0.932186 0.504667
vt 0.920552 0.501626
vt 0.906133 0.476653
vt 0.957577 0.586788
vt 0.957577 0.563086
vt 0.959717 0.569619
vt 0.647287 0.250184
vt 0.924021 0.480175
vt 0.773118 0.939025
vt 0.395347 0.041079
vt 0.375580 0.041079
vt 0.392992 0.032104
vt 0.442255 0.056855
vt 0.948506 0.821964
vt 0.951745 0.813063
vt 0.951122 0.839067
vt 0.822106 0.070708
vt 0.905611 0.731927
vt 0.910693 0.753826
vt 0.895811 0.758377
vt 0.016968 0.235186
vt 0.012308 0.249526
vt 0.008596 0.236208
vt 0.312004 0.348887
vt 0.943665 0.870223
vt 0.962672 0.854726
vt 0.964187 0.872018
vt 0.918794 0.764987
vt 0.931094 0.473779
vt 0.066684 0.048435
vt 0.065840 0.038783
vt 0.086541 0.047457
vt 0.949489 0.896576
vt 0.010575 0.138192
vt 0.006056 0.136723
vt 0.012490 0.127472
vt 0.989261 0.409556
vt 0.992251 0.418339
vt 0.986040 0.420120
vt 0.039734 0.017432
vt 0.024712 0.017432
vt 0.039949 0.013646
vt 0.733062 0.209892
vt 0.721055 0.226170
vt 0.909463 0.486863
vt 0.127850 0.340331
vt 0.010437 0.949316
vt 0.002595 0.943619
vt 0.008748 0.936398
vt 0.029328 0.890714
vt 0.948240 0.860828
vt 0.905408 0.494821
vt 0.566938 0.879208
vt 0.077253 0.042045
vt 0.915217 0.737295
vt 0.114557 0.041224
vt 0.118095 0.047352
vt 0.096441 0.047498
vt 0.469968 0.310766
vt 0.776383 0.483058
vt 0.784380 0.484156
vt 0.558529 0.265467
vt 0.954683 0.490204
vt 0.126702 0.019132
vt 0.114947 0.026463
vt 0.110391 0.018571
vt 0.244443 0.042303
vt 0.324567 0.449883
vt 0.252224 0.014443
vt 0.252224 0.008113
vt 0.265069 0.011967
vt 0.384722 0.069539
vt 0.397458 0.087965
vt 0.393064 0.100250
vt 0.385898 0.101130
vt 0.104803 0.321722
vt 0.115184 0.315370
vt 0.692065 0.903614
vt 0.815473 0.010743
vt 0.813385 0.011853
vt 0.811094 0.004578
vt 0.017492 0.027769
vt 0.016978 0.042494
vt 0.011581 0.026678
vt 0.321556 0.136339
vt 0.311357 0.127474
vt 0.325093 0.124599
vt 0.167239 0.862246
vt 0.941076 0.854298
vt 0.052913 0.170140
vt 0.037223 0.170697
vt 0.032616 0.166831
vt 0.847568 0.062282
vt 0.836611 0.062660
vt 0.443550 0.827259
vt 0.002733 0.410152
vt 0.011803 0.413099
vt 0.004441 0.419923
vt 0.029463 0.165117
vt 0.025783 0.171224
vt 0.929832 0.533135
vt 0.924619 0.550189
vt 0.914455 0.524304
vt 0.426413 0.857562
vt 0.430336 0.851824
vt 0.209689 0.035421
vt 0.213735 0.031380
vt 0.226902 0.029529
vt 0.380769 0.092296
vt 0.867743 0.331074
vt 0.107837 0.307943
vt 0.969058 0.855153
vt 0.973858 0.846839
vt 0.979313 0.855904
vt 0.335693 0.132815
vt 0.973421 0.293414
vt 0.970192 0.303352
vt 0.969118 0.284960
vt 0.433969 0.978989
vt 0.406359 0.984447
vt 0.394445 0.977568
vt 0.424475 0.979588
vt 0.927716 0.258824
vt 0.613492 0.276726
vt 0.083095 0.534569
vt 0.084927 0.559187
vt 0.080149 0.543003
vt 0.133187 0.312817
vt 0.659819 0.952579
vt 0.114523 0.032056
vt 0.134015 0.336428
vt 0.978640 0.836327
vt 0.668592 0.970499
vt 0.467320 0.306566
vt 0.744127 0.007909
vt 0.740084 0.004972
vt 0.742862 0.003118
vt 0.131408 0.332364
vt 0.162723 0.933491
vt 0.409886 0.972446
vt 0.635505 0.990578
vt 0.647376 0.990528
vt 0.647376 0.999447
vt 0.974044 0.836506
vt 0.881573 0.327809
vt 0.313619 0.479684
vt 0.743831 0.246878
vt 0.718363 0.232029
vt 0.365866 0.847269
vt 0.813942 0.003686
vt 0.070716 0.213358
vt 0.711382 0.225371
vt 0.298893 0.110778
vt 0.964936 0.035233
vt 0.959639 0.047519
vt 0.951679 0.038678
vt 0.578528 0.023457
vt 0.586828 0.017645
vt 0.595908 0.023185
vt 0.741134 0.255663
vt 0.687846 0.892163
vt 0.972753 0.039433
vt 0.656791 0.271386
vt 0.821648 0.194937
vt 0.672069 0.887756
vt 0.935670 0.547990
vt 0.950055 0.048680
vt 0.930327 0.295967
vt 0.935176 0.323464
vt 0.929987 0.325587
vt 0.961416 0.304514
vt 0.035537 0.742224
vt 0.017616 0.737422
vt 0.047927 0.718038
vt 0.966754 0.058501
vt 0.996416 0.420289
vt 0.054153 0.696263
vt 0.058463 0.689604
vt 0.054996 0.703860
vt 0.368325 0.807598
vt 0.639264 0.888404
vt 0.034898 0.872248
vt 0.433945 0.834723
vt 0.420187 0.855964
vt 0.005038 0.879568
vt 0.008890 0.875715
vt 0.008997 0.885187
vt 0.145398 0.942608
vt 0.394072 0.972627
vt 0.068692 0.543181
vt 0.704416 0.078619
vt 0.705710 0.071283
vt 0.720303 0.082070
vt 0.986895 0.385283
vt 0.983146 0.377315
vt 0.986895 0.377043
vt 0.999926 0.695006
vt 0.997568 0.691638
vt 0.999278 0.681937
vt 0.219854 0.024729
vt 0.438872 0.026141
vt 0.448540 0.039085
vt 0.438177 0.029408
vt 0.938471 0.563835
vt 0.938471 0.535914
vt 0.944235 0.553898
vt 0.838413 0.056282
vt 0.813837 0.071036
vt 0.812214 0.056282
vt 0.624303 0.998467
vt 0.624759 0.990853
vt 0.646226 0.289701
vt 0.981971 0.490418
vt 0.987453 0.480924
vt 0.986764 0.500029
vt 0.013727 0.718530
vt 0.047384 0.702388
vt 0.987856 0.792987
vt 0.985032 0.807515
vt 0.977057 0.806608
vt 0.987902 0.428539
vt 0.960431 0.576937
vt 0.960707 0.561124
vt 0.972902 0.559905
vt 0.444226 0.022569
vt 0.039950 0.858153
vt 0.032139 0.855151
vt 0.926046 0.520488
vt 0.014595 0.703582
vt 0.964577 0.247311
vt 0.967879 0.256384
vt 0.954427 0.244131
vt 0.158462 0.037933
vt 0.159235 0.040816
vt 0.153393 0.038811
vt 0.098113 0.583226
vt 0.075898 0.571296
vt 0.871187 0.344845
vt 0.853645 0.024953
vt 0.855953 0.014091
vt 0.861142 0.029017
vt 0.706224 0.054455
vt 0.704545 0.072609
vt 0.700096 0.065070
vt 0.826296 0.066672
vt 0.675557 0.276639
vt 0.668756 0.281477
vt 0.359921 0.810148
vt 0.698004 0.048695
vt 0.626254 0.294863
vt 0.360519 0.825769
vt 0.673954 0.266759
vt 0.727601 0.265656
vt 0.982189 0.513068
vt 0.982189 0.493950
vt 0.987235 0.503670
vt 0.703353 0.238571
vt 0.704582 0.259285
vt 0.138510 0.036298
vt 0.138988 0.051923
vt 0.987280 0.366597
vt 0.002165 0.142243
vt 0.010366 0.139578
vt 0.003484 0.146136
vt 0.380725 0.108170
vt 0.385246 0.106233
vt 0.080662 0.579130
vt 0.658782 0.017888
vt 0.666720 0.008550
vt 0.666738 0.017749
vt 0.662488 0.915470
vt 0.693729 0.915606
vt 0.678190 0.924536
vt 0.063476 0.680010
vt 0.065026 0.699420
vt 0.663419 0.287270
vt 0.955013 0.266646
vt 0.904978 0.766820
vt 0.059316 0.447846
vt 0.039126 0.427269
vt 0.066137 0.426851
vt 0.059831 0.411079
vt 0.643671 0.304657
vt 0.630634 0.310489
vt 0.907239 0.286951
vt 0.915631 0.291602
vt 0.888880 0.298655
vt 0.689252 0.262987
vt 0.717633 0.070922
vt 0.888888 0.312548
vt 0.042784 0.446298
vt 0.056351 0.457593
vt 0.067438 0.578245
vt 0.066298 0.574031
vt 0.002651 0.491721
vt 0.002651 0.482214
vt 0.011886 0.490009
vt 0.013787 0.884853
vt 0.013787 0.911137
vt 0.009772 0.900948
vt 0.380486 0.120557
vt 0.314238 0.067026
vt 0.307817 0.060606
vt 0.314131 0.045254
vt 0.076946 0.656288
vt 0.088008 0.687510
vt 0.056273 0.658519
vt 0.974010 0.913152
vt 0.984386 0.898870
vt 0.982574 0.916167
vt 0.074801 0.692049
vt 0.973532 0.533734
vt 0.962024 0.517895
vt 0.977826 0.518014
vt 0.055917 0.711632
vt 0.002615 0.439693
vt 0.010857 0.433704
vt 0.011420 0.442987
vt 0.637266 0.323907
vt 0.663406 0.926114
vt 0.656236 0.322179
vt 0.734114 0.027971
vt 0.717515 0.027971
vt 0.733460 0.020650
vt 0.697786 0.072228
vt 0.294936 0.038398
vt 0.301054 0.029661
vt 0.300813 0.049036
vt 0.662118 0.312574
vt 0.442163 0.044978
vt 0.455366 0.039640
vt 0.454064 0.047077
vt 0.675053 0.020021
vt 0.732677 0.070311
vt 0.931459 0.816549
vt 0.940188 0.831670
vt 0.930989 0.844102
vt 0.012616 0.537078
vt 0.016372 0.548636
vt 0.006184 0.539191
vt 0.274027 0.049471
vt 0.269190 0.041420
vt 0.283861 0.039646
vt 0.548310 0.023494
vt 0.540833 0.020773
vt 0.548296 0.014601
vt 0.464604 0.046556
vt 0.054642 0.027856
vt 0.050793 0.018788
vt 0.070009 0.021965
vt 0.649866 0.326304
vt 0.959322 0.274166
vt 0.957095 0.281020
vt 0.937419 0.271862
vt 0.975960 0.874938
vt 0.975960 0.857393
vt 0.989454 0.868365
vt 0.532893 0.017416
vt 0.962995 0.886448
vt 0.954066 0.885700
vt 0.954898 0.873800
vt 0.263197 0.032735
vt 0.282598 0.036767
vt 0.064684 0.018259
vt 0.955961 0.900636
vt 0.968240 0.890919
vt 0.095710 0.696182
vt 0.289685 0.036788
vt 0.644116 0.914487
vt 0.103241 0.696366
s 1
usemtl Material
f 2724/1/1 2730/2/2 2722/3/3
f 2725/4/4 2724/5/4 2722/6/4
f 2730/2/2 2723/7/5 2722/3/3
f 2724/8/1 2725/9/6 2799/10/7
f 2730/2/2 2726/11/8 2727/12/9
f 2731/13/10 2728/14/11 2729/15/12
f 2723/7/5 2730/2/2 2727/12/9
f 2730/16/2 2738/17/13 2726/18/8
f 2731/19/10 2738/20/13 2728/21/11
f 2730/16/2 2724/8/1 2738/17/13
f 2724/8/1 2729/15/12 2728/14/11
f 2725/22/6 2722/3/3 2732/23/14
f 2724/8/1 2728/14/11 2738/17/13
f 2729/15/12 2733/24/15 2731/13/10
f 2724/8/1 2799/10/7 2729/15/12
f 2722/3/3 2723/7/5 2732/23/14
f 2725/25/6 2732/26/14 2734/27/16
f 2729/15/12 2799/10/7 2735/28/17
f 2738/29/13 2736/30/18 2726/31/8
f 2737/32/19 2738/33/13 2731/34/10
f 2732/23/14 2723/7/5 2800/35/20
f 2799/36/7 2725/25/6 2734/27/16
f 2729/15/12 2656/37/21 2659/38/22
f 2727/12/9 2745/39/23 2723/7/5
f 2800/35/20 2723/7/5 2745/39/23
f 2732/26/14 2800/40/20 2734/27/16
f 2727/41/9 2726/42/8 2739/43/24
f 2729/15/12 2659/38/22 2733/24/15
f 2738/33/13 2737/32/19 2740/44/25
f 2745/39/23 2727/12/9 2741/45/26
f 2736/30/18 2738/29/13 2763/46/27
f 2733/47/15 2737/48/19 2731/49/10
f 2738/29/13 2740/50/25 2763/46/27
f 2727/51/9 2739/52/24 2741/53/26
f 2729/15/12 2735/28/17 2656/37/21
f 2799/36/7 2734/27/16 2735/54/17
f 2741/45/26 2764/55/28 2745/39/23
f 2734/27/16 2742/56/29 2735/54/17
f 2733/47/15 2743/57/30 2737/48/19
f 2737/58/19 2760/59/31 2763/60/27
f 2800/61/20 2757/62/32 2734/27/16
f 2739/52/24 2744/63/33 2741/53/26
f 2726/42/8 2736/64/18 2739/43/24
f 2800/65/20 2745/66/23 2746/67/34
f 2760/68/31 2737/48/19 2747/69/35
f 2737/58/19 2763/60/27 2740/70/25
f 2733/47/15 2659/71/22 2743/57/30
f 2800/61/20 2746/72/34 2757/62/32
f 2741/53/26 2762/73/36 2764/74/28
f 2736/75/18 2763/76/27 2748/77/37
f 2734/27/16 2749/78/38 2742/56/29
f 2741/53/26 2744/63/33 2762/73/36
f 2659/71/22 2767/79/39 2743/57/30
f 2736/75/18 2748/77/37 2750/80/40
f 2734/27/16 2757/62/32 2751/81/41
f 2734/27/16 2751/81/41 2749/78/38
f 2553/82/42 2535/83/43 2545/84/44
f 2656/85/21 2735/86/17 2657/87/45
f 2757/62/32 2756/88/46 2751/81/41
f 2535/89/47 2551/90/47 2537/91/47
f 2545/84/44 2535/83/43 2536/92/48
f 2535/93/43 2537/94/49 2538/95/50
f 2538/96/50 2536/92/48 2535/83/43
f 2736/97/51 2750/98/51 2752/99/51
f 2739/43/24 2736/64/18 2752/100/52
f 2745/66/23 2764/101/28 2769/102/53
f 2543/103/54 2546/104/55 2551/105/56
f 2543/106/57 2551/107/57 2541/108/57
f 2538/109/50 2539/110/58 2536/111/48
f 2656/85/21 2658/112/59 2659/113/22
f 2551/105/56 2546/104/55 2537/114/49
f 2553/115/42 2545/116/44 2540/117/60
f 2553/115/42 2540/117/60 2549/118/61
f 2543/119/54 2541/120/62 2542/121/63
f 2543/122/54 2542/123/63 2544/124/64
f 2751/81/41 2753/125/65 2754/126/66
f 2755/127/67 2767/128/67 2659/129/67
f 2756/130/46 2757/131/32 2746/132/34
f 2545/133/44 2536/134/48 2540/135/60
f 2543/122/54 2544/124/64 2546/136/55
f 2739/52/24 2752/137/52 2744/63/33
f 2737/48/19 2743/57/30 2747/69/35
f 2553/138/42 2554/139/68 2535/140/43
f 2756/88/46 2753/125/65 2751/81/41
f 2536/141/48 2555/142/69 2547/143/70
f 2546/136/55 2544/124/64 2537/94/49
f 2751/81/41 2754/126/66 2749/78/38
f 2548/144/71 2549/145/61 2550/146/72
f 2762/147/73 2758/148/73 2764/149/73
f 2535/140/43 2541/120/62 2551/150/74
f 2549/145/61 2540/151/60 2550/146/72
f 2745/66/23 2769/102/53 2746/67/34
f 2756/130/46 2746/132/34 2773/152/75
f 2537/94/49 2544/124/64 2560/153/76
f 2548/154/71 2333/155/77 2549/156/61
f 2540/151/60 2552/157/78 2550/146/72
f 2750/80/40 2748/77/37 2759/158/79
f 2538/95/50 2537/94/49 2539/159/58
f 2553/160/42 2549/161/61 2554/162/68
f 2536/134/48 2547/163/70 2540/135/60
f 2536/111/48 2539/110/58 2555/164/69
f 2743/57/30 2767/79/39 2747/69/35
f 2742/165/29 2072/166/80 2735/86/17
f 2760/167/31 2747/168/35 2761/169/81
f 2539/159/58 2537/94/49 2560/153/76
f 2548/144/71 2550/146/72 2556/170/82
f 2550/146/72 2557/171/83 2556/170/82
f 2548/172/71 2556/173/82 2558/174/84
f 2656/85/21 2657/87/45 2658/112/59
f 2540/151/60 2547/175/70 2552/157/78
f 2746/176/34 2769/177/53 2773/178/75
f 2762/179/85 2770/180/85 2758/181/85
f 2541/120/62 2559/182/86 2542/121/63
f 2535/140/43 2554/139/68 2541/120/62
f 2763/183/27 2760/184/31 2748/185/37
f 2762/73/36 2744/63/33 2770/186/87
f 2544/187/64 2542/188/63 2559/189/86
f 2750/190/40 2759/191/79 2752/192/52
f 2549/161/61 2333/193/77 2554/162/68
f 2742/165/29 2749/194/38 2660/195/88
f 2764/196/28 2758/197/89 2769/198/53
f 2548/154/71 2558/199/84 2333/155/77
f 2760/184/31 2777/200/90 2748/185/37
f 2742/165/29 2081/201/91 2072/166/80
f 2544/187/92 2559/189/92 2560/202/92
f 2735/86/17 2072/166/80 2661/203/93
f 2547/175/70 2561/204/94 2552/157/78
f 2657/205/45 2071/206/95 2247/207/96
f 2756/208/97 2773/209/97 2765/210/97
f 2749/78/38 2754/126/66 2662/211/98
f 2552/157/78 2557/171/83 2550/146/72
f 2560/153/76 2564/212/99 2539/159/58
f 2559/213/86 2564/212/99 2560/153/76
f 2539/110/58 2564/214/99 2555/164/69
f 2735/86/17 2661/203/93 2657/87/45
f 2755/215/100 2766/216/100 2767/217/100
f 2754/126/66 2753/125/65 2662/211/98
f 2774/218/101 2773/178/75 2769/177/53
f 2556/170/82 2580/219/102 2562/220/103
f 2557/171/83 2580/219/102 2556/170/82
f 2760/167/31 2761/169/81 2777/221/90
f 2564/214/99 2563/222/104 2555/164/69
f 2071/223/95 2657/224/45 2661/225/93
f 2559/226/86 2570/227/105 2564/228/99
f 2756/229/46 2765/230/106 2768/231/107
f 2541/120/62 2565/232/108 2559/182/86
f 2556/173/82 2562/233/103 2558/174/84
f 2776/234/109 2774/218/101 2769/177/53
f 2564/235/99 2566/236/110 2563/237/104
f 2756/238/46 2768/239/107 2753/240/65
f 2555/164/69 2563/222/104 2569/241/111
f 2758/242/89 2776/243/109 2769/244/53
f 2559/182/86 2565/232/108 2570/245/105
f 2564/228/99 2570/227/105 2566/246/110
f 2557/171/83 2552/157/78 2567/247/112
f 2742/165/29 2660/195/88 2081/201/91
f 2659/248/22 2658/249/59 2244/250/113
f 2659/251/22 2244/252/113 2755/253/114
f 2744/254/33 2771/255/115 2770/256/87
f 2569/257/116 2581/258/116 2555/259/116
f 2758/260/117 2770/261/117 2771/262/117
f 2555/142/69 2581/263/118 2547/143/70
f 2247/264/119 2253/265/119 2657/266/119
f 2563/237/104 2568/267/120 2569/268/111
f 2662/269/98 2660/195/88 2749/194/38
f 2566/236/110 2568/267/120 2563/237/104
f 2570/270/105 2565/232/108 2571/271/121
f 2570/272/105 2571/273/121 2572/274/122
f 2554/139/68 2565/232/108 2541/120/62
f 2570/272/105 2572/274/122 2566/275/110
f 2752/192/52 2759/191/79 2772/276/123
f 2765/277/106 2773/278/75 2782/279/124
f 2566/280/110 2572/281/122 2568/282/120
f 2547/175/70 2581/283/118 2573/284/125
f 2580/219/102 2557/171/83 2574/285/126
f 2776/243/109 2758/242/89 2771/286/115
f 2571/273/121 2575/287/127 2572/274/122
f 2571/271/121 2565/232/108 2576/288/128
f 2565/232/108 2577/289/129 2576/288/128
f 2547/175/70 2573/284/125 2561/204/94
f 2569/290/130 2568/291/130 2581/292/130
f 2552/157/78 2561/204/94 2567/247/112
f 2571/273/121 2576/293/128 2575/287/127
f 2768/231/107 2765/230/106 2775/294/131
f 2314/295/132 2576/296/132 2577/297/132
f 2572/281/122 2578/298/133 2568/282/120
f 2313/299/134 2583/300/135 2314/301/136
f 2314/302/136 2312/303/137 2313/304/134
f 2314/301/136 2583/300/135 2576/305/128
f 2658/249/59 2657/306/45 2253/307/138
f 2583/300/135 2575/308/127 2576/305/128
f 2774/309/101 2782/279/124 2773/278/75
f 2251/310/139 2245/311/140 2248/312/141
f 2072/313/80 2249/314/142 2661/225/93
f 2765/277/106 2782/279/124 2775/315/131
f 2072/166/80 2081/201/91 2663/316/143
f 2572/317/122 2584/318/144 2578/319/133
f 2579/320/145 2602/321/145 1893/322/145
f 2245/323/140 2251/324/139 2246/325/146
f 2661/225/93 2249/314/142 2071/223/95
f 2579/326/147 1893/327/147 2079/328/147
f 2580/329/102 2607/330/148 2562/331/103
f 2568/282/120 2578/298/133 2581/332/118
f 2579/333/149 2582/334/150 2595/335/151
f 2583/336/135 2586/337/152 2575/338/127
f 2774/339/101 2776/340/109 2801/341/153
f 2575/342/127 2584/343/144 2572/344/122
f 2557/171/83 2567/247/112 2585/345/154
f 2314/346/136 2577/347/129 2316/348/155
f 2071/349/95 2245/311/140 2247/350/96
f 2562/233/103 2607/351/148 2558/174/84
f 2072/313/80 2663/352/143 2249/314/142
f 2777/353/90 2759/158/79 2748/77/37
f 2752/192/52 2772/276/123 2744/254/33
f 2755/354/114 2244/250/113 2779/355/156
f 2583/356/157 2313/357/157 2586/358/157
f 2565/232/108 2554/139/68 2329/359/158
f 2753/240/65 2768/239/107 2666/360/159
f 2561/204/94 2590/361/160 2567/247/112
f 2747/69/35 2767/79/39 2766/362/161
f 2312/303/137 2314/302/136 2316/363/155
f 2658/249/59 2246/364/146 2244/250/113
f 2774/309/101 2801/365/153 2782/279/124
f 2251/366/139 2248/367/141 2260/368/162
f 2658/249/59 2253/307/138 2246/364/146
f 2575/342/127 2587/369/163 2584/343/144
f 2585/370/154 2574/285/126 2557/171/83
f 2247/371/164 2245/372/164 2253/373/164
f 2565/232/108 2329/359/158 2577/289/129
f 2071/349/95 2249/374/142 2245/311/140
f 1072/375/165 1073/376/166 1074/377/167
f 2753/240/65 2666/360/159 2662/378/98
f 2575/338/127 2586/337/152 2587/379/163
f 1072/375/165 1074/377/167 1079/380/168
f 2578/319/133 2584/318/144 2598/381/169
f 2586/382/152 2313/304/134 2312/303/137
f 2776/383/109 2771/384/115 2780/385/170
f 2579/386/149 2079/387/171 2582/388/150
f 2561/204/94 2573/284/125 2590/361/160
f 2573/389/125 2581/390/118 2588/391/172
f 1074/377/167 1091/392/173 1079/380/168
f 2585/393/154 2592/394/174 2574/395/126
f 2777/353/90 2802/396/175 2759/158/79
f 2329/397/158 2315/398/176 2577/399/129
f 2581/400/118 2578/401/133 2598/402/169
f 1481/403/177 1479/404/178 1480/405/179
f 2664/406/180 2660/195/88 2662/269/98
f 2747/168/35 2766/407/161 2778/408/181
f 2761/169/81 2747/168/35 2778/408/181
f 2580/329/102 2574/395/126 2607/330/148
f 2076/409/182 2073/410/183 2074/411/184
f 1479/412/178 1481/413/177 1482/414/185
f 2554/162/68 2333/193/77 2329/415/158
f 1480/405/179 1483/416/186 1481/403/177
f 2585/345/154 2589/417/187 2592/418/174
f 2586/419/152 2318/420/188 2587/421/163
f 2318/420/188 2312/422/137 2316/423/155
f 2577/347/129 2315/424/176 2316/348/155
f 1072/425/165 1092/426/189 1073/427/166
f 2312/422/137 2318/420/188 2586/419/152
f 2590/361/160 2591/428/190 2567/247/112
f 1893/429/191 2075/430/192 2079/431/193
f 2587/432/194 2318/433/194 2584/434/194
f 2590/435/160 2596/436/195 2591/437/190
f 2567/247/112 2591/428/190 2585/345/154
f 2660/195/88 2082/438/196 2081/201/91
f 2260/439/162 2250/440/197 2251/441/139
f 1480/405/179 1093/442/198 1483/416/186
f 1072/443/165 1090/444/199 1092/445/189
f 2582/388/150 2079/387/171 2080/446/200
f 2771/255/115 2744/254/33 2772/276/123
f 2592/394/174 2594/447/201 2574/395/126
f 2251/441/139 2250/440/197 2246/448/146
f 2075/430/192 2077/449/202 2079/431/193
f 2660/195/88 2664/406/180 2082/438/196
f 2076/450/203 2087/451/203 2077/452/203
f 1075/453/204 1091/454/204 1074/455/204
f 2316/423/155 2315/456/176 2318/420/188
f 2768/457/205 2775/458/205 2666/459/205
f 1079/460/168 1076/461/206 1072/462/165
f 2584/463/144 2318/464/188 2317/465/207
f 2248/367/141 2252/466/208 2260/368/162
f 1074/377/167 1077/467/209 1075/468/210
f 1480/469/179 1479/470/178 1078/471/211
f 2592/472/174 2593/473/212 2594/474/201
f 2579/475/213 2595/476/213 2602/477/213
f 2596/478/195 2590/479/160 2597/480/214
f 2248/367/141 2255/481/215 2252/466/208
f 2584/482/144 2319/483/216 2598/484/169
f 1893/485/191 2602/486/217 1894/487/218
f 1893/485/191 1894/487/218 1897/488/219
f 2073/489/183 2076/490/182 2077/491/202
f 2581/390/118 2616/492/220 2588/391/172
f 2581/400/118 2598/402/169 2616/493/220
f 2558/174/84 2607/351/148 2608/494/221
f 2590/361/160 2573/284/125 2609/495/222
f 2249/314/142 2663/352/143 2078/496/223
f 2596/478/195 2597/480/214 2654/497/224
f 2319/483/216 2599/498/225 2598/484/169
f 1074/377/167 1073/376/166 1077/467/209
f 1078/471/211 1093/499/198 1480/469/179
f 2574/395/126 2594/447/201 2604/500/226
f 1481/501/177 1484/502/227 1493/503/228
f 2244/250/113 2246/364/146 2259/504/229
f 2245/323/140 2246/325/146 2253/505/138
f 1483/506/186 1484/507/227 1481/508/177
f 1091/509/173 1076/510/206 1079/511/168
f 2589/417/187 2585/345/154 2591/428/190
f 1086/512/230 1485/513/231 1389/514/232
f 1482/414/185 1087/515/233 1479/412/178
f 2558/199/84 2606/516/234 2333/155/77
f 1075/517/235 1080/518/235 1091/519/235
f 1073/427/166 1084/520/236 1081/521/237
f 2584/463/144 2317/465/207 2319/522/216
f 2077/491/202 1896/523/238 2073/489/183
f 2598/402/169 2599/524/225 2616/493/220
f 1485/525/231 1086/526/230 1486/527/239
f 2246/364/146 2250/528/197 2259/504/229
f 1481/529/177 1493/530/228 1482/531/185
f 2654/532/224 2600/533/240 2596/436/195
f 1073/376/166 1081/534/237 1077/467/209
f 1078/471/211 1479/470/178 1082/535/241
f 1485/525/231 1486/527/239 1488/536/242
f 1075/537/243 1083/538/243 1080/539/243
f 2077/540/244 2087/541/244 2079/542/244
f 2589/417/187 2630/543/245 2592/418/174
f 2755/544/246 2779/545/246 2766/546/246
f 2318/547/188 2315/548/176 2317/549/207
f 2604/500/226 2607/330/148 2574/395/126
f 1078/471/211 1092/550/189 1093/499/198
f 2603/551/247 2601/552/248 2602/553/217
f 1078/471/211 1084/554/236 1092/550/189
f 1893/555/191 1897/556/219 2075/557/192
f 2802/558/175 2788/559/249 2759/560/79
f 1386/561/250 1388/562/251 1387/563/252
f 1479/470/178 1087/564/233 1082/535/241
f 1101/565/253 1100/566/254 1085/567/255
f 2603/568/247 2602/569/217 2595/570/151
f 2249/374/142 2254/571/256 2245/311/140
f 1086/572/230 1082/573/241 1087/574/233
f 1077/467/209 1088/575/257 1075/468/210
f 2245/311/140 2255/576/215 2248/312/141
f 2077/449/202 2075/430/192 1896/577/238
f 2594/578/258 2611/579/258 2604/580/258
f 2605/581/259 1894/582/218 2602/553/217
f 2654/497/224 2597/480/214 2655/583/260
f 1091/509/173 1089/584/261 1076/510/206
f 2558/174/84 2608/494/221 2606/585/234
f 1086/526/230 1087/586/233 1486/527/239
f 1485/513/231 1494/587/262 1389/514/232
f 2596/436/195 2600/533/240 2591/437/190
f 2591/428/190 2618/588/263 2589/417/187
f 1087/515/233 1482/414/185 1486/589/239
f 1075/468/210 1088/575/257 1083/590/264
f 2780/385/170 2771/384/115 2781/591/265
f 1388/592/251 1386/593/250 1389/594/232
f 2592/472/174 2630/595/245 2593/473/212
f 1486/527/239 1493/596/228 1488/536/242
f 1073/427/166 1092/426/189 1084/520/236
f 2607/597/148 2627/598/266 2608/599/221
f 2087/600/267 2080/601/267 2079/602/267
f 1494/603/262 1485/525/231 1488/536/242
f 1072/462/165 1106/604/268 1090/605/199
f 1086/572/230 601/606/269 1082/573/241
f 1389/607/232 1390/608/270 1086/609/230
f 2662/269/98 2665/610/271 2664/406/180
f 2315/548/176 2320/611/272 2317/549/207
f 2602/553/217 2601/552/248 2605/581/259
f 1091/612/273 1080/613/273 1089/614/273
f 1389/594/232 1386/593/250 1390/615/270
f 2589/417/187 2618/588/263 2630/543/245
f 2573/389/125 2588/391/172 2609/616/222
f 2319/617/216 2317/618/207 2322/619/274
f 2599/620/225 2319/621/216 2322/622/274
f 1088/575/257 1077/467/209 1095/623/275
f 1386/593/250 1391/624/276 1390/615/270
f 1078/471/211 1082/535/241 1084/554/236
f 2759/191/79 2788/625/249 2772/276/123
f 2776/340/109 2786/626/277 2801/341/153
f 2081/627/91 2082/628/196 2663/352/143
f 2249/314/142 2078/496/223 2083/629/278
f 1080/630/279 1083/590/264 1099/631/280
f 1086/609/230 1390/608/270 1391/632/276
f 1086/633/230 1391/634/276 601/635/269
f 2317/618/207 2320/636/272 2322/619/274
f 2662/269/98 2666/637/159 2665/610/271
f 2605/581/259 2601/552/248 1898/638/281
f 2605/581/259 1898/638/281 1894/582/218
f 1482/531/185 1493/530/228 1486/639/239
f 2597/480/214 2590/479/160 2609/640/222
f 2603/551/247 2654/641/224 2610/642/282
f 1092/643/189 1094/644/283 1093/645/198
f 2594/474/201 2593/473/212 2611/646/284
f 1483/647/285 1093/648/285 1094/649/285
f 2249/374/142 2083/650/278 2266/651/286
f 2776/340/109 2780/652/170 2781/653/265
f 2599/620/225 2322/622/274 2612/654/287
f 2775/315/131 2670/655/288 2666/656/159
f 1095/657/275 1077/658/209 1108/659/289
f 2245/311/140 2254/571/256 2255/576/215
f 2595/335/151 2582/334/150 2080/660/200
f 2076/661/182 2074/662/184 2084/663/290
f 2084/664/290 2092/665/291 2076/666/182
f 2591/437/190 2600/533/240 2613/667/292
f 1096/668/293 1080/630/279 1099/631/280
f 1389/669/232 1494/670/262 1487/671/294
f 1072/462/165 1076/461/206 1106/604/268
f 1088/575/257 1099/631/280 1083/590/264
f 2259/504/229 2779/355/156 2244/250/113
f 1388/562/251 1393/672/295 1387/563/252
f 2075/557/192 1897/556/219 1901/673/296
f 1080/674/279 1076/675/206 1089/676/261
f 2599/620/225 2612/654/287 2616/677/220
f 2603/551/247 2610/642/282 2601/552/248
f 2320/678/272 2321/679/297 2322/680/274
f 2654/641/224 2655/681/260 2610/642/282
f 1080/674/279 1096/682/293 1076/675/206
f 1088/575/257 1095/623/275 1099/631/280
f 2597/480/214 2609/640/222 2655/683/260
f 2786/626/277 2776/340/109 2781/653/265
f 2601/552/248 2614/684/298 1898/638/281
f 2261/685/299 2256/686/299 2257/687/299
f 1092/643/189 1103/688/300 1094/644/283
f 1084/554/236 1082/535/241 1081/689/237
f 2322/690/274 2615/691/301 2612/692/287
f 1692/693/302 1691/694/303 1700/695/304
f 602/696/305 609/697/305 611/698/305
f 2666/637/159 2670/699/288 2665/610/271
f 2075/557/192 1895/700/306 1896/701/238
f 2075/557/192 1901/673/296 1895/700/306
f 1081/702/237 1097/703/307 1077/704/209
f 2601/552/248 2610/642/282 2640/705/308
f 2654/532/224 2603/568/247 2600/533/240
f 2320/706/272 2315/398/176 2326/707/309
f 2074/411/184 2073/410/183 2085/708/310
f 2249/374/142 2266/651/286 2254/571/256
f 1896/701/238 1895/700/306 2073/709/183
f 2771/384/115 2772/710/123 2781/591/265
f 2612/692/287 2615/691/301 2616/711/220
f 2322/712/311 2321/713/311 2615/714/311
f 606/715/312 609/716/313 602/717/314
f 2670/655/288 2775/315/131 2782/279/124
f 2078/496/223 2086/718/315 2083/629/278
f 2320/678/272 2323/719/316 2321/679/297
f 1096/720/317 1111/721/317 1076/722/317
f 2616/492/220 2343/723/318 2588/391/172
f 1483/506/186 1094/724/319 1484/507/227
f 2320/706/272 2326/707/309 2323/725/316
f 2595/570/151 2617/726/320 2603/568/247
f 1085/727/255 1098/728/321 1101/729/253
f 1691/730/303 1692/731/302 1698/732/322
f 1096/733/323 1099/734/323 1110/735/323
f 2591/736/324 2613/737/324 2618/738/324
f 2076/666/182 2092/665/291 2087/739/325
f 2315/398/176 2329/397/158 2326/707/309
f 606/715/312 603/740/326 609/716/313
f 1693/741/327 1694/742/328 1705/743/329
f 2258/744/330 2259/745/229 2260/746/162
f 602/747/331 611/748/331 604/749/331
f 1693/750/327 1695/751/332 1696/752/333
f 1693/741/327 1705/743/329 1697/753/334
f 2630/543/245 2618/588/263 2619/754/335
f 1092/445/189 1090/444/199 1103/755/300
f 1100/756/254 1101/757/253 1126/758/336
f 1694/742/328 1693/741/327 1696/759/333
f 1082/760/241 609/761/313 1081/702/237
f 2777/353/90 2761/169/81 2802/396/175
f 1392/762/337 1386/561/250 1387/563/252
f 1894/763/218 2626/764/338 1897/765/219
f 1697/766/334 1698/767/322 1693/750/327
f 1698/732/322 1692/731/302 1695/768/332
f 2256/769/339 2261/770/339 2262/771/339
f 2614/684/298 2620/772/340 1898/638/281
f 2782/773/124 2801/341/153 2783/774/341
f 1393/775/295 1388/592/251 1389/594/232
f 2626/764/338 1894/763/218 1898/776/281
f 2089/777/342 2088/778/342 2087/779/342
f 2664/406/180 2667/780/343 2082/438/196
f 2087/781/344 2088/782/344 2080/783/344
f 1692/693/302 1700/695/304 1699/784/345
f 2604/785/346 2611/786/346 2622/787/346
f 2772/276/123 2788/625/249 2803/788/347
f 2087/789/348 2092/790/348 2089/791/348
f 2259/792/229 2258/793/330 2263/794/349
f 2761/169/81 2778/408/181 2718/795/350
f 2664/406/180 2665/610/271 2667/780/343
f 2802/396/175 2761/169/81 2784/796/351
f 2663/352/143 2082/628/196 2078/496/223
f 2604/797/226 2627/598/266 2607/597/148
f 2640/705/308 2614/684/298 2601/552/248
f 1698/798/322 1700/799/304 1691/800/303
f 1391/801/276 1386/561/250 1392/762/337
f 2258/802/330 2260/368/162 2264/803/352
f 601/635/269 1391/634/276 608/804/353
f 2595/570/151 2080/805/200 2617/726/320
f 2603/568/247 2617/726/320 2600/533/240
f 1693/750/327 1698/767/322 1695/751/332
f 2779/806/156 2668/807/354 2766/808/161
f 1099/809/355 1102/810/355 1110/811/355
f 2073/812/183 1899/813/356 2085/814/310
f 1103/815/300 1104/816/357 1094/817/283
f 1702/818/358 1695/768/332 1692/731/302
f 1077/658/209 1097/819/307 1108/659/289
f 2088/820/359 2089/821/359 2621/822/359
f 2321/823/297 2323/824/316 2324/825/360
f 1697/826/334 1705/827/329 1698/798/322
f 605/828/361 603/829/326 607/830/362
f 2321/831/297 2325/832/363 2615/833/301
f 602/834/314 612/835/364 606/836/312
f 1085/567/255 617/837/365 1117/838/366
f 2655/839/260 2640/705/308 2610/642/282
f 2593/473/212 2622/840/367 2611/841/284
f 2261/842/368 2257/843/368 2083/844/368
f 1103/755/300 1090/444/199 1104/845/357
f 1099/846/280 1095/847/275 1105/848/369
f 2782/773/124 2783/774/341 2670/849/288
f 2655/683/260 2609/640/222 2640/850/308
f 2785/851/370 2801/341/153 2786/626/277
f 2608/494/221 2339/852/371 2606/585/234
f 2262/853/372 2261/854/372 2157/855/372
f 2616/711/220 2615/691/301 2343/856/318
f 1076/857/373 1492/858/373 1106/859/373
f 2262/860/374 2269/861/375 2256/862/376
f 2323/863/316 2326/864/309 2327/865/377
f 1107/866/378 1120/867/379 1119/868/380
f 1694/742/328 1696/759/333 1719/869/381
f 1484/870/382 1094/871/382 1112/872/382
f 2078/496/223 2082/628/196 2090/873/383
f 2074/662/184 2091/874/384 2084/663/290
f 2089/875/385 2092/876/291 2093/877/386
f 1102/878/387 1099/846/280 1125/879/388
f 1100/566/254 610/880/389 1085/567/255
f 601/635/269 608/804/353 1082/881/241
f 1095/847/275 1108/882/289 1114/883/390
f 2328/884/391 2323/863/316 2327/865/377
f 1095/847/275 1114/883/390 1105/848/369
f 1085/567/255 610/880/389 617/837/365
f 2256/885/376 2265/886/392 2257/887/393
f 2255/576/215 2254/571/256 2265/888/392
f 2621/889/394 2080/890/394 2088/891/394
f 1104/816/357 1090/892/199 1094/817/283
f 2621/893/395 2089/894/385 2636/895/396
f 1109/896/397 1128/897/398 1105/898/399
f 2606/516/234 2623/899/400 2333/155/77
f 2606/585/234 2339/852/371 2623/900/400
f 1109/901/401 1105/902/401 1114/903/401
f 1111/904/402 1096/905/403 1110/906/404
f 603/907/405 606/908/405 607/909/405
f 2325/910/363 2321/823/297 2324/825/360
f 1076/911/406 1111/912/406 1492/913/406
f 1391/801/276 1392/762/337 492/914/407
f 1085/727/255 1154/915/408 1098/728/321
f 2630/595/245 2624/916/409 2593/473/212
f 2333/917/77 2334/918/410 2329/919/158
f 2328/884/391 2324/920/360 2323/863/316
f 2328/884/391 2332/921/411 2324/920/360
f 1094/817/283 1090/892/199 1112/922/412
f 2604/797/226 2622/840/367 2627/598/266
f 2801/341/153 2785/851/370 2783/774/341
f 2786/923/413 2781/924/413 2793/925/413
f 2343/926/318 2615/833/301 2330/927/414
f 1081/702/237 1098/928/321 1097/703/307
f 1695/751/332 1703/929/415 1696/752/333
f 1113/930/416 1152/931/417 941/932/418
f 2085/933/310 2094/934/419 2074/662/184
f 1705/827/329 1701/935/420 1698/798/322
f 2618/936/263 2613/937/292 2633/938/421
f 1102/939/387 1131/940/422 1110/941/404
f 611/942/423 609/943/423 608/944/423
f 609/945/313 1082/881/241 608/804/353
f 2085/814/310 1899/813/356 1900/946/424
f 1488/947/242 1489/948/425 1494/949/262
f 1387/563/252 1394/950/426 1392/762/337
f 2614/684/298 2640/705/308 2348/951/427
f 1114/952/390 1118/953/428 1109/954/397
f 1125/879/388 1099/846/280 1105/848/369
f 1117/838/366 617/837/365 1153/955/429
f 1124/956/430 1131/940/422 1102/939/387
f 1112/957/412 1090/958/199 1490/959/431
f 1702/960/358 1703/961/415 1695/962/332
f 2262/860/374 2100/963/432 2269/861/375
f 1387/563/252 1393/672/295 1395/964/433
f 2073/812/183 1895/965/306 1899/813/356
f 1694/742/328 1704/966/434 1705/967/329
f 2252/466/208 2255/481/215 2275/968/435
f 1387/563/252 1395/964/433 1394/950/426
f 1389/969/232 1507/970/436 1393/971/295
f 2257/972/437 2266/973/437 2083/974/437
f 2106/975/438 2109/976/438 2094/977/438
f 1107/866/378 1115/978/439 1120/867/379
f 1081/702/237 609/761/313 1098/928/321
f 1112/979/412 1491/980/440 1484/981/227
f 2327/982/377 2326/707/309 2331/983/441
f 1692/693/302 1706/984/442 1702/985/358
f 1106/986/268 1492/987/443 1090/988/199
f 1119/989/380 1121/990/444 1107/991/378
f 1114/952/390 1108/659/289 1118/953/428
f 1090/988/199 1492/987/443 1490/992/431
f 1895/993/445 1901/994/445 1902/995/445
f 2608/996/221 2625/997/446 2339/998/371
f 1484/502/227 1491/999/440 1493/503/228
f 1108/659/289 1097/819/307 1116/1000/447
f 2272/1001/448 2779/355/156 2259/504/229
f 2618/588/263 2633/1002/421 2619/754/335
f 607/830/362 606/836/312 612/835/364
f 2786/1003/277 2790/1004/449 2785/1005/370
f 2262/1006/450 2157/1007/450 2100/1008/450
f 2260/746/162 2259/745/229 2250/1009/197
f 1898/638/281 2620/772/340 2626/1010/338
f 2615/833/301 2325/832/363 2330/927/414
f 1719/869/381 1711/1011/451 1694/742/328
f 1152/1012/417 1153/1013/429 941/1014/418
f 2772/276/123 2803/788/347 2787/1015/452
f 1492/1016/443 1497/1017/453 1490/959/431
f 1692/693/302 1699/784/345 1706/984/442
f 605/828/361 607/830/362 1126/1018/336
f 2324/1019/360 2332/1020/411 2338/1021/454
f 1488/947/242 1493/1022/228 1489/948/425
f 2252/466/208 2267/1023/455 2260/368/162
f 2788/1024/456 2789/1025/456 2803/1026/456
f 1085/727/255 1117/1027/366 1154/915/408
f 1705/967/329 1704/966/434 1713/1028/457
f 2609/616/222 2588/391/172 2631/1029/458
f 1118/953/428 1108/659/289 1121/1030/444
f 1897/556/219 1904/1031/459 1901/673/296
f 1112/979/412 1495/1032/460 1491/980/440
f 1118/1033/428 1127/1034/461 1109/1035/397
f 1705/1036/329 1713/1037/457 1701/1038/420
f 2258/793/330 2264/1039/352 2263/794/349
f 1698/798/322 1714/1040/462 1700/799/304
f 2621/1041/463 2617/1042/463 2080/1043/463
f 1100/1044/254 1126/1018/336 610/1045/389
f 2328/1046/391 2327/1047/377 2337/1048/464
f 1111/904/402 1136/1049/465 1492/1050/466
f 2268/1051/467 2276/1052/468 2281/1053/469
f 2259/504/229 2263/1054/349 2272/1001/448
f 2260/368/162 2267/1023/455 2264/803/352
f 611/1055/470 608/1056/353 604/1057/471
f 2333/1058/472 2623/1059/472 2334/1060/472
f 1709/1061/473 1710/1062/473 1707/1063/473
f 1493/1022/228 1491/1064/440 1489/948/425
f 1389/669/232 1487/671/294 1507/1065/436
f 2326/707/309 2329/397/158 2331/983/441
f 2332/1020/411 2335/1066/474 2338/1021/454
f 2613/1067/292 2600/1068/240 2634/1069/475
f 2084/1070/476 2101/1071/476 2103/1072/476
f 605/1073/361 609/1074/313 603/1075/326
f 1694/742/328 1711/1011/451 1704/966/434
f 2636/895/396 2617/1076/320 2621/893/395
f 2101/1077/477 2084/1078/290 2095/1079/478
f 1121/990/444 1116/1080/447 1107/991/378
f 2626/764/338 1903/1081/479 1897/765/219
f 1119/1082/380 1160/1083/480 1145/1084/481
f 2257/887/393 2265/886/392 2266/1085/286
f 2252/466/208 2275/968/435 2267/1023/455
f 2608/996/221 2627/1086/266 2625/997/446
f 1702/960/358 1706/1087/442 1703/961/415
f 2622/840/367 2624/916/409 2627/598/266
f 2089/875/385 2093/877/386 2636/1088/396
f 1709/1089/482 1707/1090/482 1708/1091/482
f 1709/1092/483 1718/1093/484 1710/1094/485
f 1897/1095/219 1903/1096/479 1904/1097/459
f 1105/1098/486 1128/1099/486 1125/1100/486
f 2092/665/291 2084/664/290 2103/1101/487
f 2094/934/419 2091/874/384 2074/662/184
f 2254/571/256 2266/651/286 2265/888/392
f 2786/1102/488 2793/1103/488 2790/1104/488
f 2324/825/360 2338/1105/454 2325/910/363
f 1121/1030/444 1108/659/289 1116/1000/447
f 2101/1106/477 2095/1107/478 2102/1108/489
f 2629/1109/490 2628/1110/491 2630/595/245
f 1112/957/412 1490/959/431 1496/1111/492
f 2614/684/298 2348/951/427 2620/772/340
f 2619/1112/493 2629/1113/493 2630/1114/493
f 1707/1115/494 1704/1116/434 1711/1117/451
f 2097/1118/495 2096/1119/496 2116/1120/497
f 1121/1121/444 1145/1122/481 1118/1033/428
f 2785/1005/370 2790/1004/449 2783/1123/341
f 1120/1124/379 1163/1125/498 1119/1126/380
f 1139/1127/499 1134/1128/500 1133/1129/501
f 1121/1130/444 1119/1082/380 1145/1084/481
f 2086/718/315 2078/496/223 2096/1131/496
f 1704/1132/434 1707/1133/494 1710/1094/485
f 2328/1046/391 2337/1048/464 2332/1134/411
f 1122/1135/502 1097/703/307 1154/1136/408
f 1112/957/412 1496/1111/492 1495/1137/460
f 2593/473/212 2624/916/409 2622/840/367
f 602/1138/314 604/1139/503 612/1140/364
f 1102/1141/387 1123/1142/504 1124/1143/430
f 1102/1141/387 1125/1144/388 1123/1142/504
f 2766/808/161 2668/807/354 2778/1145/181
f 2265/886/392 2256/885/376 2269/1146/375
f 2098/1147/505 2083/1148/278 2097/1149/495
f 1393/1150/295 1397/1151/506 1395/1152/433
f 1707/1115/494 1711/1117/451 1708/1153/507
f 1139/1154/499 1132/1155/508 1134/1156/500
f 2085/933/310 1900/1157/424 2094/934/419
f 1698/798/322 1701/935/420 1712/1158/509
f 2609/1159/222 2631/1160/458 2640/1161/308
f 2097/1162/495 2086/1163/315 2096/1164/496
f 2098/1147/505 2157/1165/510 2083/1148/278
f 2078/496/223 2090/873/383 2096/1131/496
f 2097/1166/495 2116/1167/497 2098/1168/505
f 1497/1017/453 1499/1169/511 1490/959/431
f 2097/1162/495 2083/1170/278 2086/1163/315
f 2108/1171/512 2269/861/375 2100/963/432
f 1101/1172/253 1098/1173/321 1126/1174/336
f 1097/819/307 1122/1175/502 1116/1000/447
f 1704/1132/434 1710/1094/485 1713/1176/457
f 2325/832/363 2345/1177/513 2330/927/414
f 1698/798/322 1712/1158/509 1714/1040/462
f 2788/559/249 2802/558/175 2784/1178/351
f 2264/1039/352 2270/1179/514 2263/794/349
f 2669/1180/515 2665/610/271 2717/1181/516
f 492/1182/407 490/1183/517 1391/1184/276
f 1700/1185/518 1714/1186/518 1715/1187/518
f 1700/1188/304 1715/1189/519 1699/1190/345
f 1494/1191/520 1489/1192/520 1487/1193/520
f 1109/896/397 1127/1194/461 1128/897/398
f 1392/1195/337 1394/950/426 1407/1196/521
f 2600/533/240 2617/726/320 2632/1197/522
f 2268/1198/467 2281/1199/469 2274/1200/523
f 2665/610/271 2670/1201/288 2717/1181/516
f 2788/559/249 2784/1178/351 2789/1202/524
f 2672/1203/525 2667/780/343 2665/610/271
f 605/1073/361 1126/1204/336 609/1074/313
f 608/804/353 1391/634/276 491/1205/526
f 1496/1111/492 1490/959/431 1499/1169/511
f 2084/1078/290 2091/874/384 2095/1079/478
f 2670/849/288 2783/774/341 2717/1206/516
f 1699/1190/345 1703/1207/415 1706/1208/442
f 1124/1209/430 1135/1210/527 1131/1211/422
f 2264/1212/352 2267/1213/455 2271/1214/528
f 1699/1190/345 1715/1189/519 1703/1207/415
f 1394/950/426 1395/964/433 1396/1215/529
f 2264/1216/530 2271/1217/530 2270/1218/530
f 1495/1219/460 1496/1220/492 1513/1221/531
f 2665/610/271 2669/1180/515 2672/1203/525
f 2331/1222/441 2329/1223/158 2336/1224/532
f 1128/1225/398 1123/1142/504 1125/1144/388
f 2332/1134/411 2337/1048/464 2335/1226/474
f 2619/1227/533 2633/1228/533 2629/1229/533
f 494/1230/534 604/1231/534 490/1232/534
f 1696/1233/333 1738/1234/535 1719/1235/381
f 1107/991/378 1116/1080/447 1129/1236/536
f 2630/595/245 2628/1110/491 2624/916/409
f 2790/1237/449 2793/1238/537 2791/1239/538
f 1495/1240/460 1512/1241/539 1509/1242/540
f 1098/928/321 609/761/313 1130/1243/541
f 1709/1244/483 1708/1245/507 1717/1246/542
f 1397/1247/506 1393/971/295 1507/970/436
f 2092/876/291 2103/1248/487 2093/877/386
f 2082/438/196 2667/780/343 2720/1249/543
f 1120/1124/379 1185/1250/544 1163/1125/498
f 1491/1251/440 1495/1240/460 1509/1242/540
f 1496/1252/545 1499/1253/545 1500/1254/545
f 1111/904/402 1110/906/404 1136/1049/465
f 1391/1184/276 490/1183/517 491/1255/526
f 2779/1256/156 2272/1257/448 2668/1258/354
f 1097/703/307 1098/928/321 1154/1136/408
f 2255/576/215 2265/888/392 2273/1259/546
f 2772/710/123 2792/1260/547 2781/591/265
f 2276/1261/468 2268/1262/467 2273/1263/546
f 1497/1264/453 1498/1265/548 1499/1266/511
f 1128/1225/398 1127/1267/461 1123/1142/504
f 2157/1268/549 2261/1269/549 2083/1270/549
f 1392/1195/337 1407/1196/521 492/1271/407
f 2343/926/318 2330/927/414 2344/1272/550
f 1142/1273/551 1497/1264/453 1492/1274/443
f 2157/1275/552 2099/1276/553 2100/1277/432
f 2613/1067/292 2634/1069/475 2633/1278/421
f 1116/1080/447 1122/1135/502 1129/1236/536
f 1703/929/415 1715/1279/519 1716/1280/554
f 1709/1281/483 1717/1282/542 1718/1283/484
f 2672/1284/525 2669/1285/515 2671/1286/555
f 1738/1287/556 1711/1288/556 1719/1289/556
f 1138/1290/557 1135/1210/527 1124/1209/430
f 2274/1291/523 2275/1292/435 2268/1262/467
f 1126/1174/336 1098/1173/321 1130/1293/541
f 2095/1107/478 2112/1294/558 2102/1108/489
f 2282/1295/559 2270/1296/559 2271/1297/559
f 2101/1298/477 2102/1299/489 2103/1300/487
f 610/1045/389 1126/1018/336 613/1301/560
f 2104/1302/561 2106/1303/562 2094/1304/419
f 2255/481/215 2273/1305/546 2275/968/435
f 2098/1168/505 2116/1167/497 2105/1306/563
f 1110/1307/404 1131/1308/422 1136/1309/465
f 1489/1310/425 1491/1311/440 1509/1312/540
f 2098/1313/564 2107/1314/564 2157/1315/564
f 2327/1047/377 2331/1316/441 2337/1048/464
f 2106/1317/562 2118/1318/565 2109/1319/566
f 2270/1320/514 2282/1321/567 2272/1322/448
f 2111/1323/568 2106/1324/562 2104/1302/561
f 608/1056/353 614/1325/569 604/1057/471
f 2667/780/343 2672/1326/525 2671/1327/555
f 494/1328/570 633/1329/571 604/1139/503
f 1129/1330/536 1115/978/439 1107/866/378
f 1895/965/306 1818/1331/572 1899/813/356
f 1120/867/379 1115/978/439 1185/1332/544
f 2347/1333/573 2620/772/340 2348/951/427
f 2157/1275/552 2107/1334/574 2099/1276/553
f 1701/1038/420 1713/1037/457 1720/1335/575
f 1126/1204/336 1130/1336/541 609/1074/313
f 1395/964/433 1399/1337/576 1396/1215/529
f 1185/1332/544 1115/978/439 1184/1338/577
f 1498/1265/548 1497/1264/453 1142/1273/551
f 1900/1157/424 2110/1339/578 2094/934/419
f 2268/1262/467 2275/1292/435 2273/1263/546
f 2100/1277/432 2099/1276/553 2108/1340/512
f 1713/1176/457 1710/1094/485 1721/1341/579
f 1141/1342/580 1184/1343/577 1115/1344/439
f 1712/1158/509 1701/935/420 1731/1345/581
f 2600/533/240 2632/1197/522 2634/1346/475
f 1499/1347/582 1501/1348/582 1500/1349/582
f 2337/1350/464 2331/1222/441 2335/1351/474
f 1710/1094/485 1718/1093/484 1722/1352/583
f 2335/1351/474 2331/1222/441 2338/1353/454
f 2625/997/446 2392/1354/584 2339/998/371
f 2338/1353/454 2331/1222/441 2336/1224/532
f 2588/391/172 2343/723/318 2635/1355/585
f 2675/1356/586 2617/1076/320 2636/895/396
f 1407/1196/521 1394/950/426 1398/1357/587
f 2108/1171/512 2276/1358/468 2269/861/375
f 2329/1359/158 2342/1360/588 2336/1361/532
f 608/804/353 491/1205/526 614/1362/569
f 2792/1363/547 2793/1364/537 2781/1365/265
f 2345/1177/513 2344/1272/550 2330/927/414
f 2091/874/384 2094/934/419 2109/1366/566
f 491/1367/589 490/1368/589 604/1369/589
f 2339/1370/590 2392/1371/590 2623/1372/590
f 1498/1265/548 1501/1373/591 1499/1266/511
f 1714/1040/462 1712/1158/509 1715/1374/519
f 1502/1375/592 1397/1376/506 1487/1377/294
f 1132/1378/508 1133/1379/501 1134/1380/500
f 2094/1304/419 2110/1381/578 2104/1302/561
f 1126/1018/336 607/830/362 624/1382/593
f 2272/1383/594 2282/1384/594 2277/1385/594
f 2325/910/363 2338/1105/454 2345/1386/513
f 1734/1387/595 1716/1280/554 1715/1279/519
f 1131/1308/422 1135/1388/527 1136/1309/465
f 1136/1389/596 1142/1390/596 1492/1391/596
f 2632/1197/522 2617/726/320 2676/1392/597
f 2091/874/384 2109/1366/566 2095/1079/478
f 1715/1374/519 1712/1158/509 1734/1393/595
f 1113/1394/416 1146/1395/598 1152/1396/417
f 2633/1278/421 2628/1397/491 2629/1398/490
f 2329/919/158 2334/918/410 2341/1399/599
f 2270/1320/514 2272/1322/448 2263/1400/349
f 2625/1401/600 2340/1402/600 2392/1403/600
f 1710/1094/485 1722/1352/583 1721/1341/579
f 1503/1404/601 1504/1405/602 1505/1406/603
f 2636/1407/396 2093/1408/386 2637/1409/604
f 2626/764/338 2638/1410/605 1905/1411/606
f 1512/1412/539 1495/1219/460 1513/1221/531
f 2638/1410/605 2626/764/338 2620/1413/340
f 1113/930/416 941/932/418 1137/1414/607
f 1711/1415/451 1759/1416/608 1708/1417/507
f 1489/1310/425 1509/1312/540 1508/1418/609
f 1503/1404/601 1506/1419/610 1502/1375/592
f 2105/1306/563 2107/1420/574 2098/1168/505
f 1721/1421/579 1720/1335/575 1713/1422/457
f 2667/780/343 2671/1327/555 2719/1423/611
f 1696/1233/333 1724/1424/612 1738/1234/535
f 1502/1375/592 1522/1425/613 1503/1404/601
f 1717/1246/542 1708/1245/507 1723/1426/614
f 1132/1155/508 1139/1154/499 940/1427/615
f 2671/1286/555 2669/1285/515 2673/1428/616
f 2110/1339/578 1900/1157/424 1816/1429/617
f 1395/1152/433 1397/1151/506 1401/1430/618
f 1502/1375/592 1506/1419/610 1397/1376/506
f 1721/1341/579 1722/1352/583 1736/1431/619
f 2783/774/341 2790/1237/449 2717/1206/516
f 1117/1432/620 1153/1433/620 1154/1434/620
f 1503/1404/601 1522/1425/613 1504/1405/602
f 2792/1260/547 2772/710/123 2787/1435/452
f 1696/752/333 1703/929/415 1724/1436/612
f 1118/1033/428 1145/1122/481 1127/1034/461
f 1397/1376/506 1507/1437/436 1487/1377/294
f 1506/1419/610 1503/1404/601 1505/1406/603
f 2329/1359/158 2341/1438/599 2342/1360/588
f 2588/391/172 2635/1355/585 2631/1029/458
f 1407/1196/521 504/1439/621 492/1271/407
f 1703/929/415 1716/1280/554 1724/1436/612
f 2338/1105/454 2342/1440/588 2345/1386/513
f 1738/1441/535 1759/1416/608 1711/1415/451
f 1127/1267/461 1159/1442/622 1123/1142/504
f 2636/1443/623 2637/1444/623 2675/1445/623
f 1718/1093/484 1725/1446/624 1722/1352/583
f 2093/1408/386 2115/1447/625 2637/1409/604
f 1139/1127/499 1133/1129/501 1149/1448/626
f 1505/1406/603 1730/1449/627 1506/1419/610
f 1512/1450/539 1508/1451/609 1509/1452/540
f 2274/1453/523 2278/1454/628 2275/1455/435
f 1489/1310/425 1508/1418/609 1487/1456/294
f 1124/1457/430 1159/1442/622 1138/1458/557
f 2336/1459/532 2342/1440/588 2338/1105/454
f 607/830/362 612/835/364 615/1460/629
f 2095/1107/478 2127/1461/630 2112/1294/558
f 490/1462/517 492/1463/407 493/1464/631
f 2626/764/338 1905/1411/606 1903/1081/479
f 2790/1237/449 2791/1239/538 2717/1206/516
f 1184/1343/577 1156/1465/632 1185/1466/544
f 2102/1299/489 2114/1467/633 2103/1300/487
f 2111/1468/568 2118/1469/565 2106/1470/562
f 2274/1200/523 2281/1199/469 2278/1471/628
f 2269/1146/375 2276/1472/468 2265/886/392
f 2778/1145/181 2677/1473/634 2718/1474/350
f 1139/1475/635 1149/1476/635 1146/1477/635
f 1185/1466/544 1140/1478/636 1143/1479/637
f 1149/1480/638 1141/1481/638 1115/1482/638
f 1510/1483/639 1730/1449/627 1505/1406/603
f 1124/1457/430 1123/1142/504 1159/1442/622
f 1395/1484/433 1401/1485/618 1399/1486/576
f 2090/873/383 2082/628/196 2720/1487/543
f 1142/1488/551 1136/1489/465 1177/1490/640
f 1723/1426/614 1708/1245/507 1726/1491/641
f 1500/1492/642 1501/1493/642 1517/1494/642
f 2637/1495/643 2122/1496/643 2675/1497/643
f 1142/1273/551 1511/1498/644 1498/1265/548
f 1895/965/306 1902/1499/645 1818/1331/572
f 1498/1500/646 1517/1501/646 1501/1502/646
f 2617/726/320 2675/1503/586 2676/1392/597
f 1119/1504/647 1163/1505/647 1160/1506/647
f 1113/1507/416 1137/1508/607 940/1509/615
f 1496/1220/492 1500/1510/648 1519/1511/649
f 1708/1417/507 1759/1416/608 1749/1512/650
f 2343/1513/318 2642/1514/651 2635/1515/585
f 2347/1333/573 2638/1516/605 2620/772/340
f 1487/1456/294 1508/1418/609 1502/1375/592
f 2669/1517/515 2681/1518/652 2674/1519/653
f 1185/1520/654 1143/1521/654 1163/1522/654
f 2334/1523/655 2623/1524/656 2392/1525/657
f 494/1526/570 490/1527/517 495/1528/658
f 1185/1466/544 1156/1465/632 1140/1478/636
f 1723/1426/614 1726/1491/641 1510/1529/639
f 1716/1530/554 1734/1531/595 1729/1532/659
f 2778/1145/181 2668/807/354 2677/1473/634
f 1394/950/426 1396/1215/529 1398/1357/587
f 2276/1472/468 2279/1533/660 2265/886/392
f 2282/1534/661 2271/1214/528 2283/1535/662
f 941/1014/418 1153/1013/429 1144/1536/663
f 1724/1537/612 1716/1530/554 1732/1538/664
f 612/1140/364 604/1139/503 615/1539/629
f 2102/1540/665 2112/1541/665 2114/1542/665
f 2717/1543/516 2681/1518/652 2669/1517/515
f 1717/1282/542 1727/1544/666 1718/1283/484
f 2761/169/81 2718/795/350 2700/1545/667
f 1113/1394/416 940/1546/615 1146/1395/598
f 2093/1408/386 2103/1547/487 2115/1447/625
f 1142/1548/551 1177/1549/640 1511/1550/644
f 490/1527/517 493/1551/631 495/1528/658
f 1132/1552/508 950/1553/668 1150/1554/669
f 1132/1378/508 1150/1555/669 1133/1379/501
f 2624/1556/409 2639/1557/670 2627/1086/266
f 1900/946/424 1899/813/356 1817/1558/671
f 2099/1276/553 2107/1334/574 2113/1559/672
f 2343/1560/673 2344/1561/673 2346/1562/673
f 1153/955/429 617/837/365 636/1563/674
f 2342/1564/588 2341/1565/599 2345/1566/513
f 2343/1513/318 2346/1567/675 2642/1514/651
f 2160/1568/676 2276/1358/468 2108/1171/512
f 2108/1340/512 2099/1276/553 2113/1559/672
f 1717/1282/542 1723/1426/614 1727/1544/666
f 1512/1569/539 1513/1570/531 1514/1571/677
f 1496/1220/492 1519/1511/649 1513/1221/531
f 1522/1572/613 1508/1451/609 1512/1450/539
f 2334/1523/655 2392/1525/657 2346/1567/675
f 2103/1573/487 2114/1574/633 2115/1575/625
f 2669/1517/515 2674/1519/653 2673/1428/616
f 1716/1530/554 1729/1532/659 1732/1538/664
f 1126/1018/336 624/1382/593 613/1301/560
f 2675/1576/678 2122/1577/678 2676/1578/678
f 1129/1236/536 1122/1135/502 1154/1136/408
f 2276/1261/468 2273/1263/546 2279/1579/660
f 1738/1580/535 1724/1537/612 1732/1538/664
f 1510/1529/639 1726/1491/641 1742/1581/679
f 1401/1485/618 1400/1582/680 1399/1486/576
f 1510/1529/639 1728/1583/681 1723/1426/614
f 613/1301/560 616/1584/682 610/1045/389
f 1133/1585/683 1150/1586/683 1149/1587/683
f 1506/1588/610 1400/1589/680 1397/1590/506
f 2718/1591/350 2677/1592/634 2678/1593/684
f 633/1594/571 494/1595/570 495/1596/658
f 2104/1302/561 2110/1381/578 1816/1597/617
f 2273/1259/546 2265/888/392 2279/1598/660
f 1729/1599/659 1734/1600/595 1735/1601/685
f 1146/1602/686 1115/978/439 1129/1330/536
f 1136/1489/465 1147/1603/687 1177/1490/640
f 1730/1604/627 1510/1529/639 1742/1581/679
f 1127/1267/461 1145/1605/481 1160/1606/480
f 1502/1375/592 1508/1418/609 1522/1425/613
f 1505/1406/603 1504/1405/602 1515/1607/688
f 1701/1038/420 1720/1335/575 1731/1608/581
f 2345/1566/513 2341/1565/599 2344/1609/550
f 504/1610/621 1403/1611/689 492/1463/407
f 2108/1340/512 2113/1559/672 2159/1612/690
f 1732/1613/664 1729/1599/659 1748/1614/691
f 1900/1615/692 1817/1616/692 1816/1617/692
f 2640/1618/308 2357/1619/693 2348/1620/427
f 1143/1621/637 1140/1478/636 1161/1622/694
f 1734/1623/695 1733/1624/695 1751/1625/695
f 1517/1626/696 1498/1265/548 1566/1627/697
f 2334/1628/698 2346/1629/698 2341/1630/698
f 2114/1574/633 2112/1294/558 2126/1631/699
f 1132/1632/700 940/1633/700 950/1634/700
f 941/1635/418 1144/1636/663 1137/1637/607
f 2114/1574/633 2126/1631/699 2115/1575/625
f 2271/1214/528 2267/1213/455 2283/1535/662
f 1498/1265/548 1511/1498/644 1566/1627/697
f 1127/1267/461 1160/1606/480 1159/1442/622
f 652/1638/701 124/1639/701 127/1640/701
f 604/1641/702 614/1642/702 491/1643/702
f 1729/1599/659 1735/1601/685 1748/1614/691
f 1153/1013/429 636/1644/674 1144/1536/663
f 125/1645/703 127/1646/704 124/1647/705
f 940/1427/615 1139/1154/499 1146/1648/598
f 1734/1649/706 1751/1650/706 1735/1651/706
f 2276/1358/468 2160/1568/676 2280/1652/707
f 1718/1093/484 1775/1653/708 1725/1446/624
f 2632/1197/522 2676/1392/597 2634/1346/475
f 940/1509/615 1137/1508/607 950/1654/709
f 1115/1655/710 1146/1656/710 1149/1657/710
f 1155/1658/711 1186/1659/711 942/1660/711
f 2627/1086/266 2639/1557/670 2625/997/446
f 2280/1652/707 2281/1661/469 2276/1358/468
f 1163/1662/712 1143/1663/712 1161/1664/712
f 1517/1626/696 1566/1627/697 1525/1665/713
f 1734/1393/595 1712/1158/509 1733/1666/714
f 2105/1667/715 2116/1668/715 2117/1669/715
f 1402/1670/716 1404/1671/716 496/1672/716
f 1155/1673/717 942/1674/718 943/1675/719
f 1136/1309/465 1135/1388/527 1147/1676/687
f 2107/1420/574 2105/1306/563 2118/1677/565
f 1156/1465/632 1148/1678/720 1140/1478/636
f 1522/1679/613 1512/1569/539 1514/1571/677
f 2784/796/351 2761/169/81 2700/1545/667
f 2111/1323/568 2104/1302/561 2119/1680/721
f 2346/1567/675 2392/1525/657 2340/1681/722
f 1149/1682/723 1150/1683/723 1141/1684/723
f 1141/1342/580 1150/1685/669 1151/1686/724
f 2346/1687/725 2344/1609/550 2341/1565/599
f 493/1688/726 1402/1689/726 495/1690/726
f 1903/1096/479 1905/1691/606 1909/1692/727
f 1129/1330/536 1154/1693/408 1146/1602/686
f 1905/1694/606 2638/1695/605 1906/1696/728
f 2108/1697/512 2159/1698/690 2160/1699/676
f 2640/1618/308 2351/1700/729 2350/1701/730
f 128/1702/731 126/1703/732 125/1704/703
f 1397/1590/506 1400/1589/680 1401/1705/618
f 1404/1706/733 1402/1707/733 1403/1708/733
f 2282/1709/661 2283/1710/662 2277/1711/734
f 617/1712/365 610/1045/389 616/1584/682
f 2637/1713/735 2115/1714/735 2122/1715/735
f 1152/1716/736 1154/1717/736 1153/1718/736
f 125/1719/703 126/1720/732 127/1721/704
f 1721/1722/579 1736/1723/619 1737/1724/737
f 1822/1725/738 2120/1726/739 2135/1727/740
f 1155/1728/741 1151/1729/724 1186/1730/742
f 1740/1731/743 1743/1732/744 1733/1733/714
f 1505/1406/603 1728/1734/681 1510/1483/639
f 1723/1426/614 1728/1583/681 1727/1544/666
f 1141/1342/580 1151/1686/724 1184/1343/577
f 2118/1318/565 2121/1735/745 2109/1319/566
f 493/1736/746 1403/1737/746 1402/1738/746
f 2625/997/446 2639/1557/670 2644/1739/747
f 2113/1559/672 2107/1334/574 2118/1740/565
f 2624/1556/409 2628/1741/491 2639/1557/670
f 1171/1742/748 1168/1743/748 1163/1744/748
f 125/1645/703 124/1647/705 128/1745/731
f 1899/813/356 1818/1331/572 1817/1558/671
f 1732/1613/664 1748/1614/691 1738/1746/535
f 2717/1747/516 2679/1748/749 2684/1749/750
f 1721/1421/579 1737/1750/737 1720/1335/575
f 2791/1239/538 2680/1751/751 2717/1206/516
f 1902/1752/645 1901/1753/296 1907/1754/752
f 2278/1471/628 2281/1199/469 2284/1755/753
f 492/1463/407 1403/1611/689 493/1464/631
f 1722/1352/583 1739/1756/754 1736/1431/619
f 2278/1454/628 2284/1757/753 2275/1455/435
f 630/1758/755 129/1759/756 631/1760/757
f 496/1761/758 1404/1762/758 510/1763/758
f 2789/1202/524 2784/1178/351 2702/1764/759
f 1733/1733/714 1743/1732/744 1751/1765/760
f 1505/1406/603 1515/1607/688 1728/1734/681
f 1184/1343/577 1151/1686/724 1156/1465/632
f 1712/1158/509 1731/1345/581 1733/1666/714
f 2803/1766/347 2702/1764/759 2787/1767/452
f 138/1768/761 130/1769/762 131/1770/763
f 1152/1771/764 1146/1772/764 1154/1773/764
f 1504/1774/602 1516/1775/765 1515/1776/688
f 2109/1319/566 2127/1461/630 2095/1107/478
f 1902/1752/645 1912/1777/766 1818/1778/572
f 2096/1119/496 2117/1779/767 2116/1120/497
f 1517/1780/696 1525/1781/713 1500/1782/648
f 1155/1783/768 1166/1784/769 1156/1785/632
f 1749/1512/650 1755/1786/770 1708/1417/507
f 2346/1567/675 2340/1681/722 2642/1514/651
f 1748/1787/691 1735/1788/685 1747/1789/771
f 2272/1257/448 2277/1790/734 2668/1258/354
f 2640/1618/308 2350/1701/730 2357/1619/693
f 2803/1766/347 2789/1202/524 2702/1764/759
f 1135/1791/527 1177/1792/640 1147/1793/687
f 1718/1794/484 1727/1544/666 1775/1795/708
f 2634/1069/475 2641/1796/772 2633/1278/421
f 2640/1161/308 2631/1160/458 2351/1797/729
f 2717/1747/516 2680/1798/751 2679/1748/749
f 2267/1213/455 2285/1799/773 2283/1535/662
f 2668/1258/354 2286/1800/774 2677/1801/634
f 1151/1802/775 1155/1803/775 1156/1804/775
f 2792/1260/547 2791/1805/538 2793/1806/537
f 1135/1791/527 1138/1807/557 1157/1808/776
f 2681/1809/652 2682/1810/777 2674/1811/653
f 2280/1812/707 2160/1699/676 2161/1813/778
f 1163/1814/779 1158/1815/780 1171/1816/781
f 1822/1817/782 1816/1818/782 1817/1819/782
f 1140/1478/636 1148/1678/720 1161/1622/694
f 2642/1820/651 2349/1821/783 2635/1355/585
f 1722/1352/583 1725/1446/624 1739/1756/754
f 1901/1822/296 1904/1823/459 1910/1824/784
f 2112/1294/558 2127/1461/630 2128/1825/785
f 2340/1826/722 2625/997/446 2644/1739/747
f 1910/1824/784 1907/1754/752 1901/1822/296
f 1735/1827/786 1751/1828/786 1747/1829/786
f 132/1830/787 652/1831/788 646/1832/789
f 1728/1734/681 1515/1607/688 1518/1833/790
f 2281/1199/469 2280/1834/707 2164/1835/791
f 1404/1836/792 504/1837/621 510/1838/793
f 2700/1839/667 2718/1840/350 2692/1841/794
f 2112/1294/558 2128/1825/785 2126/1631/699
f 2641/1796/772 2628/1397/491 2633/1278/421
f 1708/1417/507 1755/1786/770 1726/1842/641
f 1159/1843/622 1160/1844/480 1168/1845/795
f 1511/1550/644 1177/1549/640 1532/1846/796
f 128/1745/731 124/1647/705 133/1847/797
f 1904/1097/459 1903/1096/479 1925/1848/798
f 2109/1319/566 2121/1735/745 2127/1461/630
f 1740/1849/743 1733/1666/714 1752/1850/799
f 1818/1778/572 1912/1777/766 1820/1851/800
f 2347/1852/573 2348/1853/427 2355/1854/801
f 2676/1855/802 2122/1856/802 2123/1857/802
f 1736/1723/619 1741/1858/803 1737/1724/737
f 2347/1859/573 1908/1860/804 2638/1695/605
f 2676/1392/597 2685/1861/805 2634/1346/475
f 1135/1791/527 1157/1808/776 1177/1792/640
f 1500/1782/648 1525/1781/713 1519/1862/649
f 2684/1863/750 2679/1864/749 2683/1865/806
f 1186/1730/742 1151/1729/724 1150/1866/669
f 1742/1867/679 1726/1842/641 1520/1868/807
f 2122/1869/808 2115/1870/809 2123/1871/810
f 1400/1589/680 1506/1588/610 1405/1872/811
f 1163/1814/779 1161/1873/694 1158/1815/780
f 2684/1874/750 2683/1875/806 2717/1876/516
f 138/1768/761 136/1877/812 130/1769/762
f 1186/1878/742 1150/1554/669 942/1879/718
f 1402/1880/813 496/1881/814 495/1596/658
f 1730/1882/627 1742/1883/679 1520/1884/807
f 1514/1885/677 1521/1886/815 1522/1887/613
f 2635/1355/585 2349/1821/783 2631/1029/458
f 2717/1876/516 2683/1875/806 2681/1888/652
f 623/1889/816 631/1760/757 136/1877/812
f 652/1890/817 127/1891/817 656/1892/817
f 1399/1893/576 1406/1894/818 1396/1215/529
f 652/1831/788 132/1830/787 124/1647/705
f 1396/1215/529 1406/1894/818 1398/1357/587
f 1743/1895/744 1740/1896/743 1744/1897/819
f 2676/1898/820 2123/1899/820 2685/1900/820
f 1513/1221/531 1523/1901/821 1514/1902/677
f 1157/1808/776 1138/1807/557 1162/1903/822
f 147/1904/823 134/1905/824 135/1906/825
f 2287/1907/826 2288/1908/827 2284/1909/753
f 1504/1774/602 1522/1910/613 1516/1775/765
f 1818/1911/572 1819/1912/828 1817/1913/671
f 2667/780/343 2719/1423/611 2720/1249/543
f 1403/1914/829 504/1915/829 1404/1916/829
f 1525/1917/713 1566/1918/697 1524/1919/830
f 495/1596/658 496/1881/814 501/1920/831
f 1818/1911/572 1820/1921/800 1819/1912/828
f 633/1594/571 495/1596/658 621/1922/832
f 2096/1923/496 2090/873/383 2124/1924/833
f 1726/1842/641 1755/1786/770 1520/1868/807
f 1138/1807/557 1159/1843/622 1168/1845/795
f 616/1584/682 613/1301/560 618/1925/834
f 1169/1926/835 1167/1927/836 1173/1928/837
f 623/1929/816 136/1930/812 659/1931/838
f 1506/1588/610 1520/1932/807 1405/1872/811
f 2677/1933/634 2294/1934/839 2678/1935/684
f 1506/1936/610 1730/1882/627 1520/1884/807
f 1816/1937/617 1822/1938/738 2119/1939/721
f 1728/1583/681 1745/1940/840 1727/1544/666
f 2118/1469/565 2119/1941/721 2125/1942/841
f 1163/1943/842 1168/1845/795 1160/1844/480
f 607/830/362 625/1944/843 624/1382/593
f 1905/1694/606 1906/1696/728 1909/1945/727
f 2628/1741/491 2643/1946/844 2639/1557/670
f 2678/1947/845 2686/1948/846 2690/1949/847
f 607/830/362 615/1460/629 625/1944/843
f 2115/1950/848 2126/1951/848 2128/1952/848
f 1150/1554/669 950/1553/668 944/1953/849
f 2105/1306/563 2121/1954/745 2118/1677/565
f 1150/1554/669 944/1953/849 942/1879/718
f 2681/1955/652 2683/1956/806 2682/1810/777
f 1817/1913/671 1821/1957/850 1822/1958/738
f 2671/1286/555 2673/1428/616 2719/1959/611
f 1748/1787/691 1747/1789/771 1753/1960/851
f 2792/1260/547 2794/1961/852 2791/1805/538
f 129/1759/756 136/1877/812 631/1760/757
f 1725/1446/624 1775/1653/708 1746/1962/853
f 1169/1926/835 1173/1928/837 1164/1963/854
f 2680/1964/751 2688/1965/855 2679/1966/749
f 630/1967/755 619/1968/856 620/1969/857
f 1161/1873/694 1148/1970/720 1158/1815/780
f 1515/1776/688 1516/1775/765 1518/1971/790
f 2720/1972/543 2719/1959/611 2721/1973/858
f 2160/1699/676 2159/1698/690 2161/1813/778
f 2791/1239/538 2796/1974/859 2680/1751/751
f 1822/1958/738 1821/1957/850 2120/1975/739
f 2642/1514/651 2644/1976/747 2349/1977/783
f 124/1647/705 132/1830/787 133/1847/797
f 1169/1978/860 1165/1979/861 1015/1980/862
f 630/1758/755 656/1981/863 126/1982/732
f 615/1539/629 604/1139/503 634/1983/864
f 615/1984/629 634/1985/864 632/1986/865
f 1169/1987/866 1164/1988/866 1165/1989/866
f 147/1990/823 139/1991/867 134/1992/824
f 2678/1993/868 2294/1994/868 2686/1995/868
f 1903/1096/479 1909/1692/727 1925/1848/798
f 2642/1514/651 2340/1681/722 2644/1976/747
f 633/1996/869 621/1997/869 622/1998/869
f 1566/1918/697 1511/1550/644 1524/1919/830
f 2668/1258/354 2277/1790/734 2286/1800/774
f 623/1999/870 659/2000/870 631/2001/870
f 617/1712/365 616/1584/682 636/2002/674
f 626/2003/871 616/2004/682 624/2005/593
f 1733/1666/714 1731/1345/581 1752/1850/799
f 2680/1964/751 2795/2006/872 2687/2007/873
f 2718/2008/874 2678/2009/874 2692/2010/874
f 2267/1023/455 2275/968/435 2291/2011/875
f 1747/2012/771 1751/2013/760 1756/2014/876
f 495/1596/658 501/1920/831 507/2015/877
f 127/1721/704 126/1720/732 656/2016/863
f 1816/1597/617 2119/1680/721 2104/1302/561
f 1158/1815/780 1165/1979/861 1164/2017/878
f 2680/1964/751 2687/2007/873 2688/1965/855
f 2286/2018/774 2294/1934/839 2677/1933/634
f 1819/1912/828 1821/1957/850 1817/1913/671
f 1156/1465/632 1166/2019/769 1148/1678/720
f 613/1301/560 624/1382/593 618/1925/834
f 626/2003/871 624/2005/593 625/2020/843
f 1138/1807/557 1168/1845/795 1167/2021/836
f 1171/2022/879 1173/2023/837 1168/2024/795
f 1738/2025/535 1748/2026/691 1758/2027/880
f 495/1596/658 507/2015/877 621/1922/832
f 1525/2028/713 1524/2029/830 1519/2030/649
f 1826/2031/881 1825/2032/882 1823/2033/883
f 2679/1864/749 2688/2034/855 2683/1865/806
f 2680/2035/751 2796/2036/859 2795/2037/872
f 626/2003/871 625/2020/843 627/2038/884
f 626/2039/871 627/2040/884 628/2041/885
f 2164/1835/791 2289/2042/886 2281/1199/469
f 1171/2043/887 1158/2044/887 1164/2045/887
f 2634/2046/475 2646/2047/888 2641/1796/772
f 1157/1808/776 1527/2048/889 1177/1792/640
f 2277/1711/734 2283/1710/662 2290/2049/890
f 138/2050/761 141/2051/891 152/2052/892
f 604/1139/503 633/1329/571 634/1983/864
f 2646/2047/888 2634/2046/475 2685/2053/805
f 1513/1221/531 1519/1511/649 1523/1901/821
f 2284/1757/753 2288/2054/827 2275/1455/435
f 131/2055/763 137/2056/893 138/2057/761
f 1169/2058/860 1015/2059/862 1176/2060/894
f 1904/1097/459 1925/1848/798 1910/2061/784
f 626/2039/871 629/2062/895 616/2063/682
f 948/2064/896 945/2065/897 946/2066/898
f 1410/2067/899 1400/1589/680 1405/1872/811
f 616/2004/682 618/2068/834 624/2005/593
f 2275/968/435 2288/2069/827 2291/2011/875
f 2096/1923/496 2124/1924/833 2117/2070/767
f 1749/2071/650 1759/2072/608 1750/2073/900
f 2113/2074/672 2118/2075/565 2125/2076/841
f 2673/1428/616 2674/1519/653 2689/2077/901
f 2347/1852/573 2355/1854/801 1908/2078/804
f 129/1759/756 630/1758/755 126/1982/732
f 1144/1636/663 142/2079/902 1137/1637/607
f 615/1984/629 632/1986/865 625/2080/843
f 133/2081/903 140/2082/903 128/2083/903
f 656/2084/863 630/2085/755 620/2086/857
f 2135/2087/740 2119/1939/721 1822/1938/738
f 1751/2088/760 1743/1895/744 1744/1897/819
f 2288/1908/827 2287/1907/826 2291/2089/875
f 619/2090/856 630/2091/755 631/2092/757
f 1902/1752/645 1907/1754/752 1912/1777/766
f 126/1703/732 128/1702/731 148/2093/904
f 942/1879/718 944/1953/849 948/2094/896
f 1162/1903/822 1170/2095/905 1157/1808/776
f 1740/1896/743 1752/2096/799 1744/1897/819
f 2796/2036/859 2797/2097/906 2795/2037/872
f 635/2098/907 157/2099/907 646/2100/907
f 1171/2101/908 1164/2102/908 1173/2103/908
f 626/2039/871 628/2041/885 629/2062/895
f 130/1769/762 145/2104/909 131/1770/763
f 946/2105/898 945/2106/897 961/2107/910
f 1400/2108/911 1410/2109/911 1399/2110/911
f 2090/873/383 2720/1487/543 2124/1924/833
f 2796/1974/859 2791/1239/538 2794/2111/852
f 2673/1428/616 2689/2077/901 2719/1959/611
f 1753/2112/851 1758/2027/880 1748/2026/691
f 1138/1807/557 1928/2113/912 1162/1903/822
f 147/2114/913 140/2115/913 139/2116/913
f 627/2038/884 625/2020/843 632/2117/865
f 2678/2118/914 2690/2119/914 2692/2120/914
f 1398/1357/587 1406/1894/818 1407/2121/521
f 2348/1853/427 2357/2122/693 2355/1854/801
f 138/2057/761 137/2056/893 141/2123/891
f 1751/2013/760 1757/2124/915 1756/2014/876
f 2121/1954/745 2105/1306/563 2127/2125/630
f 128/1702/731 140/2126/916 148/2093/904
f 1728/1734/681 1518/1833/790 1745/2127/840
f 1739/2128/754 1741/1858/803 1736/1723/619
f 1166/2019/769 1172/2129/917 1148/1678/720
f 1172/2130/918 954/2131/918 1010/2132/918
f 629/2062/895 647/2133/919 616/2063/682
f 2350/2134/730 2351/2135/729 2352/2136/920
f 2641/1796/772 2360/2137/921 2628/1397/491
f 629/2062/895 628/2041/885 647/2133/919
f 1138/1807/557 1167/2021/836 1187/2138/922
f 1137/1508/607 952/2139/923 950/1654/709
f 1514/1885/677 1523/2140/821 1521/1886/815
f 1522/1910/613 1521/1886/815 1516/1775/765
f 2795/2006/872 2695/2141/924 2687/2007/873
f 136/2142/812 138/2050/761 154/2143/925
f 1731/1608/581 1720/1335/575 1813/2144/926
f 1826/2145/927 1824/2146/927 1820/2147/927
f 1155/1783/768 1172/2148/917 1166/1784/769
f 1749/2149/650 1754/2150/928 1755/2151/770
f 949/2152/929 952/2153/929 947/2154/929
f 1165/1979/861 1158/1815/780 1148/1970/720
f 2117/2155/930 2124/2156/930 2105/2157/930
f 633/2158/931 622/2159/931 634/2160/931
f 2287/2161/932 2292/2162/932 2291/2163/932
f 1521/1886/815 1536/2164/933 1516/1775/765
f 138/2050/761 152/2052/892 154/2143/925
f 640/2165/934 635/2166/935 643/2167/936
f 1167/2021/836 1168/1845/795 1173/2168/837
f 2796/2169/937 2794/2170/937 2797/2171/937
f 2787/1435/452 2702/2172/759 2792/1260/547
f 1747/1789/771 1756/2173/876 1753/1960/851
f 616/2063/682 141/2174/891 636/2175/674
f 1407/2121/521 1417/2176/938 504/2177/621
f 1751/2088/760 1744/1897/819 1757/2178/915
f 2351/2179/729 2631/1029/458 2349/1821/783
f 1738/2180/535 1758/2181/880 1759/2182/608
f 1155/2183/939 943/2184/939 954/2185/939
f 627/2038/884 632/2117/865 634/2186/864
f 2702/1764/759 2784/1178/351 2700/2187/667
f 637/2188/940 627/2040/884 634/2189/864
f 1727/1544/666 1745/1940/840 1779/2190/941
f 1826/2191/881 1835/2192/942 1824/2193/943
f 2128/2194/785 2133/2195/944 2115/2196/809
f 2129/2197/945 2119/2198/945 2135/2199/945
f 2280/2200/707 2162/2201/946 2164/2202/791
f 1144/2203/663 141/2204/891 142/2205/902
f 1155/2206/947 954/2207/947 1172/2208/947
f 2280/2200/707 2161/2209/778 2162/2201/946
f 647/2133/919 628/2041/885 641/2210/948
f 1775/1795/708 1727/1544/666 1760/2211/949
f 1170/2095/905 1527/2048/889 1157/1808/776
f 2695/2212/950 2795/2213/950 2797/2214/950
f 497/2215/951 498/2216/952 499/2217/953
f 627/2040/884 638/2218/954 628/2041/885
f 498/2219/952 500/2220/955 502/2221/956
f 948/2222/957 946/2223/957 1012/2224/957
f 2638/1695/605 1937/2225/958 1906/1696/728
f 1187/2138/922 1928/2113/912 1138/1807/557
f 132/1830/787 646/1832/789 143/2226/959
f 497/2227/951 501/2228/831 498/2219/952
f 501/2228/831 500/2220/955 498/2219/952
f 1826/2229/881 1820/2230/960 1825/2231/882
f 1911/2232/961 1913/2233/962 1919/2234/963
f 650/2235/964 639/2236/965 642/2237/966
f 2719/1959/611 2689/2077/901 2721/1973/858
f 950/1553/668 951/2238/967 944/1953/849
f 949/2239/968 945/2240/968 953/2241/968
f 952/2139/923 1137/1508/607 947/2242/969
f 640/2243/970 643/2244/970 655/2245/970
f 616/2063/682 647/2133/919 141/2174/891
f 1752/2246/799 1762/2247/971 1744/2248/819
f 497/2227/951 507/2249/877 501/2228/831
f 126/1982/732 148/2250/904 129/1759/756
f 1524/1919/830 1511/1550/644 1531/2251/972
f 648/2252/973 645/2253/973 639/2254/973
f 1911/2255/974 1828/2256/975 1829/2257/974
f 1826/2258/881 1823/2259/883 1835/2260/942
f 1144/2203/663 636/2261/674 141/2204/891
f 1532/1846/796 1531/2251/972 1511/1550/644
f 1399/1893/576 1410/2262/976 1406/1894/818
f 147/2263/977 135/2264/977 148/2265/977
f 2792/1260/547 2705/2266/978 2794/1961/852
f 1165/1979/861 1148/1970/720 1015/1980/862
f 136/1877/812 129/1759/756 135/2267/825
f 1523/2140/821 1536/2164/933 1521/1886/815
f 141/2174/891 647/2133/919 150/2268/979
f 638/2218/954 641/2210/948 628/2041/885
f 2267/1213/455 2293/2269/980 2285/1799/773
f 131/2270/981 144/2271/981 137/2272/981
f 648/2273/982 651/2274/982 645/2275/982
f 1172/2276/917 1010/2277/983 1174/2278/984
f 501/2279/831 511/2280/985 500/2281/955
f 1523/1901/821 1519/1511/649 1526/2282/986
f 641/2283/948 642/2284/966 645/2285/987
f 639/2286/965 643/2287/936 644/2288/988
f 1753/2112/851 1761/2289/989 1758/2027/880
f 131/2290/763 145/2291/909 144/2292/990
f 130/1769/762 135/2267/825 146/2293/991
f 650/2294/964 643/2287/936 639/2286/965
f 639/2236/965 645/2295/987 642/2237/966
f 129/1759/756 148/2250/904 135/2267/825
f 2674/1811/653 2682/1810/777 2689/2296/901
f 2130/2297/992 2135/1727/740 2120/1726/739
f 620/1969/857 619/1968/856 657/2298/993
f 2119/1941/721 2138/2299/994 2125/1942/841
f 140/2300/995 147/2301/995 148/2302/995
f 132/1830/787 143/2226/959 133/1847/797
f 950/2303/996 952/2304/996 951/2305/996
f 1762/2247/971 1756/2306/876 1744/2248/819
f 1911/2307/997 1912/2308/997 1913/2309/997
f 2159/1612/690 2113/1559/672 2138/2310/994
f 142/2079/902 947/2311/969 1137/1637/607
f 498/2216/952 502/2312/956 513/2313/998
f 627/2040/884 637/2188/940 638/2218/954
f 1148/1678/720 1172/2129/917 1174/2314/984
f 1744/2248/819 1756/2306/876 1757/2315/915
f 1177/2316/640 1527/2317/889 1567/2318/999
f 510/1838/793 504/1837/621 1414/2319/1000
f 1746/2320/853 1739/1756/754 1725/1446/624
f 2792/1260/547 2702/2172/759 2705/2266/978
f 641/2210/948 638/2218/954 642/2321/966
f 141/2204/891 137/2322/893 142/2205/902
f 1162/1903/822 1175/2323/1001 1170/2095/905
f 635/2324/1002 646/2325/1002 653/2326/1002
f 621/1922/832 507/2015/877 503/2327/1003
f 1731/2328/581 1762/2329/971 1752/2330/799
f 1169/2331/1004 1176/2332/1004 1167/2333/1004
f 2123/1871/810 2115/1870/809 2131/2334/1005
f 2277/1711/734 2290/2049/890 2286/2335/774
f 496/2336/1006 510/2337/1006 501/2338/1006
f 647/2339/919 641/2283/948 651/2340/1007
f 501/2341/1008 510/2342/1008 511/2343/1008
f 140/2344/1009 133/1847/797 139/1991/867
f 2283/2345/662 2285/1799/773 2290/2049/890
f 1745/2127/840 1518/1833/790 1780/2346/1010
f 648/2347/1011 639/2286/965 644/2288/988
f 157/2348/1012 143/2349/1012 646/2350/1012
f 620/2086/857 648/2347/1011 644/2288/988
f 497/2227/951 505/2351/1013 507/2249/877
f 504/2352/621 515/2353/1014 1414/2354/1000
f 500/2355/955 1408/2356/1015 502/2357/956
f 1915/2358/1016 1828/2359/1016 1911/2360/1016
f 641/2283/948 645/2285/987 651/2340/1007
f 648/2361/1011 620/2362/857 649/2363/1017
f 1755/2151/770 1425/2364/1018 1520/2365/807
f 498/2216/952 513/2313/998 499/2217/953
f 2129/2366/1019 2138/2367/1019 2119/2368/1019
f 650/2369/964 642/2370/966 654/2371/1020
f 622/2372/1021 621/1922/832 530/2373/1022
f 942/1674/718 948/2374/896 1012/2375/1023
f 130/1769/762 136/1877/812 135/2267/825
f 1524/2029/830 1534/2376/1024 1519/2030/649
f 648/2361/1011 649/2363/1017 651/2377/1007
f 957/2378/1025 945/2106/897 949/2379/1026
f 647/2339/919 651/2340/1007 658/2380/1027
f 2628/1397/491 2360/2137/921 2643/2381/844
f 2351/2135/729 2353/2382/1028 2352/2136/920
f 646/2383/1029 652/2384/1029 653/2385/1029
f 2127/2125/630 2105/1306/563 2124/2386/833
f 1749/2149/650 1750/2387/900 1754/2150/928
f 2129/2388/1030 2130/2389/1030 2137/2390/1030
f 1727/1544/666 1779/2190/941 1760/2211/949
f 134/1992/824 139/1991/867 149/2391/1031
f 620/2086/857 653/2392/1032 656/2084/863
f 2690/2393/1033 2691/2394/1033 2692/2395/1033
f 505/2396/1013 497/2215/951 499/2217/953
f 1758/2181/880 1763/2397/1034 1759/2182/608
f 638/2218/954 654/2398/1020 642/2321/966
f 1819/1912/828 1820/1921/800 1824/2193/943
f 2688/2034/855 2687/2399/873 2693/2400/1035
f 2691/2401/1036 2698/2402/1036 2692/2403/1036
f 949/2404/1037 953/2405/1038 952/2406/1039
f 1762/2407/971 1765/2408/1040 1756/2173/876
f 2646/2047/888 2650/2409/1041 2641/1796/772
f 461/2410/1042 640/2411/1043 655/2412/1042
f 1148/1970/720 1174/2413/984 1015/1980/862
f 1910/1824/784 1916/2414/1044 1907/1754/752
f 635/2415/1045 640/2416/1045 157/2417/1045
f 1162/1903/822 1928/2113/912 1175/2323/1001
f 507/2249/877 505/2351/1013 508/2418/1046
f 2294/2419/839 2290/2049/890 2285/1799/773
f 1010/2277/983 1011/2420/1047 1174/2278/984
f 1910/2061/784 1925/1848/798 1914/2421/1048
f 1567/2318/999 1178/2422/1049 1177/2316/640
f 145/2104/909 130/1769/762 146/2293/991
f 1755/2151/770 1754/2150/928 1425/2364/1018
f 945/2065/897 948/2064/896 953/2423/1038
f 1720/1335/575 1737/1750/737 1813/2144/926
f 2290/2049/890 2294/2419/839 2286/2335/774
f 652/2424/1050 656/2425/1050 653/2426/1050
f 2686/1948/846 2699/2427/1051 2690/1949/847
f 650/2428/964 654/2429/1020 664/2430/1052
f 1177/2431/1053 1178/2432/1053 1532/2433/1053
f 1828/2434/1054 1827/2435/1055 1825/2436/882
f 943/1675/719 1012/2375/1023 954/2437/1056
f 637/2188/940 654/2398/1020 638/2218/954
f 133/1847/797 149/2391/1031 139/1991/867
f 2794/2438/852 2798/2439/1057 2797/2440/1058
f 2159/2441/1059 2132/2442/1059 2161/2443/1059
f 1407/2121/521 1406/1894/818 1417/2176/938
f 2692/1841/794 2698/2444/1060 2700/1839/667
f 505/2445/1013 506/2446/1061 508/2447/1046
f 141/2448/1062 150/2449/1062 152/2450/1062
f 1741/1858/803 1764/2451/1063 1737/1724/737
f 1731/2328/581 1765/2452/1040 1762/2329/971
f 2128/2194/785 2127/2453/630 2133/2195/944
f 647/2339/919 658/2380/1027 150/2454/979
f 1828/2455/1064 1825/2456/1064 1829/2457/1064
f 150/2458/979 151/2459/1065 152/2460/892
f 620/2362/857 657/2461/993 649/2363/1017
f 146/2293/991 165/2462/1066 145/2104/909
f 650/2294/964 655/2463/1067 643/2287/936
f 502/2464/1068 1409/2465/1068 513/2466/1068
f 500/2281/955 511/2280/985 1408/2467/1015
f 1911/2255/974 1829/2257/974 1912/2468/1069
f 1187/2469/922 1167/2470/836 1188/2471/1070
f 1010/2472/983 954/2473/1056 1011/2474/1047
f 2115/1870/809 2133/2475/944 2134/2476/1071
f 2281/1199/469 2289/2042/886 2284/1755/753
f 1907/1754/752 1913/2477/962 1912/1777/766
f 1410/2478/1072 1418/2479/1072 1406/2480/1072
f 150/2454/979 658/2380/1027 151/2481/1065
f 947/2311/969 957/2482/1025 949/2483/1026
f 164/2484/1073 955/2485/1073 956/2486/1073
f 164/2487/1074 163/2488/1075 955/2489/1076
f 1756/2173/876 1769/2490/1077 1753/1960/851
f 2797/2491/1078 2798/2492/1078 2695/2493/1078
f 157/2494/1079 640/2495/1079 460/2496/1079
f 2129/2497/1080 2135/2498/1080 2130/2499/1080
f 2287/2500/1081 2289/2501/1081 2292/2502/1081
f 507/2503/1082 508/2504/1082 503/2505/1082
f 2685/2506/1083 2123/2507/1083 2131/2508/1083
f 1187/2469/922 1188/2471/1070 1179/2509/1084
f 945/2106/897 957/2378/1025 959/2510/1085
f 1780/2511/1010 1779/2190/941 1745/1940/840
f 631/2092/757 659/2512/838 619/2090/856
f 134/1905/824 153/2513/1086 135/1906/825
f 2124/1924/833 2720/1487/543 2721/2514/858
f 1527/2515/889 1170/2516/905 1528/2517/1087
f 659/1931/838 136/1930/812 154/2518/925
f 2349/2519/1088 2644/2520/1088 2645/2521/1088
f 1919/2522/963 1915/2523/1089 1911/2524/961
f 644/2288/988 653/2392/1032 620/2086/857
f 943/1675/719 942/1674/718 1012/2375/1023
f 1739/2525/754 1766/2526/1090 1741/2527/803
f 621/1922/832 503/2327/1003 530/2373/1022
f 505/2396/1013 499/2217/953 509/2528/1091
f 2132/2529/1092 2163/2530/1093 2161/2209/778
f 2113/2074/672 2125/2076/841 2138/2531/994
f 1910/2061/784 1914/2421/1048 1916/2532/1044
f 1759/2072/608 1763/2533/1034 1750/2073/900
f 510/2534/1094 512/2535/1094 511/2536/1094
f 2159/1612/690 2138/2310/994 2132/2537/1092
f 461/2538/1095 460/2539/1095 640/2540/1095
f 511/2541/985 512/2542/1096 1408/2543/1015
f 651/2544/1007 649/2363/1017 658/2545/1027
f 649/2363/1017 657/2461/993 658/2545/1027
f 2644/1739/747 2639/1557/670 2645/2546/1097
f 502/2357/956 1408/2356/1015 1409/2547/1098
f 2350/2134/730 2352/2136/920 2357/2548/693
f 944/1953/849 951/2238/967 948/2094/896
f 658/2545/1027 657/2461/993 619/2549/856
f 650/2428/964 664/2430/1052 661/2550/1099
f 1958/2551/1100 1187/2138/922 1179/2552/1084
f 1819/1912/828 1824/2193/943 1831/2553/1101
f 954/2473/1056 1014/2554/1102 1011/2474/1047
f 508/2447/1046 506/2446/1061 503/2555/1003
f 154/2143/925 152/2052/892 161/2556/1103
f 2294/2557/1104 2699/2558/1051 2686/2559/846
f 2357/2560/693 2354/2561/1105 2355/2562/801
f 2351/2135/729 2349/2563/783 2353/2382/1028
f 1411/2564/1106 1412/2565/1107 510/2566/793
f 513/2567/998 1409/2568/1098 499/2569/953
f 155/2570/1108 172/2571/1109 157/2572/1110
f 2685/2573/1111 2131/2574/1111 2646/2575/1111
f 1823/2033/883 1825/2032/882 1183/2576/1112
f 953/2405/1038 951/2577/967 952/2406/1039
f 622/2372/1021 530/2373/1022 519/2578/1113
f 157/2579/1114 169/2580/1115 143/2581/959
f 961/2107/910 945/2106/897 959/2510/1085
f 1756/2173/876 1765/2408/1040 1769/2490/1077
f 1758/2181/880 1761/2289/989 1763/2397/1034
f 1907/1754/752 1916/2414/1044 1913/2477/962
f 2682/1810/777 2683/1956/806 2694/2582/1116
f 2136/2583/1117 2158/2584/1118 2124/1924/833
f 2700/2187/667 2703/2585/1119 2702/1764/759
f 169/2586/1120 157/2587/1120 172/2588/1120
f 2287/2589/826 2284/1755/753 2289/2042/886
f 173/2590/1121 164/2591/1121 956/2592/1121
f 1923/2593/1122 1179/2594/1122 1188/2595/1122
f 1761/2289/989 1753/2112/851 1767/2596/1123
f 2161/2209/778 2163/2530/1093 2162/2201/946
f 156/2597/1124 143/2581/959 169/2580/1115
f 1518/1971/790 1516/1775/765 1539/2598/1125
f 2688/2034/855 2693/2400/1035 2683/1865/806
f 142/2205/902 137/2322/893 144/2599/1126
f 1518/1971/790 1539/2598/1125 1529/2600/1127
f 2294/2419/839 2285/1799/773 2295/2601/1128
f 622/2602/1129 519/2603/1129 634/2604/1129
f 2687/2399/873 2695/2605/924 2693/2400/1035
f 947/2311/969 142/2079/902 956/2606/1130
f 1175/2607/1001 1530/2608/1131 1170/2516/905
f 658/2545/1027 619/2549/856 151/2609/1065
f 1915/2610/1089 1827/2435/1055 1828/2611/1054
f 1187/2138/922 1958/2551/1100 1928/2113/912
f 151/2609/1065 619/2549/856 659/2612/838
f 2129/2613/1132 2137/2614/1133 2138/2615/994
f 1167/2470/836 1189/2616/1134 1188/2471/1070
f 1418/2617/1135 1410/2618/1135 1413/2619/1135
f 2647/2620/1136 2645/2546/1097 2643/1946/844
f 1536/2621/1137 1523/2622/1137 1541/2623/1137
f 1411/2624/1106 1419/2625/1138 1416/2626/1139
f 155/2627/1140 157/2628/1140 158/2629/1140
f 644/2288/988 643/2287/936 653/2392/1032
f 162/2630/1141 159/2631/1142 160/2632/1143
f 2721/2514/858 2136/2583/1117 2124/1924/833
f 953/2423/1038 948/2064/896 951/2633/967
f 2683/1865/806 2693/2400/1035 2694/2582/1116
f 2643/1946/844 2360/2634/921 2647/2620/1136
f 2639/1557/670 2643/1946/844 2645/2546/1097
f 1825/2231/882 1820/2230/960 1829/2635/1144
f 2115/1870/809 2134/2476/1071 2131/2334/1005
f 2691/2636/1145 2690/2637/847 2696/2638/1146
f 2291/2639/875 2296/2640/1147 2267/1213/455
f 145/2291/909 165/2641/1066 173/2642/1148
f 1923/2643/1149 1188/2644/1070 1189/2645/1134
f 957/2646/1150 958/2647/1150 959/2648/1150
f 2164/2649/791 2173/2650/1151 2289/2651/886
f 158/2652/1152 157/2653/1152 460/2654/1152
f 152/2460/892 151/2459/1065 161/2655/1103
f 155/2570/1108 158/2656/1153 172/2571/1109
f 2120/1975/739 1821/1957/850 1834/2657/1154
f 510/2658/793 1414/2659/1000 514/2660/1155
f 162/2661/1141 184/2662/1156 183/2663/1157
f 154/2664/925 161/2665/1103 659/2666/838
f 1405/1872/811 1520/1932/807 1425/2667/1018
f 2641/1796/772 2650/2409/1041 2360/2137/921
f 1534/2376/1024 1524/2029/830 1531/2668/972
f 1820/2669/1158 1912/2670/1158 1829/2671/1158
f 654/2398/1020 637/2188/940 660/2672/1159
f 503/2555/1003 506/2446/1061 530/2673/1022
f 1011/2674/1160 1014/2675/1160 1174/2676/1160
f 1915/2677/1089 1919/2678/963 1917/2679/1161
f 165/2680/1162 163/2681/1162 164/2682/1162
f 1753/1960/851 1769/2490/1077 1767/2683/1123
f 1908/2684/804 2355/2685/801 2356/2686/1163
f 504/2687/621 514/2688/1155 515/2689/1014
f 659/2666/838 161/2665/1103 151/2690/1065
f 514/2660/1155 1411/2691/1106 510/2658/793
f 516/2692/1164 634/2693/1165 517/2694/1166
f 144/2695/1126 956/2606/1130 142/2079/902
f 1919/2678/963 1918/2696/1167 1924/2697/1168
f 146/2293/991 153/2698/1086 177/2699/1169
f 504/2700/621 1415/2701/1170 514/2702/1155
f 643/2167/936 635/2166/935 653/2703/1032
f 1827/2435/1055 1915/2610/1089 1922/2704/1171
f 1923/2643/1149 1189/2645/1134 1917/2705/1161
f 505/2445/1013 509/2706/1091 506/2446/1061
f 2267/1213/455 2296/2640/1147 2293/2269/980
f 1913/2233/962 1916/2707/1044 1919/2234/963
f 2721/2708/858 2689/2296/901 2697/2709/1172
f 1919/2710/963 1916/2711/1044 1918/2712/1167
f 1527/2515/889 1528/2517/1087 1567/2713/999
f 1015/2059/862 1180/2714/1173 1176/2060/894
f 135/2267/825 153/2698/1086 146/2293/991
f 1531/2715/1174 1532/2716/1174 1533/2717/1174
f 954/2473/1056 1012/2718/1023 1014/2554/1102
f 506/2719/1061 520/2720/1175 518/2721/1176
f 144/2292/990 145/2291/909 173/2642/1148
f 133/1847/797 143/2226/959 156/2722/1124
f 2354/2561/1105 2357/2560/693 2358/2723/1177
f 1737/1750/737 1764/2724/1063 1813/2144/926
f 461/2725/1178 663/2726/1178 460/2727/1178
f 165/2728/1179 164/2729/1179 173/2730/1179
f 165/2462/1066 146/2293/991 174/2731/1180
f 2349/2563/783 2645/2732/1097 2353/2382/1028
f 515/2353/1014 527/2733/1181 1414/2354/1000
f 514/2660/1155 1419/2734/1138 1411/2691/1106
f 2291/2639/875 2292/2735/1182 2296/2640/1147
f 2356/2736/1163 2355/2562/801 2354/2561/1105
f 968/2737/1183 960/2738/1184 961/2739/910
f 668/2740/1185 660/2741/1185 516/2742/1185
f 1746/2743/853 1775/2744/708 1768/2745/1186
f 1909/1945/727 1906/1696/728 1932/2746/1187
f 1769/2747/1077 1765/2748/1040 1771/2749/1188
f 1518/1833/790 1529/2750/1127 1780/2346/1010
f 162/2751/1141 183/2752/1157 159/2753/1142
f 1417/2754/938 1415/2701/1170 504/2700/621
f 655/2755/1189 650/2756/1189 661/2757/1189
f 516/2692/1164 517/2694/1166 522/2758/1190
f 1411/2564/1106 1416/2759/1139 1412/2565/1107
f 1406/1894/818 1418/2760/1191 1417/2176/938
f 2698/2761/1060 2691/2762/1145 2708/2763/1192
f 946/2764/898 964/2765/1193 1012/2766/1023
f 2137/2614/1133 2139/2767/1194 2138/2615/994
f 2132/2768/1092 2130/2769/992 2163/2770/1093
f 1917/2679/1161 1919/2678/963 1920/2771/1195
f 668/2772/1196 516/2773/1164 524/2774/1197
f 517/2694/1166 634/2693/1165 519/2775/1113
f 664/2430/1052 662/2776/1198 661/2550/1099
f 959/2510/1085 968/2777/1183 961/2107/910
f 2137/2614/1133 2130/2778/992 2139/2767/1194
f 664/2779/1052 654/2398/1020 660/2672/1159
f 2360/2634/921 2648/2780/1199 2647/2620/1136
f 165/2781/1200 174/2782/1200 163/2783/1200
f 1176/2060/894 1180/2714/1173 1182/2784/1201
f 946/2785/898 961/2739/910 964/2786/1193
f 1516/1775/765 1536/2164/933 1540/2787/1202
f 506/2446/1061 523/2788/1203 520/2789/1175
f 1167/2470/836 1176/2060/894 1189/2616/1134
f 2646/2790/888 2131/2791/1005 2649/2792/1204
f 2690/2637/847 2699/2793/1051 2696/2638/1146
f 1176/2060/894 1182/2784/1201 1189/2616/1134
f 637/2188/940 634/2189/864 660/2672/1159
f 1741/2527/803 1766/2526/1090 1770/2794/1205
f 1739/2525/754 1772/2795/1206 1766/2526/1090
f 506/2446/1061 509/2706/1091 523/2788/1203
f 162/2630/1141 160/2632/1143 166/2796/1207
f 1914/2421/1048 1925/1848/798 1921/2797/1208
f 2132/2537/1092 2139/2798/1194 2130/2799/992
f 1767/2800/1123 1769/2747/1077 1771/2749/1188
f 2285/1799/773 2293/2269/980 2295/2601/1128
f 2353/2801/1028 2645/2546/1097 2647/2620/1136
f 1189/2645/1134 1922/2802/1171 1917/2705/1161
f 1924/2697/1168 1920/2771/1195 1919/2678/963
f 516/2803/1164 521/2804/1209 524/2805/1197
f 506/2806/1061 522/2807/1190 517/2808/1166
f 1915/2677/1089 1917/2679/1161 1922/2809/1171
f 516/2810/1210 660/2811/1210 634/2812/1210
f 1827/2435/1055 1183/2813/1112 1825/2436/882
f 162/2661/1141 166/2814/1207 184/2662/1156
f 521/2804/1209 516/2803/1164 538/2815/1211
f 1914/2816/1048 1918/2712/1167 1916/2711/1044
f 1531/2817/1212 1533/2818/1212 1534/2819/1212
f 506/2719/1061 518/2721/1176 522/2820/1190
f 2354/2821/1105 2358/2822/1177 2359/2823/1213
f 522/2824/1190 518/2825/1176 516/2803/1164
f 506/2806/1061 517/2808/1166 530/2826/1022
f 1917/2679/1161 1920/2771/1195 1923/2827/1149
f 1923/2827/1149 1920/2771/1195 1179/2828/1084
f 1924/2829/1168 1918/2830/1167 1921/2831/1208
f 514/2660/1155 1415/2832/1170 1419/2734/1138
f 499/2569/953 523/2833/1203 509/2834/1091
f 1958/2835/1100 1924/2697/1168 1931/2836/1214
f 1178/2837/1049 1533/2838/1215 1532/2839/1216
f 1918/2830/1167 1914/2840/1048 1921/2831/1208
f 1931/2841/1214 1924/2842/1168 1925/2843/798
f 524/2774/1197 534/2844/1217 668/2772/1196
f 1771/2845/1188 1765/2452/1040 1731/2328/581
f 1928/2113/912 1959/2846/1218 1175/2323/1001
f 526/2847/1219 524/2848/1219 525/2849/1219
f 1924/2697/1168 1958/2835/1100 1920/2771/1195
f 526/2850/1220 534/2851/1220 524/2852/1220
f 149/2853/1031 179/2854/1221 134/2855/824
f 1768/2745/1186 1772/2856/1206 1746/2743/853
f 1767/2857/1123 1771/2858/1188 1773/2859/1222
f 514/2688/1155 527/2860/1181 515/2689/1014
f 1179/2828/1084 1920/2771/1195 1958/2835/1100
f 1516/1775/765 1540/2787/1202 1539/2598/1125
f 526/2861/1223 525/2862/1223 532/2863/1223
f 1835/2260/942 1823/2259/883 1830/2864/1224
f 525/2865/1225 524/2866/1225 521/2867/1225
f 461/2868/1226 669/2869/1226 663/2870/1226
f 1414/2871/1000 527/2872/1181 514/2873/1155
f 2289/2874/1227 2297/2875/1227 2292/2876/1227
f 467/2877/1228 462/2878/1229 663/2879/1230
f 1824/2193/943 1835/2192/942 1831/2553/1101
f 959/2880/1231 958/2881/1231 968/2882/1231
f 2364/2883/1232 2357/2548/693 2352/2136/920
f 526/2884/1233 532/2885/1233 534/2886/1233
f 520/2789/1175 523/2788/1203 528/2887/1234
f 1761/2289/989 1767/2596/1123 1773/2888/1222
f 2120/2889/739 1834/2890/1154 2130/2891/992
f 1771/2845/1188 1731/2328/581 1774/2892/1235
f 518/2893/1236 520/2894/1236 537/2895/1236
f 1827/2435/1055 1922/2704/1171 1183/2813/1112
f 1182/2896/1237 1180/2897/1237 1181/2898/1237
f 664/2899/1052 670/2900/1238 662/2901/1198
f 530/2373/1022 529/2902/1239 536/2903/1240
f 530/2373/1022 536/2903/1240 519/2578/1113
f 2700/2904/667 2698/2905/1060 2701/2906/1241
f 516/2803/1164 518/2825/1176 538/2815/1211
f 133/1847/797 156/2722/1124 149/2391/1031
f 2353/2382/1028 2647/2907/1136 2393/2908/1242
f 174/2731/1180 146/2293/991 167/2909/1243
f 467/2877/1228 463/2910/1244 462/2878/1229
f 1519/1511/649 1534/2911/1024 1535/2912/1245
f 1741/1858/803 1770/2913/1205 1764/2451/1063
f 1175/2607/1001 1960/2914/1246 1530/2608/1131
f 534/2915/1217 665/2916/1247 668/2917/1196
f 2702/2918/759 2703/2919/1119 2704/2920/1248
f 1771/2858/1188 1774/2921/1235 1773/2859/1222
f 517/2922/1249 529/2923/1249 530/2924/1249
f 1416/2626/1139 1419/2625/1138 1422/2925/1250
f 520/2926/1175 529/2927/1239 537/2928/1251
f 2127/2929/630 2134/2476/1071 2133/2475/944
f 2357/2930/693 2364/2931/1232 2358/2932/1177
f 529/2933/1239 520/2789/1175 536/2934/1240
f 1775/2935/708 1760/2936/949 1812/2937/1252
f 2646/2790/888 2649/2792/1204 2650/2938/1041
f 2132/2537/1092 2138/2310/994 2139/2798/1194
f 2701/2906/1241 2703/2919/1119 2700/2904/667
f 1773/2859/1222 1774/2921/1235 1776/2939/1253
f 2691/2762/1145 2696/2940/1146 2708/2763/1192
f 1925/2843/798 1932/2941/1187 1931/2841/1214
f 1536/2942/1254 1541/2943/1254 1540/2944/1254
f 1409/2945/1098 1408/2946/1015 531/2947/1255
f 2702/2918/759 2704/2920/1248 2705/2948/978
f 1931/2949/1214 1926/2950/1256 1958/2951/1100
f 1909/1945/727 1932/2746/1187 1925/2952/798
f 1409/2568/1098 531/2953/1255 499/2569/953
f 2164/2954/1257 2162/2955/1257 2165/2956/1257
f 159/2753/1142 183/2752/1157 177/2957/1169
f 1821/1957/850 1819/1912/828 1837/2958/1258
f 1831/2959/1101 1837/2958/1258 1819/1912/828
f 525/2960/1259 521/2961/1209 532/2962/1260
f 1768/2745/1186 1775/2963/708 1812/2964/1252
f 2297/2965/1261 2296/2966/1261 2292/2967/1261
f 2130/2891/992 1834/2890/1154 1832/2968/1262
f 663/2879/1230 462/2878/1229 460/2969/1263
f 669/2970/1264 461/2410/1042 655/2412/1042
f 2360/2137/921 2650/2409/1041 2652/2971/1265
f 1523/1901/821 1526/2282/986 1541/2972/1266
f 134/2855/824 171/2973/1267 153/2974/1086
f 1405/1872/811 1426/2975/1268 1410/2067/899
f 1754/2150/928 1777/2976/1269 1425/2364/1018
f 520/2789/1175 528/2887/1234 536/2934/1240
f 1739/2525/754 1746/2977/853 1772/2795/1206
f 664/2899/1052 660/2978/1159 670/2900/1238
f 2705/2948/978 2706/2979/1270 2794/2980/852
f 153/2981/1086 171/2982/1267 177/2983/1169
f 1774/2984/1235 1731/2985/581 1783/2986/1271
f 1830/2987/1224 1823/2988/883 1034/2989/1272
f 1419/2734/1138 1415/2832/1170 1417/2990/938
f 1778/2991/1273 1731/2992/581 1813/2993/926
f 2164/2649/791 2165/2994/1274 2173/2650/1151
f 2352/2136/920 2353/2382/1028 2393/2908/1242
f 529/2927/1239 517/2995/1166 537/2928/1251
f 532/2962/1260 521/2961/1209 539/2996/1275
f 1178/2837/1049 1537/2997/1276 1533/2838/1215
f 964/2765/1193 1019/2998/1277 1012/2766/1023
f 512/2542/1096 533/2999/1278 1408/2543/1015
f 1833/3000/1279 1835/3001/1279 1830/3002/1279
f 134/2855/824 159/3003/1142 171/2973/1267
f 963/3004/1280 1016/3005/1281 1013/3006/1282
f 655/3007/1283 661/3008/1284 666/3009/1285
f 1924/2842/1168 1921/3010/1208 1925/2843/798
f 499/2569/953 531/2953/1255 523/2833/1203
f 2356/2736/1163 2354/2561/1105 2366/3011/1286
f 955/3012/1076 163/3013/1075 168/3014/1287
f 531/2947/1255 1408/2946/1015 533/3015/1278
f 134/2855/824 179/2854/1221 159/3003/1142
f 462/2878/1229 464/3016/1288 460/2969/1263
f 534/3017/1217 532/3018/1260 665/3019/1247
f 1779/3020/941 1780/3021/1010 1781/3022/1289
f 158/3023/1290 460/3024/1263 464/3025/1288
f 1533/3026/1291 1537/3027/1291 1534/3028/1291
f 1836/3029/1292 1834/3030/1292 1837/3031/1292
f 1837/2958/1258 1834/2657/1154 1821/1957/850
f 1170/2516/905 1530/2608/1131 1528/2517/1087
f 169/3032/1293 170/3033/1293 156/3034/1293
f 1418/3035/1294 1413/3036/1294 1417/3037/1294
f 2354/2561/1105 2359/3038/1213 2366/3011/1286
f 462/2878/1229 463/2910/1244 464/3016/1288
f 2638/1695/605 1927/3039/1295 1937/2225/958
f 1519/1511/649 1535/2912/1245 1526/2282/986
f 1174/3040/984 1014/3041/1296 1021/3042/1297
f 2163/2530/1093 2166/3043/1298 2162/2201/946
f 1419/3044/1138 1420/3045/1299 1422/3046/1250
f 1189/2645/1134 1182/3047/1201 1026/3048/1300
f 1012/3049/1023 1019/3050/1277 1014/3051/1102
f 1181/3052/1301 1026/3048/1300 1182/3047/1201
f 2393/2908/1242 2647/2907/1136 2648/3053/1199
f 1178/2422/1049 1567/2318/999 1537/3054/1276
f 1958/3055/1100 1926/3056/1256 1928/3057/912
f 1906/1696/728 1937/2225/958 1932/2746/1187
f 960/2738/1184 964/2786/1193 961/2739/910
f 2693/2400/1035 2707/3058/1302 2694/2582/1116
f 166/2796/1207 160/2632/1143 191/3059/1303
f 510/3060/793 1412/3061/1107 535/3062/1304
f 1831/2959/1101 1835/3063/942 1837/2958/1258
f 531/2947/1255 533/3015/1278 523/3064/1203
f 517/2694/1166 519/2775/1113 537/3065/1251
f 467/3066/1305 663/3067/1305 669/3068/1305
f 177/2957/1169 171/3069/1267 159/2753/1142
f 1774/2984/1235 1783/2986/1271 1785/3070/1306
f 1013/3006/1282 1014/3071/1102 963/3004/1280
f 2289/3072/886 2172/3073/1307 2297/3074/1308
f 958/3075/1309 957/3076/1309 968/3077/1309
f 536/3078/1240 533/2999/1278 512/2542/1096
f 1174/3040/984 1027/3079/1310 1015/3080/862
f 172/3081/1311 158/3082/1311 464/3083/1311
f 1189/2645/1134 1026/3048/1300 1922/2802/1171
f 2698/2905/1060 2708/3084/1192 2701/2906/1241
f 2140/3085/1312 2131/3086/1005 2134/3087/1071
f 665/3088/1313 667/3089/1313 668/3090/1313
f 2693/2400/1035 2695/3091/924 2706/3092/1270
f 532/3018/1260 539/3093/1275 665/3019/1247
f 660/3094/1314 668/3095/1314 670/3096/1314
f 169/3097/1315 172/3098/1316 170/3099/1317
f 1021/3042/1297 1027/3079/1310 1174/3040/984
f 1908/1860/804 1927/3039/1295 2638/1695/605
f 2163/2530/1093 2167/3100/1318 2166/3043/1298
f 1015/3080/862 1027/3079/1310 1180/3101/1173
f 1785/3070/1306 1776/3102/1253 1774/2984/1235
f 1417/3103/938 1420/3045/1299 1419/3044/1138
f 1833/3104/1319 1837/3105/1319 1835/3106/1319
f 170/3107/1317 188/3108/1320 156/2722/1124
f 523/3064/1203 533/3015/1278 528/3109/1234
f 1529/3110/1127 1538/3111/1321 1780/3112/1010
f 2798/3113/1057 2706/3092/1270 2695/3091/924
f 957/2482/1025 947/2311/969 956/2606/1130
f 1922/2802/1171 1029/3114/1322 1183/3115/1112
f 662/3116/1198 670/3117/1238 661/3118/1099
f 518/3119/1176 537/3120/1251 540/3121/1323
f 1959/3122/1218 1929/3123/1324 1175/3124/1001
f 463/3125/1244 465/3126/1325 464/3127/1288
f 518/3119/1176 540/3121/1323 538/3128/1211
f 2163/2770/1093 2130/2769/992 1832/3129/1262
f 2359/2823/1213 2358/2822/1177 2362/3130/1326
f 1013/3131/1327 1021/3132/1327 1014/3133/1327
f 2693/2400/1035 2706/3092/1270 2707/3058/1302
f 667/3134/1328 671/3135/1329 668/3136/1330
f 1016/3137/1331 1031/3138/1331 1013/3139/1331
f 533/2999/1278 536/3078/1240 528/3140/1234
f 2649/3141/1204 2131/3142/1005 2140/3143/1312
f 655/3144/1332 666/3145/1332 669/3146/1332
f 146/2293/991 177/2699/1169 167/2909/1243
f 536/2903/1240 512/3147/1096 519/2578/1113
f 521/2804/1209 538/2815/1211 539/3148/1275
f 1928/3057/912 1926/3056/1256 1959/3149/1218
f 1754/2150/928 1750/2387/900 1777/2976/1269
f 1813/2144/926 1764/2724/1063 1782/3150/1333
f 665/3151/1247 539/3148/1275 667/3152/1328
f 1959/3149/1218 1926/3056/1256 1930/3153/1334
f 1783/3154/1271 1784/3155/1335 1785/3156/1306
f 166/3157/1336 191/3158/1336 178/3159/1336
f 2689/2296/901 2682/1810/777 2709/3160/1337
f 1410/2067/899 1421/3161/1338 1413/3162/1339
f 2648/3053/1199 2360/3163/921 2361/3164/1340
f 2364/2931/1232 2362/3165/1326 2358/2932/1177
f 1823/2988/883 1183/3166/1112 1034/2989/1272
f 1417/3103/938 1413/3167/1339 1421/3168/1338
f 1830/2987/1224 1034/2989/1272 1833/3169/1341
f 1783/3170/1271 1778/2991/1273 1784/3171/1335
f 1024/3172/1342 1017/3173/1343 1018/3174/1344
f 2294/2557/1104 2302/3175/1345 2699/2558/1051
f 1180/3101/1173 1027/3079/1310 1181/3176/1346
f 1423/3177/1347 1412/2565/1107 1416/2759/1139
f 1526/3178/1348 1542/3179/1348 1541/3180/1348
f 160/3181/1143 187/3182/1349 194/3183/1350
f 2798/3184/1057 2794/2980/852 2706/2979/1270
f 172/3098/1316 181/3185/1351 170/3099/1317
f 1926/2950/1256 1931/2949/1214 1934/3186/1352
f 510/3060/793 535/3062/1304 512/3147/1096
f 2127/3187/630 2150/3188/1353 2134/3087/1071
f 2293/2269/980 2296/2640/1147 2305/3189/1354
f 2162/3190/946 2170/3191/1355 2165/3192/1274
f 1731/3193/581 1778/2991/1273 1783/3170/1271
f 1934/3194/1356 1931/3195/1356 1933/3196/1356
f 1837/3197/1357 1841/3198/1358 1836/3199/1359
f 1837/3200/1357 1833/3201/1341 1034/3202/1272
f 2136/2583/1117 2721/2514/858 2697/3203/1172
f 173/3204/1360 956/3205/1360 144/3206/1360
f 1014/3071/1102 1019/3207/1277 963/3004/1280
f 188/3108/1320 149/2391/1031 156/2722/1124
f 1760/2936/949 1779/3020/941 1812/2937/1252
f 179/3208/1221 149/2391/1031 175/3209/1361
f 2124/2386/833 2150/3210/1353 2127/2125/630
f 1183/3166/1112 1029/3211/1322 1034/2989/1272
f 2162/2201/946 2166/3043/1298 2168/3212/1362
f 537/3065/1251 519/2775/1113 540/3213/1323
f 163/3013/1075 174/3214/1180 168/3014/1287
f 670/3215/1238 668/3136/1330 671/3135/1329
f 1540/3216/1202 1551/3217/1363 1539/3218/1125
f 672/3219/1364 673/3220/1365 669/3221/1366
f 2124/2386/833 2158/3222/1118 2141/3223/1367
f 1013/3224/1368 1020/3225/1369 1021/3226/1297
f 2699/2558/1051 2301/3227/1370 2696/3228/1146
f 1540/3229/1371 1541/3230/1371 1542/3231/1371
f 2136/2583/1117 2697/3203/1172 2158/2584/1118
f 661/3008/1284 669/3232/1372 666/3009/1285
f 1018/3174/1344 1022/3233/1373 1024/3234/1342
f 661/3235/1374 672/3236/1374 669/3237/1374
f 2649/3141/1204 2653/3238/1375 2650/3239/1041
f 464/3127/1288 476/3240/1376 172/3241/1316
f 1417/3103/938 1421/3168/1338 1420/3045/1299
f 2296/3242/1377 2297/3243/1377 2305/3244/1377
f 964/2765/1193 962/3245/1378 1019/2998/1277
f 670/3117/1238 671/3246/1329 661/3118/1099
f 2352/3247/920 2363/3248/1379 2364/3249/1232
f 2140/3085/1312 2134/3087/1071 2142/3250/1380
f 2649/3141/1204 2140/3143/1312 2147/3251/1381
f 538/3252/1211 540/3253/1323 541/3254/1382
f 175/3255/1361 176/3256/1383 179/3257/1221
f 2393/3258/1242 2363/3248/1379 2352/3247/920
f 1922/2802/1171 1026/3048/1300 1029/3114/1322
f 160/3181/1143 194/3183/1350 191/3259/1303
f 177/3260/1169 183/3261/1157 182/3262/1384
f 1534/3263/1024 1543/3264/1385 1535/3265/1245
f 2682/1810/777 2694/2582/1116 2709/3160/1337
f 2170/3191/1355 2173/3266/1151 2165/3192/1274
f 1019/3267/1277 962/3268/1378 963/3269/1280
f 2162/2201/946 2169/3270/1386 2170/3271/1355
f 963/3004/1280 1023/3272/1387 1016/3005/1281
f 2703/2919/1119 2701/2906/1241 2704/2920/1248
f 2649/3141/1204 2147/3251/1381 2653/3238/1375
f 166/3273/1207 178/3274/1388 184/3275/1156
f 468/3276/1389 467/3277/1390 669/3278/1366
f 964/3279/1193 966/3280/1391 962/3281/1378
f 2163/2770/1093 1832/3129/1262 2167/3282/1318
f 2699/2558/1051 2302/3175/1345 2301/3227/1370
f 2393/2908/1242 2648/3053/1199 2363/3283/1379
f 1024/3284/1342 1025/3285/1392 1017/3286/1343
f 179/3287/1221 176/3288/1383 159/3289/1142
f 540/3290/1323 547/3291/1393 541/3292/1382
f 1534/3293/1024 1547/3294/1394 1543/3295/1385
f 1537/3296/1276 1547/3294/1394 1534/3293/1024
f 1785/3156/1306 1784/3155/1335 1786/3297/1395
f 2167/3298/1318 1845/3299/1396 2166/3043/1298
f 661/3300/1397 671/3301/1397 672/3302/1397
f 2650/3303/1041 2651/3304/1398 2652/3305/1265
f 172/3306/1316 180/3307/1399 181/3308/1351
f 2289/3309/886 2171/3310/1400 2172/3311/1307
f 160/3181/1143 159/3312/1142 187/3182/1349
f 1027/3079/1310 1021/3042/1297 1020/3313/1369
f 1960/2914/1246 1175/2607/1001 1929/3314/1324
f 2653/3315/1401 2147/3316/1401 2144/3317/1401
f 964/3318/1193 960/3319/1184 966/3320/1391
f 2297/3321/1402 2172/3322/1402 2305/3323/1402
f 957/2482/1025 956/2606/1130 968/3324/1183
f 1542/3325/1403 1526/3326/986 1544/3327/1404
f 2708/2763/1192 2696/2940/1146 2710/3328/1405
f 1836/3329/1406 1841/3330/1406 1839/3331/1406
f 539/3148/1275 538/2815/1211 667/3152/1328
f 1416/3332/1139 1422/3333/1250 1423/3334/1347
f 1841/3198/1358 1837/3197/1357 1838/3335/1407
f 177/2699/1169 182/3336/1384 167/2909/1243
f 1931/3337/1408 1932/3338/1408 1933/3339/1408
f 1029/3340/1409 1026/3341/1409 1025/3342/1409
f 1836/3343/1410 1839/3344/1410 1834/3345/1410
f 672/3346/1364 671/3347/1329 673/3348/1365
f 463/3349/1244 474/3350/1411 465/3351/1325
f 667/3352/1328 538/3252/1211 545/3353/1412
f 2293/2269/980 2305/3189/1354 2298/3354/1413
f 538/3252/1211 541/3254/1382 545/3353/1412
f 2360/2137/921 2652/2971/1265 2361/3355/1340
f 2124/2386/833 2141/3223/1367 2150/3210/1353
f 2356/2736/1163 2366/3011/1286 2365/3356/1414
f 1540/3216/1202 1542/3325/1403 1551/3217/1363
f 1812/2937/1252 1779/3020/941 1781/3022/1289
f 1031/3357/1415 1016/3358/1281 1035/3359/1416
f 188/3108/1320 175/3209/1361 149/2391/1031
f 1785/3156/1306 1786/3297/1395 1776/3360/1253
f 1932/2746/1187 1937/2225/958 1933/3361/1417
f 2294/2419/839 2299/3362/1418 2304/3363/1419
f 183/3364/1157 202/3365/1420 215/3366/1421
f 1017/3286/1343 1181/3367/1346 1027/3368/1310
f 183/3364/1157 184/3369/1156 202/3365/1420
f 1025/3285/1392 1024/3284/1342 1030/3370/1422
f 463/3349/1244 467/3371/1228 474/3350/1411
f 185/3372/1423 186/3373/1424 188/3108/1320
f 669/3221/1366 673/3220/1365 468/3374/1389
f 1763/2397/1034 1761/2289/989 1787/3375/1425
f 2689/2296/901 2711/3376/1426 2697/2709/1172
f 2294/3377/1427 2304/3378/1427 2302/3379/1427
f 1776/2939/1253 1791/3380/1428 1773/2859/1222
f 519/2578/1113 512/3147/1096 546/3381/1429
f 1423/3334/1347 1422/3333/1250 1424/3382/1430
f 1412/2565/1107 1423/3177/1347 542/3383/1431
f 1405/1872/811 1425/2667/1018 1426/2975/1268
f 2147/3384/1432 2143/3385/1432 2144/3386/1432
f 1926/3056/1256 1934/3387/1352 1930/3153/1334
f 2162/2201/946 2168/3212/1362 2169/3270/1386
f 535/3062/1304 1412/3061/1107 542/3388/1431
f 1028/3389/1433 1023/3272/1387 963/3004/1280
f 1930/3153/1334 1935/3390/1434 1959/3149/1218
f 170/3391/1317 181/3392/1351 196/3393/1435
f 1780/3112/1010 1538/3111/1321 1781/3394/1289
f 2140/3395/1312 2142/3250/1380 2148/3396/1436
f 1026/3397/1437 1181/3398/1437 1025/3399/1437
f 1776/3400/1438 1786/3401/1438 1791/3402/1438
f 2652/3403/1265 2368/3404/1439 2361/3405/1340
f 1017/3173/1343 1027/3079/1310 1018/3174/1344
f 1029/3406/1440 1025/3407/1440 1030/3408/1440
f 159/3289/1142 176/3288/1383 187/3409/1349
f 2697/3203/1172 2149/3410/1441 2158/2584/1118
f 1017/3286/1343 1025/3285/1392 1181/3367/1346
f 1529/3411/1127 1539/3218/1125 1538/3412/1321
f 2709/3160/1337 2694/2582/1116 2712/3413/1442
f 960/3319/1184 965/3414/1443 966/3320/1391
f 188/3108/1320 186/3373/1424 175/3209/1361
f 1763/2533/1034 1787/3415/1425 1750/2073/900
f 2648/3053/1199 2361/3164/1340 2363/3283/1379
f 963/3269/1280 962/3268/1378 1028/3416/1433
f 1034/3202/1272 1045/3417/1444 1837/3200/1357
f 2293/2269/980 2298/3354/1413 2295/2601/1128
f 1526/2282/986 1535/2912/1245 1545/3418/1445
f 2173/3419/1151 2171/3310/1400 2289/3309/886
f 2173/3420/1151 2170/3421/1355 2183/3422/1446
f 170/3423/1317 196/3424/1435 188/3425/1320
f 2689/2296/901 2709/3160/1337 2711/3376/1426
f 1908/3426/1447 2356/3427/1447 2365/3428/1447
f 512/3147/1096 535/3062/1304 546/3381/1429
f 1013/3224/1368 1031/3429/1415 1020/3225/1369
f 1832/2968/1262 1834/2890/1154 1839/3430/1448
f 965/3431/1443 973/3432/1449 966/3433/1391
f 2366/3434/1286 2359/3435/1213 2367/3436/1450
f 1773/2888/1222 1794/3437/1451 1761/2289/989
f 541/3292/1382 543/3438/1452 545/3439/1412
f 2294/2419/839 2295/2601/1128 2299/3362/1418
f 1016/3358/1281 1032/3440/1453 1035/3359/1416
f 2134/3087/1071 2145/3441/1454 2142/3250/1380
f 2362/3165/1326 2364/2931/1232 2367/3442/1450
f 1024/3443/1455 1071/3444/1455 1030/3445/1455
f 1761/2289/989 1788/3446/1456 1787/3375/1425
f 2295/2601/1128 2298/3354/1413 2299/3362/1418
f 962/3281/1378 966/3280/1391 1028/3447/1433
f 1426/2975/1268 1421/3161/1338 1410/2067/899
f 175/3255/1361 193/3448/1457 176/3256/1383
f 1528/2517/1087 1546/3449/1458 1567/2713/999
f 168/3450/1287 174/3451/1180 189/3452/1459
f 168/3450/1287 979/3453/1460 955/3454/1076
f 547/3291/1393 544/3455/1461 541/3292/1382
f 2713/3456/1462 2705/2948/978 2704/2920/1248
f 174/2731/1180 167/2909/1243 190/3457/1463
f 2650/3303/1041 2653/3458/1375 2651/3304/1398
f 2304/3459/1464 2300/3460/1464 2302/3461/1464
f 1027/3079/1310 1033/3462/1465 1018/3174/1344
f 1016/3358/1281 1023/3463/1387 1032/3440/1453
f 1959/3122/1218 1935/3464/1434 1929/3123/1324
f 1542/3325/1403 1544/3327/1404 1551/3217/1363
f 174/3465/1180 190/3466/1463 218/3467/1466
f 1832/2968/1262 1839/3430/1448 2167/3468/1318
f 2134/3087/1071 2150/3188/1353 2146/3469/1467
f 2705/2948/978 2713/3456/1462 2706/2979/1270
f 191/3470/1303 194/3471/1350 192/3472/1468
f 1777/3473/1269 1789/3474/1469 1425/3475/1018
f 2364/3249/1232 2363/3248/1379 2367/3436/1450
f 2301/3476/1370 2710/3477/1405 2696/3478/1146
f 181/3392/1351 180/3479/1399 197/3480/1470
f 673/3348/1365 671/3347/1329 674/3481/1471
f 2147/3482/1381 2140/3483/1312 2143/3484/1472
f 2166/3043/1298 1845/3299/1396 2168/3212/1362
f 1768/2745/1186 1790/3485/1473 1772/2856/1206
f 1770/2913/1205 1766/3486/1090 1814/3487/1474
f 1766/3488/1090 1772/2856/1206 1814/3489/1474
f 185/3490/1423 205/3491/1475 186/3492/1424
f 673/3493/1476 548/3494/1476 468/3495/1476
f 1800/3496/1477 1789/3474/1469 1777/3473/1269
f 1791/3497/1478 1786/3498/1395 1784/3499/1335
f 2708/3084/1192 2710/3500/1405 2309/3501/1479
f 1423/3502/1480 550/3503/1480 542/3504/1480
f 2362/3130/1326 2367/3505/1450 2359/2823/1213
f 1423/3506/1347 1441/3507/1481 550/3508/1482
f 1784/3509/1483 1796/3510/1483 1791/3511/1483
f 2707/3058/1302 2706/3092/1270 2713/3512/1462
f 187/3409/1349 176/3288/1383 193/3513/1457
f 1764/2451/1063 1770/2913/1205 1782/3514/1333
f 1530/2608/1131 1546/3449/1458 1528/2517/1087
f 172/3306/1316 466/3515/1484 180/3307/1399
f 2143/3484/1472 2140/3483/1312 2148/3516/1436
f 1770/2913/1205 1814/3487/1474 1792/3517/1485
f 1526/2282/986 1545/3418/1445 1544/3518/1404
f 1537/3054/1276 1567/2318/999 1548/3519/1486
f 543/3438/1452 541/3292/1382 544/3455/1461
f 2653/3458/1375 1963/3520/1487 2651/3304/1398
f 667/3521/1328 545/3522/1412 671/3523/1329
f 188/3524/1320 195/3525/1488 185/3526/1423
f 1937/2225/958 1927/3039/1295 1941/3527/1489
f 196/3393/1435 181/3392/1351 197/3480/1470
f 1420/3045/1299 1421/3168/1338 1439/3528/1490
f 1018/3174/1344 1041/3529/1491 1022/3233/1373
f 172/3241/1316 476/3240/1376 466/3530/1484
f 2305/3531/1354 2179/3532/1492 2298/3533/1413
f 1761/2289/989 1794/3437/1451 1788/3446/1456
f 1535/3265/1245 1543/3264/1385 1545/3534/1445
f 1839/3535/1448 1840/3536/1493 2167/3537/1318
f 467/3538/1494 469/3539/1494 474/3540/1494
f 1537/3054/1276 1548/3519/1486 1547/3541/1394
f 1814/3489/1474 1772/2856/1206 1793/3542/1495
f 2694/2582/1116 2707/3058/1302 2712/3413/1442
f 540/3213/1323 546/3543/1429 547/3544/1393
f 175/3255/1361 200/3545/1496 193/3448/1457
f 1812/2964/1252 1790/3485/1473 1768/2745/1186
f 2652/3546/1265 2651/3547/1398 2370/3548/1497
f 1567/2713/999 1568/3549/1498 1548/3550/1486
f 1422/3046/1250 1420/3045/1299 1424/3551/1430
f 1778/2991/1273 1813/2993/926 1801/3552/1499
f 1934/3553/1352 1936/3554/1500 1930/3153/1334
f 193/3513/1457 194/3555/1350 187/3409/1349
f 468/3556/1501 548/3557/1501 469/3558/1501
f 188/3425/1320 196/3424/1435 195/3559/1488
f 1791/3380/1428 1796/3560/1502 1802/3561/1503
f 1773/2859/1222 1791/3380/1428 1794/3562/1451
f 1423/3563/1347 1424/3564/1430 1428/3565/1504
f 2653/3566/1505 2144/3567/1505 2143/3568/1505
f 966/3569/1506 973/3570/1506 1028/3571/1506
f 2142/3250/1380 2145/3441/1454 2148/3396/1436
f 2363/3248/1379 2369/3572/1507 2367/3436/1450
f 1812/2964/1252 1554/3573/1508 1795/3574/1509
f 2709/3160/1337 2712/3413/1442 2711/3376/1426
f 2158/3575/1118 2149/3576/1441 2195/3577/1510
f 1530/2608/1131 1558/3578/1511 1546/3449/1458
f 2363/3248/1379 2361/3405/1340 2368/3404/1439
f 1770/2913/1205 1792/3517/1485 1782/3514/1333
f 1837/3197/1357 1045/3579/1444 1838/3335/1407
f 2302/3580/1345 2303/3581/1512 2301/3476/1370
f 540/3213/1323 519/2775/1113 546/3543/1429
f 2368/3582/1439 2652/3546/1265 2370/3548/1497
f 1842/3583/1513 1839/3584/1513 1841/3585/1513
f 1778/2991/1273 1796/3586/1502 1784/3171/1335
f 967/3587/1514 960/3588/1184 968/3589/1183
f 1934/3590/1515 1938/3591/1515 1936/3592/1515
f 969/3593/1516 974/3594/1517 967/3587/1514
f 196/3595/1518 197/3596/1518 195/3597/1518
f 1023/3463/1387 1070/3598/1519 1032/3440/1453
f 547/3544/1393 546/3543/1429 553/3599/1520
f 673/3600/1521 674/3601/1521 548/3602/1521
f 1425/3603/1018 1789/3604/1469 1426/3605/1268
f 2304/3606/1419 2299/3362/1418 2300/3607/1522
f 1781/3608/1289 1797/3609/1523 1554/3573/1508
f 960/3610/1184 974/3611/1517 965/3431/1443
f 1033/3462/1465 1027/3079/1310 1020/3313/1369
f 185/3526/1423 195/3525/1488 198/3612/1524
f 2653/3613/1525 2143/3614/1525 1963/3615/1525
f 674/3616/1471 671/3617/1329 549/3618/1526
f 468/3276/1389 469/3619/1527 467/3277/1390
f 671/3523/1329 545/3522/1412 549/3620/1526
f 2697/2709/1172 2711/3376/1426 2151/3621/1528
f 167/2909/1243 182/3336/1384 190/3457/1463
f 1777/3473/1269 1750/2073/900 1800/3496/1477
f 535/3062/1304 542/3388/1431 550/3622/1482
f 968/3623/1183 972/3624/1529 970/3625/1530
f 1772/2856/1206 1790/3485/1473 1793/3542/1495
f 1812/2964/1252 1795/3574/1509 1790/3485/1473
f 2363/3248/1379 2368/3404/1439 2369/3572/1507
f 956/2606/1130 972/3626/1529 968/3324/1183
f 1781/3608/1289 1554/3573/1508 1812/2964/1252
f 2158/3575/1118 2195/3577/1510 2141/3223/1367
f 174/3627/1180 218/3628/1466 199/3629/1531
f 2172/3630/1532 2177/3631/1532 2305/3632/1532
f 175/3633/1361 201/3634/1533 200/3635/1496
f 1787/3415/1425 1800/3496/1477 1750/2073/900
f 183/3261/1157 215/3636/1421 182/3262/1384
f 967/3637/1514 968/3623/1183 970/3625/1530
f 2150/3638/1353 2152/3639/1534 2146/3640/1467
f 973/3432/1449 965/3431/1443 974/3611/1517
f 2366/3434/1286 2367/3436/1450 1966/3641/1535
f 549/3618/1526 562/3642/1536 674/3616/1471
f 1814/3487/1474 1804/3643/1537 1792/3517/1485
f 969/3593/1516 975/3644/1538 974/3594/1517
f 960/3588/1184 967/3587/1514 974/3594/1517
f 2697/3203/1172 2151/3645/1528 2149/3410/1441
f 1546/3449/1458 1568/3549/1498 1567/2713/999
f 1813/3646/926 1798/3647/1539 1801/3648/1499
f 1813/3649/926 1782/3514/1333 1798/3650/1539
f 465/3126/1325 476/3240/1376 464/3127/1288
f 1032/3651/1540 1036/3652/1540 1035/3653/1540
f 1778/2991/1273 1801/3552/1499 1796/3586/1502
f 2169/3270/1386 2168/3212/1362 2174/3654/1541
f 2169/3270/1386 2174/3654/1541 2170/3271/1355
f 189/3452/1459 979/3453/1460 168/3450/1287
f 967/3637/1514 971/3655/1542 969/3656/1516
f 198/3657/1524 195/3658/1488 197/3659/1470
f 543/3438/1452 544/3455/1461 551/3660/1543
f 956/3661/1130 955/3662/1076 972/3663/1529
f 2148/3516/1436 2145/3441/1454 1964/3664/1544
f 973/3432/1449 974/3611/1517 982/3665/1545
f 545/3439/1412 543/3438/1452 552/3666/1546
f 967/3637/1514 970/3625/1530 971/3655/1542
f 1814/3489/1474 1793/3542/1495 1811/3667/1547
f 1023/3272/1387 1028/3389/1433 1070/3668/1519
f 1028/3669/1548 973/3670/1548 982/3671/1548
f 1530/2608/1131 1960/2914/1246 1558/3578/1511
f 1420/3045/1299 1439/3672/1490 1434/3673/1549
f 1427/3674/1550 1424/3551/1430 1420/3045/1299
f 174/3675/1180 976/3676/1551 189/3677/1459
f 1423/3506/1347 1428/3678/1504 1441/3507/1481
f 1791/3380/1428 1802/3561/1503 1794/3562/1451
f 1029/3679/1322 1030/3680/1552 1034/3681/1272
f 2300/3607/1522 2299/3362/1418 2306/3682/1553
f 1020/3225/1369 1031/3429/1415 1035/3683/1416
f 1020/3225/1369 1035/3683/1416 1033/3684/1465
f 1024/3685/1342 1022/3686/1373 1071/3687/1554
f 1789/3688/1469 1809/3689/1555 1799/3690/1556
f 974/3691/1557 975/3692/1557 982/3693/1557
f 1539/3218/1125 1551/3217/1363 1549/3694/1558
f 1940/3695/1559 1937/2225/958 1941/3527/1489
f 969/3656/1516 971/3655/1542 980/3696/1560
f 1841/3198/1358 1838/3335/1407 1848/3697/1561
f 1781/3394/1289 1549/3698/1558 1797/3699/1523
f 1792/3517/1485 1798/3650/1539 1782/3514/1333
f 2301/3476/1370 2303/3581/1512 2710/3477/1405
f 1543/3264/1385 1547/3541/1394 1550/3700/1562
f 1809/3701/1563 1789/3702/1563 1800/3703/1563
f 2134/3087/1071 2146/3469/1467 2145/3441/1454
f 2366/3434/1286 1966/3641/1535 2365/3704/1414
f 1034/3681/1272 1030/3680/1552 1071/3705/1564
f 2302/3580/1345 2307/3706/1565 2303/3581/1512
f 548/3707/1566 674/3708/1566 562/3709/1566
f 1033/3462/1465 1041/3529/1491 1018/3174/1344
f 1790/3485/1473 1795/3574/1509 1809/3710/1555
f 546/3381/1429 535/3062/1304 550/3622/1482
f 1934/3711/1567 1933/3712/1567 1938/3713/1567
f 547/3291/1393 555/3714/1568 544/3455/1461
f 548/3715/1569 562/3716/1569 470/3717/1569
f 1842/3718/1570 1841/3198/1358 1847/3719/1571
f 969/3720/1516 980/3721/1560 991/3722/1572
f 975/3723/1538 969/3720/1516 991/3722/1572
f 192/3724/1468 201/3725/1533 178/3726/1388
f 201/3727/1533 192/3472/1468 200/3728/1496
f 184/3275/1156 178/3274/1388 202/3729/1420
f 1538/3412/1321 1539/3218/1125 1549/3694/1558
f 2302/3730/1345 2300/3731/1522 2307/3732/1565
f 2150/3210/1353 2141/3223/1367 2152/3733/1534
f 1839/3734/1573 1842/3735/1573 1840/3736/1573
f 1036/3737/1574 1038/3738/1575 1035/3739/1576
f 2651/3740/1577 1963/3741/1577 2062/3742/1577
f 1781/3394/1289 1538/3111/1321 1549/3698/1558
f 2368/3582/1439 2370/3548/1497 2369/3743/1507
f 1793/3542/1495 1790/3485/1473 1811/3667/1547
f 1420/3045/1299 1434/3673/1549 1427/3674/1550
f 174/3627/1180 199/3629/1531 976/3744/1551
f 192/3472/1468 194/3471/1350 200/3728/1496
f 192/3724/1468 178/3726/1388 191/3745/1303
f 1927/3039/1295 1908/3746/804 2365/3747/1414
f 1787/3415/1425 1815/3748/1578 1800/3496/1477
f 1549/3749/1558 1551/3750/1363 1552/3751/1579
f 2306/3752/1553 2308/3753/1580 2300/3754/1522
f 1933/3755/1581 1937/3756/1581 1938/3757/1581
f 1815/3758/1578 1798/3650/1539 1792/3517/1485
f 1796/3759/1502 1801/3760/1499 1802/3761/1503
f 2168/3212/1362 1845/3299/1396 2192/3762/1582
f 197/3659/1470 207/3763/1583 198/3657/1524
f 1035/3764/1416 1037/3765/1584 1033/3766/1465
f 2168/3212/1362 2192/3762/1582 2174/3654/1541
f 1811/3667/1547 1807/3767/1585 1814/3489/1474
f 1935/3390/1434 1930/3153/1334 1936/3554/1500
f 1802/3761/1503 1801/3760/1499 1803/3768/1586
f 1033/3462/1465 1037/3769/1584 1041/3529/1491
f 2305/3770/1354 2177/3771/1587 2175/3772/1588
f 1804/3773/1537 1805/3774/1589 1815/3775/1578
f 199/3629/1531 218/3628/1466 203/3776/1590
f 1424/3564/1430 1427/3777/1550 1428/3565/1504
f 2298/3354/1413 2306/3682/1553 2299/3362/1418
f 1421/3778/1338 1430/3779/1591 1439/3780/1490
f 1789/3604/1469 1429/3781/1592 1426/3605/1268
f 1558/3578/1511 1568/3549/1498 1546/3449/1458
f 1034/3202/1272 1071/3782/1564 1045/3417/1444
f 175/3633/1361 186/3783/1424 201/3634/1533
f 1795/3574/1509 1799/3690/1556 1809/3710/1555
f 1795/3574/1509 1554/3573/1508 1799/3690/1556
f 550/3622/1482 553/3784/1520 546/3381/1429
f 2172/3311/1307 2181/3785/1593 2177/3786/1587
f 1804/3643/1537 1815/3758/1578 1792/3517/1485
f 544/3455/1461 555/3714/1568 554/3787/1594
f 2148/3516/1436 1964/3664/1544 2143/3484/1472
f 199/3788/1595 983/3789/1595 976/3790/1595
f 545/3522/1412 552/3791/1546 549/3620/1526
f 548/3792/1596 470/3793/1597 474/3794/1411
f 2298/3354/1413 2311/3795/1598 2306/3682/1553
f 1544/3518/1404 1545/3418/1445 1553/3796/1599
f 1787/3415/1425 1798/3797/1539 1815/3748/1578
f 1545/3534/1445 1543/3264/1385 1550/3700/1562
f 1429/3781/1592 1430/3798/1591 1426/3605/1268
f 2300/3731/1522 2308/3799/1580 2307/3732/1565
f 972/3624/1529 979/3800/1460 970/3625/1530
f 1035/3764/1416 1039/3801/1600 1037/3765/1584
f 1789/3688/1469 1806/3802/1601 1431/3803/1602
f 1421/3804/1338 1426/3605/1268 1430/3798/1591
f 550/3508/1482 1441/3507/1481 1444/3805/1603
f 200/3728/1496 194/3471/1350 193/3806/1457
f 2298/3533/1413 2176/3807/1604 2311/3808/1598
f 555/3809/1568 547/3544/1393 553/3599/1520
f 1804/3810/1537 1814/3489/1474 1807/3767/1585
f 1799/3690/1556 1554/3573/1508 1806/3802/1601
f 1798/3647/1539 1803/3768/1586 1801/3648/1499
f 1799/3690/1556 1806/3802/1601 1789/3688/1469
f 1032/3811/1605 1070/3812/1605 1036/3813/1605
f 1552/3751/1579 1551/3750/1363 1557/3814/1606
f 2701/2906/1241 2199/3815/1607 2704/2920/1248
f 1794/3816/1451 1802/3761/1503 1803/3768/1586
f 559/3817/1608 558/3818/1608 1437/3819/1608
f 2370/3820/1609 2651/3821/1609 2062/3822/1609
f 552/3666/1546 543/3438/1452 551/3660/1543
f 1794/3816/1451 1803/3768/1586 1788/3823/1456
f 551/3660/1543 544/3455/1461 554/3787/1594
f 1804/3773/1537 1807/3824/1585 1805/3774/1589
f 189/3677/1459 976/3676/1551 979/3825/1460
f 2710/3477/1405 2303/3581/1512 2309/3826/1479
f 1035/3827/1610 1038/3828/1610 1039/3829/1610
f 1798/3647/1539 1787/3830/1425 1803/3768/1586
f 1787/3830/1425 1788/3823/1456 1803/3768/1586
f 548/3792/1596 474/3794/1411 469/3831/1611
f 2711/3376/1426 2712/3413/1442 2151/3621/1528
f 560/3832/1612 556/3833/1613 557/3834/1614
f 559/3835/1615 560/3832/1612 557/3834/1614
f 2369/3572/1507 2370/3836/1497 2367/3436/1450
f 1553/3837/1599 1545/3838/1445 1561/3839/1616
f 559/3840/1615 557/3841/1614 558/3842/1617
f 2708/3084/1192 2309/3501/1479 2199/3815/1607
f 559/3843/1618 1437/3844/1618 560/3845/1618
f 971/3655/1542 985/3846/1619 980/3696/1560
f 197/3480/1470 180/3479/1399 207/3847/1583
f 2172/3311/1307 2171/3310/1400 2181/3785/1593
f 2704/2920/1248 2714/3848/1620 2713/3456/1462
f 560/3849/1621 561/3850/1621 556/3851/1621
f 2177/3852/1587 2178/3853/1622 2175/3854/1588
f 1790/3485/1473 1809/3710/1555 1808/3855/1623
f 970/3625/1530 979/3800/1460 977/3856/1624
f 977/3856/1624 986/3857/1625 970/3625/1530
f 1070/3858/1626 1028/3859/1626 978/3860/1626
f 1789/3604/1469 1431/3861/1602 1429/3781/1592
f 1815/3775/1578 1805/3774/1589 1810/3862/1627
f 1800/3863/1628 1808/3864/1623 1809/3865/1555
f 1558/3866/1629 1960/3867/1629 1939/3868/1629
f 2708/3084/1192 2199/3815/1607 2701/2906/1241
f 1554/3869/1508 1797/3699/1523 1431/3870/1602
f 2715/3871/1630 2712/3413/1442 2707/3058/1302
f 1431/3861/1602 1432/3872/1631 1429/3781/1592
f 955/3662/1076 979/3873/1460 972/3663/1529
f 1838/3335/1407 1045/3579/1444 1843/3874/1632
f 2178/3853/1622 2190/3875/1633 2175/3854/1588
f 1554/3573/1508 1431/3803/1602 1806/3802/1601
f 2367/3436/1450 2370/3836/1497 1966/3641/1535
f 980/3876/1634 981/3877/1634 991/3878/1634
f 1544/3518/1404 1553/3796/1599 1555/3879/1635
f 1937/3880/1636 1940/3881/1636 1938/3882/1636
f 1815/3883/1637 1810/3884/1637 1800/3885/1637
f 470/3886/1597 562/3887/1536 473/3888/1638
f 1790/3485/1473 1808/3855/1623 1811/3667/1547
f 1544/3518/1404 1555/3879/1635 1551/3750/1363
f 557/3834/1614 556/3833/1613 563/3889/1639
f 560/3890/1640 1437/3891/1641 1433/3892/1642
f 2303/3581/1512 2187/3893/1643 2309/3826/1479
f 549/3618/1526 568/3894/1644 562/3642/1536
f 2303/3895/1512 2307/3896/1565 2189/3897/1645
f 1935/3390/1434 1939/3898/1646 1929/3899/1324
f 1927/3039/1295 2365/3747/1414 1941/3527/1489
f 1433/3900/1642 1445/3901/1647 560/3902/1640
f 1028/3903/1648 982/3904/1648 978/3905/1648
f 1444/3906/1603 570/3907/1649 550/3622/1482
f 2305/3770/1354 2175/3772/1588 2179/3908/1492
f 970/3625/1530 985/3846/1619 971/3655/1542
f 1439/3909/1650 1466/3910/1650 1434/3911/1650
f 466/3912/1484 476/3913/1376 471/3914/1651
f 561/3915/1652 560/3916/1652 575/3917/1652
f 2173/3419/1151 2180/3918/1653 2171/3310/1400
f 1036/3737/1574 1048/3919/1654 1038/3738/1575
f 1800/3863/1628 1810/3920/1655 1808/3864/1623
f 2141/3223/1367 2207/3921/1656 2152/3733/1534
f 2145/3441/1454 2146/3469/1467 1964/3664/1544
f 2704/2920/1248 2199/3815/1607 2714/3848/1620
f 1841/3198/1358 1848/3697/1561 1847/3719/1571
f 1070/3922/1657 978/3923/1658 1048/3924/1654
f 1552/3925/1579 1797/3699/1523 1549/3698/1558
f 198/3926/1659 207/3927/1659 204/3928/1659
f 2298/3533/1413 2179/3532/1492 2176/3807/1604
f 199/3629/1531 203/3776/1590 983/3929/1660
f 1038/3930/1575 1042/3931/1661 1039/3932/1662
f 976/3933/1551 983/3934/1660 984/3935/1663
f 1553/3837/1599 1561/3839/1616 1555/3936/1635
f 1545/3937/1445 1550/3938/1562 1561/3939/1616
f 2179/3908/1492 2175/3772/1588 2190/3940/1633
f 2143/3941/1472 1964/3942/1544 1965/3943/1664
f 2311/3944/1598 2310/3945/1665 2306/3752/1553
f 985/3946/1619 981/3947/1666 980/3948/1560
f 471/3949/1651 180/3950/1399 466/3951/1484
f 2167/3537/1318 1840/3536/1493 1844/3952/1667
f 190/3457/1463 182/3336/1384 215/3953/1421
f 1432/3872/1631 1443/3954/1668 1429/3781/1592
f 180/3479/1399 227/3955/1669 207/3847/1583
f 575/3956/1670 567/3957/1670 556/3958/1670
f 1433/3892/1642 1437/3891/1641 1436/3959/1671
f 2712/3413/1442 2715/3871/1630 2151/3621/1528
f 2062/3960/1672 2371/3961/1673 2370/3962/1497
f 561/3963/1674 575/3964/1674 556/3965/1674
f 1842/3966/1570 1847/3967/1571 1840/3968/1493
f 560/3969/1675 1445/3970/1675 575/3971/1675
f 976/3972/1551 984/3973/1663 979/3974/1460
f 476/3913/1376 472/3975/1676 471/3914/1651
f 1429/3781/1592 1443/3954/1668 1430/3798/1591
f 555/3809/1568 553/3599/1520 564/3976/1677
f 1427/3977/1550 1435/3978/1678 1428/3979/1504
f 1431/3870/1602 1797/3699/1523 1432/3980/1631
f 1963/3981/1679 2143/3941/1472 1965/3943/1664
f 2308/3753/1580 2306/3752/1553 2310/3945/1665
f 186/3783/1424 205/3982/1475 5/3983/1680
f 986/3984/1625 977/3985/1624 988/3986/1681
f 1435/3987/1678 1427/3674/1550 1434/3673/1549
f 554/3787/1594 555/3714/1568 564/3988/1677
f 1848/3697/1561 1838/3335/1407 1843/3874/1632
f 227/3989/1669 206/3990/1682 207/3991/1583
f 970/3625/1530 986/3857/1625 985/3846/1619
f 1433/3900/1642 1436/3992/1671 1445/3901/1647
f 556/3993/1683 567/3994/1683 565/3995/1683
f 983/3934/1660 987/3996/1684 984/3935/1663
f 198/3997/1685 204/3998/1686 212/3999/1687
f 983/4000/1660 203/3776/1590 987/4001/1684
f 1037/4002/1688 1039/4003/1688 1042/4004/1688
f 476/4005/1376 477/4006/1689 472/4007/1676
f 988/4008/1681 977/3856/1624 989/4009/1690
f 563/4010/1639 582/4011/1691 557/4012/1614
f 1038/3930/1575 1046/4013/1692 1042/3931/1661
f 1807/4014/1585 1811/4015/1547 1805/4016/1589
f 470/4017/1597 473/4018/1638 474/4019/1411
f 1548/4020/1486 1568/4021/1498 1556/4022/1693
f 556/4023/1613 565/4024/1694 580/4025/1695
f 186/3783/1424 208/4026/1696 201/3634/1533
f 2167/3537/1318 1844/3952/1667 1845/4027/1396
f 2707/3058/1302 2713/3512/1462 2715/3871/1630
f 2181/4028/1593 2178/3853/1622 2177/3852/1587
f 563/3889/1639 556/3833/1613 566/4029/1697
f 2174/4030/1541 2182/4031/1698 2170/4032/1355
f 2173/3420/1151 2183/3422/1446 2180/4033/1653
f 556/4023/1613 580/4025/1695 566/4034/1697
f 1071/3687/1554 1022/3686/1373 1040/4035/1699
f 1938/4036/1700 1940/4037/1700 1942/4038/1700
f 2062/3960/1672 1963/3981/1679 1965/3943/1664
f 1437/4039/1641 558/4040/1617 1438/4041/1701
f 2171/3310/1400 2180/3918/1653 2181/3785/1593
f 2371/4042/1673 1966/3641/1535 2370/3836/1497
f 1430/3779/1591 1440/4043/1702 1439/3780/1490
f 474/4019/1411 473/4018/1638 480/4044/1703
f 207/3991/1583 206/3990/1682 204/3998/1686
f 476/4005/1704 475/4045/1705 477/4006/1706
f 1436/3959/1671 1437/3891/1641 1438/4046/1701
f 198/4047/1707 212/4048/1707 185/4049/1707
f 575/4050/1708 1445/4051/1708 1447/4052/1708
f 1439/4053/1490 1440/4054/1702 1466/4055/1709
f 476/4056/1376 465/4057/1325 478/4058/1710
f 1966/4059/1535 1961/4060/1711 2365/4061/1414
f 575/4062/1712 565/4063/1712 567/4064/1712
f 2152/3639/1534 2153/4065/1713 2146/3640/1467
f 1847/3967/1571 1846/4066/1714 1840/3968/1493
f 1036/4067/1574 1070/3922/1657 1048/3924/1654
f 989/4009/1690 977/3856/1624 984/4068/1715
f 1891/4069/1716 1847/4070/1571 1848/4071/1561
f 476/4072/1717 478/4073/1717 477/4074/1717
f 1551/3750/1363 1555/3879/1635 1557/3814/1606
f 1428/4075/1504 1442/4076/1718 1441/4077/1481
f 982/4078/1719 975/4079/1538 978/4080/1720
f 1428/3979/1504 1435/3978/1678 1442/4081/1718
f 557/4012/1614 582/4011/1691 558/4082/1617
f 190/3466/1463 219/4083/1721 218/3467/1466
f 1547/3541/1394 1548/3519/1486 1556/4022/1693
f 206/3990/1682 212/3999/1687 204/3998/1686
f 562/3887/1536 568/4084/1644 473/3888/1638
f 1552/3925/1579 1432/3980/1631 1797/3699/1523
f 550/3622/1482 570/3907/1649 569/4085/1722
f 1430/4086/1723 1443/4087/1723 1440/4088/1723
f 2179/4089/1492 2190/4090/1633 2176/4091/1604
f 979/3800/1460 984/4068/1715 977/3856/1624
f 2183/4092/1446 2170/4032/1355 2182/4031/1698
f 1041/4093/1491 1040/4035/1699 1022/3686/1373
f 1046/4013/1692 1038/3930/1575 1048/4094/1654
f 201/3725/1533 209/4095/1724 178/3726/1388
f 2311/3808/1598 2176/3807/1604 2184/4096/1725
f 1936/3554/1500 1939/3898/1646 1935/3390/1434
f 975/4079/1538 991/4097/1572 978/4080/1720
f 2180/4033/1653 2183/3422/1446 2194/4098/1726
f 549/3620/1526 552/3791/1546 587/4099/1727
f 472/4007/1676 477/4006/1689 478/4100/1710
f 185/3490/1423 5/4101/1680 205/3491/1475
f 1845/3299/1396 1844/4102/1667 2192/3762/1582
f 2152/3639/1534 2207/4103/1656 2153/4065/1713
f 1557/4104/1606 1443/4105/1668 1552/3925/1579
f 471/3949/1651 481/4106/1728 180/3950/1399
f 190/3457/1463 215/3953/1421 219/4107/1721
f 1552/3925/1579 1443/4105/1668 1432/3980/1631
f 202/4108/1420 220/4109/1729 216/4110/1730
f 2308/4111/1580 2310/4112/1665 2185/4113/1731
f 482/4114/1732 471/3914/1651 484/4115/1733
f 1042/4116/1661 1043/4117/1734 1037/4118/1584
f 471/3914/1651 482/4114/1732 481/4119/1728
f 1961/4120/1711 1966/4121/1535 1967/4122/1735
f 474/3350/1411 479/4123/1736 465/3351/1325
f 201/3634/1533 208/4026/1696 209/4124/1724
f 1037/4118/1584 1043/4117/1734 1041/4125/1491
f 1938/4126/1737 1942/4127/1738 1936/4128/1500
f 471/3914/1651 472/3975/1676 484/4115/1733
f 570/4129/1649 1444/4130/1603 558/4131/1617
f 1071/4132/1739 1044/4133/1739 1045/4134/1739
f 2713/3512/1462 2714/4135/1620 2715/3871/1630
f 979/3974/1740 984/3973/1741 990/4136/1742
f 986/4137/1625 988/4138/1681 989/4139/1690
f 566/4029/1697 580/4140/1695 572/4141/1743
f 465/4057/1325 258/4142/1744 478/4058/1710
f 1441/4077/1481 1442/4076/1718 1444/4143/1603
f 1805/4144/1745 1811/4145/1745 1810/4146/1745
f 565/4147/1746 575/4148/1746 573/4149/1746
f 2180/3918/1653 2204/4150/1747 2181/3785/1593
f 5/3983/1680 208/4026/1696 186/3783/1424
f 2199/3815/1607 2716/4151/1748 2714/3848/1620
f 2307/4152/1565 2308/4153/1580 2186/4154/1749
f 202/4108/1420 178/4155/1388 209/4156/1724
f 1891/4069/1716 1849/4157/1750 1847/4070/1571
f 1941/4158/1489 2365/4061/1414 1961/4060/1711
f 1965/3943/1664 1969/4159/1751 2062/3960/1672
f 1555/3936/1635 1561/3839/1616 1562/4160/1752
f 566/4029/1697 572/4141/1743 563/3889/1639
f 575/4161/1753 571/4162/1753 573/4163/1753
f 2195/3577/1510 2207/3921/1656 2141/3223/1367
f 572/4164/1743 582/4011/1691 563/4010/1639
f 1557/3814/1606 1555/3879/1635 1565/4165/1754
f 2062/3960/1672 1969/4159/1751 2371/3961/1673
f 2303/3895/1512 2189/3897/1645 2187/4166/1643
f 558/4167/1617 569/4168/1722 570/4169/1649
f 202/4108/1420 216/4110/1730 215/4170/1421
f 2180/3918/1653 2194/4171/1726 2204/4150/1747
f 1556/4022/1693 1550/3700/1562 1547/3541/1394
f 1811/3667/1547 1808/3855/1623 1810/4172/1655
f 1071/3687/1554 1040/4035/1699 1044/4173/1755
f 203/3776/1590 218/3628/1466 210/4174/1756
f 565/4175/1757 573/4176/1757 576/4177/1757
f 1042/4178/1661 1046/4179/1692 1049/4180/1758
f 206/3990/1682 227/3989/1669 212/3999/1687
f 978/4181/1759 992/4182/1759 1048/4183/1759
f 1966/4121/1535 2371/3961/1673 1967/4122/1735
f 991/4184/1572 1004/4185/1760 978/4186/1720
f 2176/4187/1761 2190/4188/1761 2184/4189/1761
f 1434/4190/1549 1456/4191/1762 1435/4192/1678
f 1960/4193/1246 1929/3899/1324 1939/3898/1646
f 473/4194/1763 568/4195/1763 480/4196/1763
f 481/4197/1728 482/4198/1732 485/4199/1764
f 565/4024/1694 583/4200/1765 580/4025/1695
f 1555/3936/1635 1562/4160/1752 1565/4201/1754
f 553/3784/1520 550/3622/1482 569/4085/1722
f 202/4108/1420 209/4156/1724 220/4109/1729
f 2183/4092/1446 2182/4031/1698 2188/4202/1766
f 472/4007/1676 483/4203/1767 484/4204/1733
f 978/4186/1720 1004/4185/1760 992/4205/1768
f 985/3946/1619 986/4206/1625 1001/4207/1769
f 551/3660/1543 587/4208/1727 552/3666/1546
f 1443/4209/1668 1451/4210/1770 1440/4054/1702
f 1940/4211/1559 1941/4212/1489 1942/4213/1738
f 984/4214/1771 987/4215/1771 244/4216/1771
f 1447/4217/1772 1445/4218/1647 1449/4219/1773
f 227/3989/1669 213/4220/1774 212/3999/1687
f 1558/4221/1511 1939/3898/1646 1559/4222/1775
f 1046/4223/1692 1048/4224/1654 1049/4225/1758
f 1965/4226/1664 1968/4227/1776 1969/4228/1751
f 558/4167/1617 574/4229/1777 569/4168/1722
f 5/4101/1680 185/3490/1423 211/4230/1778
f 1446/4231/1779 1447/4232/1772 1448/4233/1780
f 2371/3961/1673 1969/4159/1751 1967/4122/1735
f 1045/3579/1444 1044/4234/1755 1843/3874/1632
f 1447/4235/1772 1446/4236/1779 600/4237/1781
f 2309/3826/1479 2187/3893/1643 2199/4238/1607
f 2189/4239/1645 2307/4240/1565 2186/4241/1749
f 575/4242/1782 600/4243/1782 571/4244/1782
f 1440/4054/1702 1451/4210/1770 1465/4245/1783
f 1964/4246/1544 2146/4247/1467 2153/4248/1713
f 185/4249/1423 212/4250/1687 213/4251/1774
f 1840/3536/1493 1846/4252/1714 1844/3952/1667
f 549/3618/1526 579/4253/1784 568/3894/1644
f 558/4131/1617 1444/4130/1603 1452/4254/1785
f 1558/4255/1511 1559/4256/1775 1568/4257/1498
f 481/4258/1728 229/4259/1786 180/3479/1399
f 1561/3939/1616 1550/3938/1562 1560/4260/1787
f 1440/4054/1702 1465/4245/1783 1466/4055/1709
f 472/4007/1676 478/4100/1710 483/4203/1767
f 1048/4224/1654 1047/4261/1788 1049/4225/1758
f 2311/3808/1598 2184/4096/1725 2185/4113/1731
f 2311/3808/1598 2185/4113/1731 2310/4112/1665
f 478/4058/1710 258/4142/1744 261/4262/1789
f 1447/4217/1772 1449/4219/1773 1458/4263/1790
f 208/4264/1696 222/4265/1791 209/4266/1724
f 1435/4267/1678 1456/4268/1762 1442/4269/1718
f 1967/4270/1792 1943/4271/1792 1961/4272/1792
f 1446/4236/1779 1448/4273/1780 600/4237/1781
f 1444/4274/1603 1442/4275/1718 1453/4276/1793
f 1964/4246/1544 1968/4227/1776 1965/4226/1664
f 551/3660/1543 582/4277/1691 587/4208/1727
f 2190/4278/1794 2191/4279/1794 2184/4280/1794
f 1846/4252/1714 1851/4281/1795 1844/3952/1667
f 2192/4282/1582 1844/4283/1667 2193/4284/1796
f 1041/4093/1491 1043/4285/1734 1040/4035/1699
f 216/4286/1797 214/4287/1797 220/4288/1797
f 215/4289/1421 216/4290/1730 217/4291/1798
f 551/3660/1543 554/3787/1594 582/4277/1691
f 575/4292/1799 1447/4293/1799 600/4294/1799
f 1004/4295/1800 1003/4296/1800 992/4297/1800
f 558/4082/1617 582/4011/1691 574/4298/1777
f 219/4299/1801 221/4300/1801 218/4301/1801
f 576/4302/1802 577/4303/1803 565/4304/1694
f 1438/4046/1701 1462/4305/1804 1436/3959/1671
f 219/4306/1721 215/4289/1421 230/4307/1805
f 2308/4308/1806 2185/4309/1806 2186/4310/1806
f 1445/3901/1647 1436/3992/1671 1449/4311/1773
f 220/4312/1729 209/4313/1724 232/4314/1807
f 481/4197/1728 485/4199/1764 229/4315/1786
f 1967/4122/1735 1969/4159/1751 1943/4316/1808
f 220/4312/1729 233/4317/1809 216/4290/1730
f 478/4058/1710 261/4262/1789 483/4318/1767
f 219/4319/1721 230/4320/1805 221/4321/1810
f 2183/4322/1811 2188/4323/1811 2205/4324/1811
f 1561/4325/1812 1560/4326/1812 1562/4327/1812
f 2183/4328/1446 2205/4329/1813 2194/4330/1726
f 989/4139/1690 994/4331/1814 986/4137/1625
f 577/4303/1803 576/4302/1802 578/4332/1815
f 989/4333/1816 984/4334/1816 994/4335/1816
f 1436/3992/1671 1462/4336/1804 1449/4311/1773
f 1939/3898/1646 1936/3554/1500 1962/4337/1817
f 180/3479/1399 229/4259/1786 227/3955/1669
f 482/4198/1732 484/4338/1733 485/4199/1764
f 2714/4135/1620 2716/4339/1748 2715/3871/1630
f 986/4206/1625 994/4340/1814 1001/4207/1769
f 587/4099/1727 579/4341/1784 549/3620/1526
f 554/3787/1594 564/3988/1677 582/4277/1691
f 1040/4035/1699 1051/4342/1818 1044/4173/1755
f 1936/3554/1500 1942/4343/1738 1962/4337/1817
f 2195/4344/1510 2196/4345/1819 2207/4346/1656
f 185/4249/1423 213/4251/1774 211/4347/1778
f 564/3976/1677 553/3599/1520 368/4348/1820
f 209/4313/1724 222/4349/1791 223/4350/1821
f 2194/4330/1726 2205/4329/1813 2204/4351/1747
f 1042/4178/1661 1049/4180/1758 1058/4352/1822
f 576/4302/1802 573/4353/1823 578/4332/1815
f 2149/4354/1441 2197/4355/1824 2195/4344/1510
f 1448/4273/1780 589/4356/1825 600/4237/1781
f 579/4357/1826 480/4358/1826 568/4359/1826
f 233/4360/1809 224/4361/1827 225/4362/1828
f 2190/4363/1633 2202/4364/1829 2191/4365/1830
f 2181/4028/1593 2198/4366/1831 2178/3853/1622
f 1456/4268/1762 1450/4367/1832 1442/4269/1718
f 1968/4227/1776 1964/4246/1544 2153/4248/1713
f 1447/4232/1772 1458/4368/1790 1448/4233/1780
f 220/4312/1729 232/4314/1807 233/4317/1809
f 1557/4369/1606 1451/4370/1770 1443/4371/1668
f 992/4372/1833 1003/4373/1833 1054/4374/1833
f 235/4375/1834 226/4376/1835 239/4377/1836
f 583/4378/1837 586/4379/1837 580/4380/1837
f 577/4303/1803 578/4332/1815 581/4381/1838
f 1843/3874/1632 1850/4382/1839 1848/3697/1561
f 1452/4383/1840 1444/4384/1840 1453/4385/1840
f 558/4040/1617 1452/4386/1785 1438/4041/1701
f 2190/4363/1633 2178/3853/1622 2202/4364/1829
f 2192/4282/1582 2193/4284/1796 2174/4030/1541
f 213/4387/1774 227/4388/1669 211/4389/1778
f 233/4390/1841 225/4391/1841 228/4392/1841
f 571/4393/1842 600/4394/1781 573/4353/1823
f 981/4395/1666 996/4396/1843 991/4397/1844
f 1454/4398/1845 1450/4367/1832 1456/4268/1762
f 246/4399/1846 229/4400/1786 487/4401/1847
f 1847/4402/1571 1849/4403/1750 1851/4404/1795
f 229/4405/1786 486/4406/1848 227/4388/1669
f 564/3976/1677 368/4348/1820 598/4407/1849
f 229/4400/1786 485/4408/1764 487/4401/1847
f 226/4409/1835 235/4410/1834 230/4411/1805
f 208/4264/1696 5/4412/1680 222/4265/1791
f 229/4400/1786 246/4399/1846 486/4413/1848
f 572/4141/1743 580/4140/1695 582/4414/1691
f 216/4290/1730 233/4317/1809 237/4415/1850
f 233/4360/1809 231/4416/1851 224/4361/1827
f 2199/4417/1607 2187/4166/1643 2716/4418/1748
f 1466/4419/1709 1455/4420/1852 1434/4190/1549
f 485/4199/1764 484/4338/1733 248/4421/1853
f 480/4422/1854 579/4423/1854 488/4424/1854
f 565/4425/1694 577/4303/1803 583/4426/1765
f 1048/4427/1855 992/4428/1856 1054/4429/1857
f 227/4388/1669 486/4406/1848 211/4389/1778
f 1047/4430/1858 1048/4431/1858 1050/4432/1858
f 1562/4433/1752 1560/4260/1787 1190/4434/1859
f 2153/4435/1713 2207/4436/1656 2154/4437/1860
f 1434/4190/1549 1455/4420/1852 1456/4191/1762
f 1847/4402/1571 1851/4404/1795 1846/4438/1714
f 218/3628/1466 221/4439/1810 210/4174/1756
f 579/4341/1784 587/4099/1727 584/4440/1861
f 2151/4441/1528 2715/4442/1630 2197/4355/1824
f 1043/4117/1734 1042/4116/1661 1058/4443/1822
f 1049/4444/1758 1047/4445/1788 1050/4446/1862
f 985/3946/1619 1001/4207/1769 981/3947/1666
f 553/3784/1520 569/4085/1722 368/4447/1820
f 487/4448/1863 247/4449/1863 246/4450/1863
f 232/4451/1807 231/4416/1851 233/4360/1809
f 209/4313/1724 223/4350/1821 232/4314/1807
f 2149/4354/1441 2151/4441/1528 2197/4355/1824
f 2174/4030/1541 2193/4284/1796 2182/4031/1698
f 1557/4369/1606 1565/4452/1754 1451/4370/1770
f 981/4395/1666 999/4453/1864 996/4396/1843
f 216/4290/1730 237/4415/1850 217/4291/1798
f 2195/4344/1510 2197/4355/1824 2196/4345/1819
f 584/4454/1861 488/4455/1865 579/4456/1784
f 2186/4241/1749 2200/4457/1866 2189/4239/1645
f 994/4458/1814 993/4459/1867 1001/4460/1769
f 2178/3853/1622 2198/4366/1831 2202/4364/1829
f 485/4461/1764 248/4462/1853 487/4463/1847
f 1040/4464/1699 1056/4465/1868 1052/4466/1869
f 2186/4467/1749 2201/4468/1870 2200/4469/1866
f 1848/3697/1561 1850/4382/1839 1891/4470/1716
f 994/4471/1814 984/4472/1871 995/4473/1872
f 1968/4227/1776 2153/4248/1713 1970/4474/1873
f 583/4426/1765 585/4475/1874 586/4476/1875
f 487/4463/1847 248/4462/1853 247/4477/1876
f 2715/4442/1630 2716/4478/1748 2197/4355/1824
f 1943/4479/1808 1971/4480/1877 1961/4481/1711
f 1465/4482/1878 1451/4483/1878 1565/4484/1878
f 994/4471/1814 995/4473/1872 993/4485/1867
f 474/4019/1411 480/4044/1703 266/4486/1879
f 2185/4113/1731 2201/4487/1870 2186/4488/1749
f 230/4307/1805 215/4289/1421 217/4291/1798
f 591/4489/1880 582/4490/1691 590/4491/1881
f 587/4492/1727 582/4490/1691 591/4489/1880
f 578/4332/1815 573/4353/1823 581/4381/1838
f 233/4493/1882 228/4494/1882 237/4495/1882
f 224/4496/1827 234/4497/1883 225/4498/1828
f 1051/4499/1818 1040/4500/1699 1052/4501/1869
f 984/4472/1871 244/4502/1884 995/4473/1872
f 1456/4503/1762 1455/4504/1852 1454/4505/1845
f 230/4506/1805 235/4507/1834 236/4508/1885
f 1054/4429/1857 1059/4509/1886 1048/4427/1855
f 583/4426/1765 588/4510/1887 585/4475/1874
f 488/4511/1888 266/4486/1879 480/4044/1703
f 2184/4512/1889 2191/4513/1889 2203/4514/1889
f 232/4451/1807 223/4515/1821 231/4416/1851
f 1442/4275/1718 1450/4367/1832 1459/4516/1890
f 583/4426/1765 577/4303/1803 588/4510/1887
f 1462/4305/1804 1438/4046/1701 1457/4517/1891
f 2191/4518/1830 2202/4519/1829 2203/4520/1892
f 587/4521/1893 591/4522/1893 584/4523/1893
f 600/4394/1781 589/4524/1825 573/4353/1823
f 1442/4275/1718 1459/4516/1890 1453/4276/1793
f 225/4525/1894 234/4526/1894 228/4527/1894
f 1971/4480/1877 1943/4479/1808 1968/4227/1776
f 259/4528/1895 261/4529/1895 258/4530/1895
f 2184/4096/1725 2203/4531/1896 2185/4113/1731
f 488/4455/1865 584/4454/1861 489/4532/1897
f 2204/4533/1898 2205/4534/1898 2206/4535/1898
f 582/4011/1691 363/4536/1899 574/4298/1777
f 1449/4537/1900 1462/4538/1900 1458/4539/1900
f 580/4140/1695 590/4540/1881 582/4414/1691
f 1844/4541/1667 1852/4542/1901 2193/4543/1796
f 580/4544/1695 586/4545/1875 594/4546/1902
f 591/4547/1903 489/4548/1903 584/4549/1903
f 580/4140/1695 595/4550/1904 590/4540/1881
f 1562/4160/1752 1190/4551/1859 1565/4201/1754
f 1049/4444/1758 1050/4446/1862 1058/4552/1822
f 483/4553/1905 254/4554/1905 484/4555/1905
f 996/4556/1906 998/4557/1906 991/4558/1906
f 230/4411/1805 217/4559/1798 226/4409/1835
f 1969/4228/1751 1968/4227/1776 1943/4479/1808
f 2198/4366/1831 2181/4028/1593 2204/4560/1747
f 1462/4561/1804 1464/4562/1907 1458/4563/1790
f 237/4564/1850 228/4565/1908 226/4409/1835
f 2205/4566/1909 2188/4567/1909 2242/4568/1909
f 987/4001/1684 203/3776/1590 210/4174/1756
f 2716/4418/1748 2187/4166/1643 2210/4569/1910
f 1448/4273/1780 1458/4563/1790 589/4356/1825
f 246/4570/1911 247/4571/1876 249/4572/1912
f 1462/4305/1804 1457/4517/1891 1463/4573/1913
f 1052/4501/1869 1057/4574/1914 1051/4499/1818
f 1040/4464/1699 1043/4117/1734 1056/4465/1868
f 564/3988/1677 363/4575/1899 582/4277/1691
f 2196/4576/1819 2155/4577/1915 2207/4578/1656
f 1939/3898/1646 1944/4579/1916 1559/4222/1775
f 230/4320/1805 236/4580/1885 221/4321/1810
f 2185/4113/1731 2203/4531/1896 2208/4581/1917
f 217/4559/1798 237/4564/1850 226/4409/1835
f 1453/4582/1793 1471/4583/1918 1452/4584/1785
f 996/4585/1843 997/4586/1919 998/4587/1920
f 226/4376/1835 238/4588/1921 239/4377/1836
f 996/4585/1843 999/4589/1864 1000/4590/1922
f 1941/4212/1489 1945/4591/1923 1942/4213/1738
f 1970/4474/1873 1973/4592/1924 1968/4227/1776
f 1054/4593/1857 1003/4594/1925 1053/4595/1926
f 248/4596/1853 484/4597/1733 252/4598/1927
f 247/4599/1876 248/4600/1853 249/4601/1912
f 2153/4248/1713 2154/4602/1860 1970/4474/1873
f 577/4303/1803 581/4381/1838 588/4510/1887
f 996/4585/1843 1000/4590/1922 997/4586/1919
f 1968/4227/1776 1973/4592/1924 1972/4603/1928
f 248/4600/1929 250/4604/1930 249/4601/1931
f 981/4395/1666 1001/4605/1769 999/4453/1864
f 1052/4606/1932 1055/4607/1932 1057/4608/1932
f 1459/4609/1890 1460/4610/1933 1453/4611/1793
f 235/4507/1834 239/4612/1836 236/4508/1885
f 1556/4022/1693 1296/4613/1934 1550/3700/1562
f 1044/4614/1755 1855/4615/1935 1843/4616/1632
f 573/4353/1823 589/4524/1825 581/4381/1838
f 1454/4398/1845 1477/4617/1936 1475/4618/1937
f 2154/4437/1860 2207/4436/1656 2155/4619/1915
f 1438/4041/1701 1452/4386/1785 387/4620/1938
f 1458/4563/1790 1464/4562/1907 1461/4621/1939
f 580/4544/1695 594/4546/1902 595/4622/1904
f 1462/4623/1804 1463/4624/1913 1464/4625/1907
f 1961/4626/1711 1971/4627/1877 1945/4591/1923
f 221/4439/1810 240/4628/1940 210/4174/1756
f 586/4476/1875 585/4475/1874 594/4629/1902
f 1565/4630/1754 1564/4631/1941 1465/4632/1783
f 2204/4560/1747 2243/4633/1942 2198/4366/1831
f 1968/4227/1776 1972/4603/1928 1971/4480/1877
f 591/4634/1880 590/4635/1881 373/4636/1943
f 1466/4637/1709 1465/4632/1783 1467/4638/1944
f 228/4639/1908 234/4497/1883 226/4376/1835
f 1458/4563/1790 599/4640/1945 589/4356/1825
f 210/4641/1946 1008/4642/1946 987/4643/1946
f 2200/4457/1866 2221/4644/1947 2189/4239/1645
f 1852/4542/1901 1844/4541/1667 1851/4645/1795
f 231/4646/1851 223/4350/1821 6/4647/1948
f 484/4648/1733 254/4649/1949 263/4650/1950
f 236/4651/1885 241/4652/1951 221/4439/1810
f 2205/4653/1952 2242/4654/1953 2206/4655/1954
f 1190/4434/1859 1560/4260/1787 1293/4656/1955
f 1465/4632/1783 1564/4631/1941 1467/4638/1944
f 1962/4337/1817 1944/4579/1916 1939/3898/1646
f 1044/4614/1755 1051/4657/1818 1062/4658/1956
f 1466/4419/1709 1467/4659/1944 1468/4660/1957
f 249/4661/1958 248/4662/1958 251/4663/1958
f 1004/4664/1959 1002/4665/1959 1003/4666/1959
f 590/4540/1881 595/4550/1904 592/4667/1960
f 1556/4022/1693 1568/4021/1498 1563/4668/1961
f 2200/4469/1866 2201/4468/1870 2208/4669/1917
f 1568/4257/1498 1559/4256/1775 1563/4670/1961
f 1054/4671/1857 1053/4672/1926 1059/4673/1886
f 465/3351/1325 479/4123/1736 258/4674/1744
f 2185/4113/1731 2208/4581/1917 2201/4487/1870
f 474/3350/1411 266/4675/1879 479/4123/1736
f 1055/4676/1962 1052/4677/1869 1056/4678/1868
f 1550/3938/1562 1296/4679/1934 1560/4260/1787
f 224/4496/1827 1/4680/1963 234/4497/1883
f 588/4510/1887 593/4681/1964 585/4475/1874
f 2189/3897/1645 2209/4682/1965 2187/4166/1643
f 991/4683/1572 998/4684/1920 1004/4685/1760
f 1004/4685/1760 998/4684/1920 1002/4686/1966
f 581/4381/1838 457/4687/1967 588/4510/1887
f 1560/4260/1787 1296/4679/1934 1293/4656/1955
f 1961/4626/1711 1945/4591/1923 1941/4212/1489
f 1043/4117/1734 1058/4443/1822 1067/4688/1968
f 1556/4022/1693 1563/4668/1961 1296/4613/1934
f 2197/4355/1824 2716/4478/1748 2210/4689/1910
f 1438/4041/1701 387/4620/1938 1457/4690/1891
f 1057/4691/1969 1062/4692/1969 1051/4693/1969
f 1190/4694/1859 1564/4695/1941 1565/4696/1754
f 488/4697/1970 489/4698/1970 383/4699/1970
f 248/4700/1853 257/4701/1971 251/4702/1972
f 1450/4367/1832 1470/4703/1973 1459/4516/1890
f 999/4589/1864 1001/4704/1769 1000/4590/1922
f 221/4439/1810 241/4652/1951 240/4628/1940
f 1891/4705/1716 1850/4706/1839 1849/4707/1750
f 1050/4708/1862 1069/4709/1974 1058/4710/1822
f 2198/4366/1831 2211/4711/1975 2202/4519/1829
f 1973/4712/1924 1970/4713/1873 1974/4714/1976
f 2182/4031/1698 2193/4284/1796 2242/4715/1953
f 1973/4712/1924 2063/4716/1977 1972/4717/1928
f 484/4648/1733 263/4650/1950 252/4718/1927
f 1973/4712/1924 1974/4714/1976 2063/4716/1977
f 483/4719/1978 261/4720/1978 253/4721/1978
f 1043/4117/1734 1067/4688/1968 1056/4465/1868
f 581/4381/1838 589/4524/1825 457/4687/1967
f 1059/4722/1886 1050/4708/1862 1048/4723/1855
f 1852/4542/1901 1992/4724/1979 2193/4543/1796
f 248/4596/1853 252/4598/1927 257/4725/1971
f 995/4473/1872 244/4502/1884 1005/4726/1980
f 594/4727/1981 585/4728/1981 595/4729/1981
f 993/4730/1867 995/4473/1872 1006/4731/1982
f 234/4497/1883 1/4680/1963 226/4376/1835
f 1457/4517/1891 1469/4732/1983 1463/4573/1913
f 2155/4733/1915 2215/4734/1984 2154/4735/1860
f 993/4459/1867 678/4736/1985 1001/4460/1769
f 1945/4591/1923 1962/4737/1817 1942/4213/1738
f 1971/4480/1877 1972/4603/1928 1977/4738/1986
f 588/4510/1887 457/4687/1967 596/4739/1987
f 2182/4031/1698 2242/4715/1953 2188/4202/1766
f 1464/4625/1907 1463/4624/1913 1194/4740/1988
f 2202/4519/1829 2211/4711/1975 2203/4520/1892
f 2189/4239/1645 2221/4644/1947 2209/4741/1965
f 590/4742/1989 592/4743/1989 373/4744/1989
f 993/4459/1867 1006/4745/1982 678/4736/1985
f 1852/4542/1901 1851/4645/1795 1853/4746/1990
f 1053/4672/1926 1060/4747/1991 1059/4673/1886
f 1458/4563/1790 1461/4621/1939 599/4640/1945
f 1055/4676/1962 1056/4678/1868 1064/4748/1992
f 246/4749/1993 18/4750/1993 486/4751/1993
f 1008/4752/1994 210/4174/1756 240/4628/1940
f 1459/4609/1890 1470/4753/1973 1460/4610/1933
f 1453/4611/1793 1460/4610/1933 1471/4754/1918
f 5/4755/1680 242/4756/1995 222/4349/1791
f 488/4511/1888 383/4757/1996 266/4486/1879
f 588/4510/1887 596/4739/1987 593/4681/1964
f 1003/4594/1925 1061/4758/1997 1053/4595/1926
f 211/4759/1998 20/4760/1999 34/4761/2000
f 1452/4584/1785 1471/4583/1918 387/4762/1938
f 226/4376/1835 1/4680/1963 238/4588/1921
f 1057/4763/2001 1055/4764/2001 1062/4765/2001
f 569/4085/1722 597/4766/2002 368/4447/1820
f 2209/4682/1965 2210/4569/1910 2187/4166/1643
f 1454/4505/1845 1455/4504/1852 1477/4767/1936
f 1454/4398/1845 1475/4618/1937 1470/4703/1973
f 1971/4480/1877 1977/4738/1986 1945/4768/1923
f 1463/4573/1913 1469/4732/1983 1472/4769/2003
f 564/3988/1677 598/4770/1849 363/4575/1899
f 1464/4562/1907 1194/4771/1988 1461/4621/1939
f 1850/4706/1839 1854/4772/2004 1849/4707/1750
f 585/4475/1874 593/4681/1964 595/4773/2005
f 1563/4670/1961 1559/4256/1775 1944/4774/1916
f 483/4775/2006 253/4776/2007 254/4777/1949
f 251/4702/1972 257/4701/1971 255/4778/2008
f 1972/4717/1928 2063/4716/1977 1975/4779/2009
f 261/4780/2010 262/4781/2011 253/4782/2007
f 223/4350/1821 242/4756/1995 6/4647/1948
f 1849/4783/2012 1853/4784/2012 1851/4785/2012
f 1855/4786/2013 1850/4706/2013 1843/4787/2013
f 1069/4788/2014 1067/4789/2014 1058/4790/2014
f 1450/4367/1832 1454/4398/1845 1470/4703/1973
f 223/4350/1821 222/4349/1791 242/4756/1995
f 997/4791/1919 1007/4792/2015 998/4684/1920
f 1050/4708/1862 1060/4793/1991 1069/4709/1974
f 1970/4713/1873 2154/4794/1860 1976/4795/2016
f 1974/4714/1976 1984/4796/2017 2063/4716/1977
f 1056/4465/1868 1067/4688/1968 1063/4797/2018
f 251/4798/1972 255/4799/2008 249/4572/1912
f 1977/4738/1986 2065/4800/2019 1945/4768/1923
f 457/4801/1967 362/4802/2020 596/4803/1987
f 241/4804/1951 236/4508/1885 243/4805/2021
f 1044/4614/1755 680/4806/2022 1855/4615/1935
f 236/4508/1885 239/4612/1836 243/4805/2021
f 254/4649/1949 264/4807/2023 263/4650/1950
f 1463/4624/1913 1472/4808/2003 1194/4740/1988
f 1457/4690/1891 387/4620/1938 1469/4809/1983
f 1972/4717/1928 2064/4810/2024 1977/4811/1986
f 1466/4419/1709 1468/4660/1957 1455/4420/1852
f 1853/4812/2025 1849/4813/1750 1854/4814/2004
f 457/4815/2026 366/4816/2026 362/4817/2026
f 363/4818/1899 364/4819/2027 574/4820/1777
f 238/4821/1921 1/4822/1963 2/4823/2028
f 252/4824/1927 263/4825/1950 256/4826/2029
f 252/4824/1927 256/4826/2029 257/4827/1971
f 1975/4779/2009 2063/4716/1977 1978/4828/2030
f 998/4684/1920 1007/4792/2015 1002/4686/1966
f 997/4829/1919 1000/4830/1922 1007/4831/2015
f 1972/4717/1928 1975/4779/2009 2064/4810/2024
f 238/4588/1921 243/4832/2021 239/4377/1836
f 1461/4621/1939 1473/4833/2031 599/4640/1945
f 1044/4614/1755 1062/4658/1956 680/4806/2022
f 457/4834/1967 365/4835/2032 366/4836/2033
f 1056/4465/1868 1063/4797/2018 1064/4837/1992
f 211/4838/1998 486/4839/2034 20/4840/1999
f 1970/4713/1873 1979/4841/2035 1974/4714/1976
f 244/4842/2036 987/4843/2036 676/4844/2036
f 591/4845/2037 373/4846/2037 489/4847/2037
f 1001/4704/1769 678/4848/1985 1000/4590/1922
f 2210/4569/1910 2209/4682/1965 2212/4849/2038
f 592/4850/2039 595/4851/2039 367/4852/2039
f 995/4473/1872 1005/4726/1980 1006/4731/1982
f 258/4853/1744 479/4854/1736 259/4855/2040
f 1003/4594/1925 1002/4856/2041 1061/4758/1997
f 244/4502/1884 676/4857/2042 1005/4726/1980
f 2197/4355/1824 2210/4689/1910 2213/4858/2043
f 2210/4569/1910 2212/4849/2038 2213/4859/2043
f 1050/4708/1862 1059/4722/1886 1060/4793/1991
f 599/4860/1945 365/4861/2032 589/4524/1825
f 457/4687/1967 589/4524/1825 365/4861/2032
f 1467/4862/1944 1564/4863/1941 1195/4864/2044
f 1855/4786/1935 1856/4865/2045 1850/4706/1839
f 20/4866/2046 486/4867/2047 3/4868/2048
f 257/4701/1971 268/4869/2049 255/4778/2008
f 2197/4355/1824 2218/4870/2050 2196/4345/1819
f 2200/4469/1866 2208/4669/1917 2221/4871/1947
f 1055/4872/1962 1064/4873/1992 1062/4874/1956
f 263/4875/2051 260/4876/2051 256/4877/2051
f 368/4878/1820 597/4879/2002 598/4880/1849
f 5/4101/1680 211/4230/1778 34/4881/2052
f 256/4882/2053 260/4883/2053 257/4884/2053
f 1978/4828/2030 2064/4810/2024 1975/4779/2009
f 1974/4714/1976 1979/4841/2035 1984/4796/2017
f 2218/4870/2050 2197/4355/1824 2213/4858/2043
f 1970/4713/1873 1976/4795/2016 1979/4841/2035
f 261/4885/2010 259/4855/2040 262/4886/2011
f 569/4887/1722 574/4888/1777 374/4889/2054
f 2204/4560/1747 2206/4890/1954 2243/4633/1942
f 263/4891/1950 264/4892/2023 260/4893/2055
f 241/4652/1951 245/4894/2056 240/4628/1940
f 1564/4695/1941 1190/4694/1859 1191/4895/2057
f 676/4896/2058 987/4897/2058 1008/4898/2058
f 2154/4735/1860 2215/4734/1984 1976/4899/2016
f 1979/4841/2035 1976/4795/2016 1980/4900/2059
f 1978/4828/2030 2063/4716/1977 2373/4901/2060
f 599/4640/1945 1473/4833/2031 1474/4902/2061
f 2243/4903/1942 2206/4655/1954 2214/4904/2062
f 1062/4874/1956 1064/4873/1992 680/4905/2022
f 366/4836/2033 365/4835/2032 369/4906/2063
f 249/4572/1912 265/4907/2064 246/4570/1911
f 1190/4908/1859 1292/4909/2065 1191/4910/2057
f 598/4880/1849 597/4879/2002 370/4911/2066
f 1945/4912/2067 2065/4913/2067 1990/4914/2067
f 1470/4915/1973 1475/4916/1937 1198/4917/2068
f 1000/4830/1922 678/4918/1985 1007/4831/2015
f 595/4919/2005 593/4920/1964 367/4921/2069
f 1850/4706/1839 1857/4922/2070 1854/4772/2004
f 569/4923/1722 374/4924/2054 597/4925/2002
f 2206/4655/1954 2242/4654/1953 2214/4904/2062
f 598/4926/1849 370/4927/2066 363/4928/1899
f 249/4572/1912 255/4799/2008 265/4907/2064
f 1002/4929/2071 775/4930/2071 1061/4931/2071
f 2063/4932/2072 2372/4933/2072 2373/4934/2072
f 1005/4935/1980 675/4936/2073 1006/4937/1982
f 231/4938/1851 1/4680/1963 224/4496/1827
f 243/4832/2021 238/4588/1921 8/4939/2074
f 1944/4940/1916 1962/4941/1817 1946/4942/2075
f 254/4777/1949 253/4776/2007 264/4943/2023
f 1007/4831/2015 678/4918/1985 1009/4944/2076
f 231/4938/1851 6/4945/1948 1/4680/1963
f 2212/4946/2038 2209/4947/1965 2220/4948/2077
f 592/4949/2078 371/4950/2079 373/4951/2080
f 599/4952/1945 1474/4953/2061 365/4835/2032
f 489/4954/2081 372/4955/2082 383/4956/2083
f 2221/4957/1947 2220/4948/2077 2209/4947/1965
f 377/4958/2084 371/4950/2079 592/4949/2078
f 678/4959/2085 1006/4960/2085 682/4961/2085
f 241/4962/1951 243/4963/2021 245/4964/2056
f 1978/4828/2030 2373/4901/2060 2064/4810/2024
f 1007/4965/2086 775/4966/2071 1002/4967/2071
f 373/4968/2080 371/4969/2079 489/4970/2081
f 592/4971/2078 367/4972/2069 377/4973/2084
f 374/4974/2054 574/4975/1777 380/4976/2087
f 246/4570/1911 265/4907/2064 18/4977/2088
f 1292/4978/2089 1190/4979/2089 1293/4980/2089
f 676/4981/2042 677/4982/2090 1005/4935/1980
f 2211/4983/2091 2217/4984/2091 2203/4985/2091
f 489/4970/2081 371/4969/2079 376/4986/2092
f 2063/4987/2093 1984/4988/2093 2372/4989/2093
f 1060/4990/1991 703/4991/2094 1069/4992/1974
f 6/4993/1948 242/4994/1995 4/4995/2095
f 2155/4577/1915 2196/4576/1819 2216/4996/2096
f 1945/4997/1923 1949/4998/2097 1962/4941/1817
f 365/4835/2032 375/4999/2098 369/4906/2063
f 1061/5000/2099 1053/5001/2099 1065/5002/2099
f 266/5003/1879 384/5004/2100 479/4854/1736
f 489/4954/2081 376/5005/2092 405/5006/2101
f 1007/5007/2015 697/5008/2102 775/5009/2103
f 5/4755/1680 36/5010/2104 242/4756/1995
f 371/5011/2079 377/5012/2084 378/5013/2105
f 1979/4841/2035 1987/5014/2106 1984/4796/2017
f 1475/4916/1937 1477/5015/1936 1198/4917/2068
f 260/5016/2055 268/5017/2049 257/5018/1971
f 680/4806/2022 1856/5019/2045 1855/4615/1935
f 369/4906/2063 375/4999/2098 379/5020/2107
f 1945/4997/1923 1990/5021/2108 1949/4998/2097
f 574/4820/1777 364/4819/2027 380/5022/2087
f 366/4836/2033 369/4906/2063 362/4802/2020
f 1979/4841/2035 1980/4900/2059 1983/5023/2109
f 367/4972/2069 396/5024/2110 377/4973/2084
f 1006/5025/1982 675/5026/2073 682/5027/2111
f 1980/5028/2059 1976/4899/2016 1981/5029/2112
f 34/5030/2052 36/5031/2104 5/5032/1680
f 2372/5033/2113 2377/5034/2114 2373/5035/2060
f 264/4943/2023 253/4776/2007 270/5036/2115
f 1060/5037/2116 1053/5038/2116 1066/5039/2116
f 1979/4841/2035 1983/5023/2109 1986/5040/2117
f 1064/4837/1992 1063/4797/2018 679/5041/2118
f 2215/5042/1984 2155/5043/1915 2216/5044/2096
f 1461/4621/1939 1194/4771/1988 1476/5045/2119
f 2215/4734/1984 2228/5046/2120 1976/4899/2016
f 2203/4531/1896 2217/5047/2121 2208/4581/1917
f 1063/4797/2018 1067/5048/1968 1068/5049/2122
f 1979/4841/2035 1986/5050/2117 1987/5014/2106
f 1064/5051/1992 679/5052/2118 680/5053/2022
f 1469/4732/1983 1196/5054/2123 1472/4769/2003
f 2213/4859/2043 2212/4849/2038 2218/5055/2050
f 268/5056/2049 265/5057/2064 255/5058/2008
f 363/4928/1899 370/4927/2066 364/5059/2027
f 682/5060/2111 1009/5061/2076 678/5062/1985
f 596/5063/1987 379/5064/2107 593/4920/1964
f 1977/5065/1986 2064/5066/2024 2065/5067/2019
f 1468/5068/1957 1467/5069/1944 1192/5070/2124
f 675/4936/2073 1005/4935/1980 677/4982/2090
f 1061/5071/2125 1066/5072/2125 1053/5073/2125
f 2212/4946/2038 2227/5074/2126 2218/5075/2050
f 268/5056/2049 269/5076/2127 265/5057/2064
f 2211/4711/1975 2198/4366/1831 2217/5077/2128
f 266/5078/1879 400/5079/2129 384/5080/2100
f 1461/4621/1939 1476/5081/2119 1473/4833/2031
f 479/4854/1736 267/5082/2130 259/4855/2040
f 1007/5007/2015 1009/5061/2076 697/5008/2102
f 676/5083/2131 1008/5084/2131 677/5085/2131
f 1564/4863/1941 1191/5086/2057 1195/4864/2044
f 1858/5087/2132 1852/5088/2133 1859/5089/2134
f 6/5090/1948 26/5091/2135 1/5092/1963
f 1460/5093/1933 1193/5094/2136 1471/5095/1918
f 1477/5096/2137 1455/5097/2137 1198/5098/2137
f 367/4921/2069 593/4920/1964 379/5064/2107
f 1980/4900/2059 1981/5099/2112 1983/5023/2109
f 489/4954/2081 405/5006/2101 372/4955/2082
f 243/5100/2138 8/5101/2138 15/5102/2138
f 1563/5103/1961 1948/5104/2139 1304/5105/2140
f 2064/5106/2024 2373/5107/2060 2374/5108/2141
f 378/5013/2105 377/5012/2084 396/5109/2110
f 596/4803/1987 362/4802/2020 379/5020/2107
f 268/5110/2142 272/5111/2142 269/5112/2142
f 1852/5113/2143 1853/5114/2143 1859/5115/2143
f 264/4892/2023 270/5116/2115 260/4893/2055
f 1472/4808/2003 1196/5117/2123 1194/4740/1988
f 1992/5118/2144 1852/5119/2144 1858/5120/2144
f 243/4963/2021 15/5121/2145 245/4964/2056
f 2243/4633/1942 2217/5077/2128 2198/4366/1831
f 1563/5103/1961 1944/5122/1916 1948/5104/2139
f 2196/4576/1819 2219/5123/2146 2216/4996/2096
f 2/4823/2028 8/5124/2074 238/4821/1921
f 1069/5125/2147 685/5126/2147 1067/5127/2147
f 262/4886/2011 259/4855/2040 267/5082/2130
f 379/5064/2107 394/5128/2148 367/4921/2069
f 269/5129/2127 272/5130/2149 265/5131/2064
f 4/4995/2095 242/4994/1995 7/5132/2150
f 365/4835/2032 1474/4953/2061 381/5133/2151
f 1063/4797/2018 1068/5049/2122 679/5041/2118
f 680/5053/2022 679/5052/2118 690/5134/2152
f 2064/5066/2024 2374/5135/2141 1982/5136/2153
f 1473/4833/2031 1476/5081/2119 1474/4902/2061
f 380/4976/2087 382/5137/2154 374/4974/2054
f 362/4802/2020 369/4906/2063 379/5020/2107
f 1060/5138/2155 1066/5139/2155 681/5140/2155
f 1296/5141/1934 1294/5142/2156 1293/5143/1955
f 1061/5144/2157 775/5145/2157 1066/5146/2157
f 268/5147/2158 276/5148/2158 272/5149/2158
f 1983/5150/2159 1981/5151/2159 1985/5152/2159
f 265/5131/2064 272/5130/2149 271/5153/2160
f 2193/4543/1796 1992/4724/1979 1998/5154/2161
f 1563/5103/1961 1295/5155/2162 1296/5156/1934
f 372/5157/2163 400/5158/2163 383/5159/2163
f 365/4835/2032 381/5133/2151 375/4999/2098
f 240/5160/1940 245/5161/2056 12/5162/2164
f 1194/5163/2165 1196/5164/2165 1476/5165/2165
f 1296/5141/1934 1314/5166/2166 1294/5142/2156
f 383/5167/1996 400/5079/2129 266/5078/1879
f 2064/5066/2024 1982/5136/2153 2065/5067/2019
f 2218/5168/2050 2219/5123/2146 2196/4576/1819
f 1984/5169/2167 1987/5170/2167 2372/5171/2167
f 367/4972/2069 394/5172/2148 396/5024/2110
f 2373/5035/2060 2377/5034/2114 2375/5173/2168
f 2372/5033/2113 2376/5174/2169 2377/5034/2114
f 1467/5069/1944 1195/5175/2044 1192/5070/2124
f 1468/5068/1957 1192/5070/2124 1455/5176/1852
f 1976/4899/2016 2228/5046/2120 1981/5029/2112
f 2214/4904/2062 2217/5177/2128 2243/4903/1942
f 1460/5093/1933 1208/5178/2170 1193/5094/2136
f 1474/5179/2061 1476/5180/2119 381/5181/2151
f 276/5182/2171 271/5183/2160 272/5184/2149
f 703/4991/2094 685/5185/2172 1069/4992/1974
f 1471/5186/2173 1478/5187/2173 387/5188/2173
f 1471/5095/1918 1193/5094/2136 1478/5189/2174
f 2216/5044/2096 2224/5190/2175 2215/5042/1984
f 1009/5061/2076 698/5191/2176 697/5008/2102
f 679/5192/2177 1068/5193/2177 690/5194/2177
f 253/4782/2007 262/4781/2011 270/5195/2115
f 1292/5196/2065 1293/5143/1955 1294/5142/2156
f 260/5016/2055 274/5197/2178 268/5017/2049
f 8/5198/2074 2/5199/2028 9/5200/2179
f 1947/5201/2180 1948/5202/2139 1944/4940/1916
f 1067/5203/2181 711/5204/2181 1068/5205/2181
f 677/5206/2182 1008/5207/2182 16/5208/2182
f 1469/5209/1983 1201/5210/2183 1196/5211/2123
f 2193/4543/1796 1998/5154/2161 2242/5212/1953
f 2208/4581/1917 2220/5213/2077 2221/5214/1947
f 240/5160/1940 10/5215/2184 1008/5216/1994
f 2373/5107/2060 2375/5217/2168 2374/5108/2141
f 690/5218/2152 692/5219/2185 680/5220/2022
f 1986/5221/2117 1983/5222/2109 2066/5223/2186
f 9/5224/2179 2/5225/2028 21/5226/2187
f 380/5022/2087 364/4819/2027 382/5227/2154
f 479/4854/1736 273/5228/2188 267/5082/2130
f 16/5229/2189 1008/5230/2189 10/5231/2189
f 1981/5232/2112 2066/5233/2186 1985/5234/2190
f 2227/5074/2126 2212/4946/2038 2220/4948/2077
f 775/5235/2191 681/5236/2191 1066/5237/2191
f 400/5238/2129 410/5239/2192 384/5240/2100
f 6/4993/1948 4/4995/2095 26/5241/2135
f 682/5060/2111 684/5242/2193 1009/5061/2076
f 1983/5222/2109 1985/5243/2190 2066/5223/2186
f 375/4999/2098 385/5244/2194 379/5020/2107
f 36/5245/2104 7/5132/2150 242/4994/1995
f 13/5246/2195 11/5247/2196 245/5248/2056
f 597/4879/2002 409/5249/2197 370/4911/2066
f 260/4893/2055 270/5116/2115 274/5250/2178
f 245/5248/2056 11/5247/2196 12/5251/2164
f 1981/5232/2112 2394/5252/2198 2066/5233/2186
f 27/5253/2199 13/5254/2195 14/5255/2200
f 597/4925/2002 374/4924/2054 409/5256/2197
f 1476/5180/2119 392/5257/2201 381/5181/2151
f 245/5258/2056 15/5259/2145 13/5254/2195
f 2372/5260/2202 1987/5261/2202 2384/5262/2202
f 16/5263/2203 10/5215/2184 715/5264/2204
f 1853/4812/2025 1854/4814/2004 1857/5265/2070
f 2218/5075/2050 2227/5074/2126 2219/5266/2146
f 2208/4581/1917 2217/5047/2121 2220/5213/2077
f 271/5183/2160 276/5182/2171 275/5267/2205
f 1986/5268/2117 2066/5269/2186 1991/5270/2206
f 400/5271/2207 372/5272/2207 405/5273/2207
f 13/5254/2195 8/5198/2074 14/5255/2200
f 680/5220/2022 692/5219/2185 1856/5274/2045
f 2377/5275/2114 2379/5276/2208 2375/5217/2168
f 14/5255/2200 8/5198/2074 9/5200/2179
f 1060/4990/1991 681/5277/2209 703/4991/2094
f 2/5278/2028 17/5279/2210 21/5280/2187
f 2/5278/2028 1/5092/1963 17/5279/2210
f 486/4867/2047 18/5281/2088 3/4868/2048
f 1987/5282/2106 1986/5268/2117 1991/5270/2206
f 2222/5283/2211 2220/5213/2077 2217/5047/2121
f 1460/5093/1933 1470/5284/1973 1208/5178/2170
f 13/5254/2195 15/5259/2145 8/5198/2074
f 1476/5180/2119 1196/5285/2123 392/5257/2201
f 1192/5070/2124 1203/5286/2212 1455/5176/1852
f 379/5020/2107 385/5244/2194 386/5287/2213
f 1982/5136/2153 1988/5288/2214 2065/5067/2019
f 682/5289/2111 683/5290/2215 684/5291/2193
f 371/5292/2079 378/5293/2105 376/5294/2092
f 375/4999/2098 381/5133/2151 385/5244/2194
f 1947/5201/2180 1944/4940/1916 1946/4942/2075
f 1067/5295/2216 685/5296/2217 711/5297/2218
f 2222/5283/2211 2217/5047/2121 2230/5298/2219
f 271/5299/2160 18/4977/2088 265/4907/2064
f 2376/5300/2169 2379/5276/2208 2377/5275/2114
f 1981/5029/2112 2228/5046/2120 2156/5301/2220
f 387/5302/2221 1478/5303/2221 382/5304/2221
f 271/5299/2160 275/5305/2205 18/4977/2088
f 2065/5306/2222 1989/5307/2222 1990/5308/2222
f 698/5191/2176 1009/5061/2076 684/5242/2193
f 376/5294/2092 378/5293/2105 405/5309/2101
f 1455/5310/2223 1197/5311/2223 1198/5312/2223
f 2066/5313/2186 2394/5314/2198 2384/5315/2224
f 374/4974/2054 382/5137/2154 1478/5316/2174
f 1991/5317/2225 2066/5318/2225 2384/5319/2225
f 9/5224/2179 21/5226/2187 14/5320/2200
f 675/5026/2073 686/5321/2226 682/5027/2111
f 381/5322/2227 399/5323/2227 385/5324/2227
f 2375/5217/2168 2379/5276/2208 2381/5325/2228
f 1206/5326/2229 1191/4910/2057 1292/4909/2065
f 1470/5284/1973 1198/5327/2068 1208/5178/2170
f 703/5328/2230 687/5329/2230 685/5330/2230
f 364/5331/2027 388/5332/2231 396/5109/2110
f 370/5333/2232 388/5334/2232 364/5335/2232
f 2216/5336/2096 2223/5337/2233 2225/5338/2234
f 1949/4998/2097 1946/4942/2075 1962/4941/1817
f 690/5339/2235 1068/5340/2235 691/5341/2235
f 405/5342/2101 389/5343/2236 400/5344/2237
f 3/5345/2048 19/5346/2238 20/5347/2046
f 677/4982/2090 695/5348/2239 675/4936/2073
f 2394/5314/2198 2378/5349/2240 2384/5315/2224
f 2214/4904/2062 2226/5350/2241 2217/5351/2128
f 677/4982/2090 689/5352/2242 695/5348/2239
f 17/5279/2210 1/5092/1963 26/5091/2135
f 34/5353/2052 20/5347/2046 35/5354/2243
f 2224/5355/2175 2216/5356/2096 2225/5357/2234
f 275/5358/2205 276/5359/2171 18/5360/2088
f 2230/5361/2244 2217/5362/2244 2226/5363/2244
f 2222/5283/2211 2227/5364/2126 2220/5213/2077
f 34/5353/2052 35/5354/2243 31/5365/2245
f 2372/5366/2246 2384/5367/2246 2376/5368/2246
f 3/5369/2048 18/5360/2088 19/5370/2238
f 18/5360/2088 276/5359/2171 19/5370/2238
f 382/5227/2154 364/4819/2027 395/5371/2247
f 1201/5210/2183 1199/5372/2248 1196/5211/2123
f 675/4936/2073 695/5348/2239 688/5373/2249
f 379/5374/2250 386/5375/2250 390/5376/2250
f 379/5064/2107 390/5377/2251 394/5128/2148
f 393/5378/2252 392/5379/2201 1199/5380/2248
f 400/5238/2129 391/5381/2253 410/5239/2192
f 392/5382/2254 393/5383/2254 381/5384/2254
f 394/5385/2148 395/5386/2247 396/5387/2110
f 2379/5388/2208 2401/5389/2255 2380/5390/2256
f 681/5391/2209 775/5392/2103 706/5393/2257
f 21/5394/2258 23/5395/2258 14/5396/2258
f 392/5379/2201 1196/5397/2123 1199/5380/2248
f 675/4936/2073 688/5373/2249 686/5398/2226
f 385/5244/2194 390/5399/2251 386/5287/2213
f 677/5400/2090 16/5401/2203 689/5402/2242
f 479/4854/1736 384/5004/2100 290/5403/2259
f 364/4819/2027 396/5404/2110 395/5371/2247
f 1991/5405/2206 2384/5406/2260 1987/5407/2106
f 2215/5042/1984 2224/5190/2175 2228/5408/2120
f 4/4995/2095 7/5132/2150 22/5409/2261
f 26/5410/2135 4/5411/2095 22/5412/2261
f 20/5347/2046 19/5346/2238 35/5354/2243
f 370/4911/2066 409/5249/2197 388/5413/2231
f 2381/5325/2228 2374/5108/2141 2375/5217/2168
f 14/5414/2200 23/5415/2262 27/5416/2199
f 690/5417/2152 691/5418/2263 692/5419/2185
f 2394/5420/2198 1981/5029/2112 2156/5301/2220
f 1195/5175/2044 1191/5421/2057 1200/5422/2264
f 2065/5067/2019 1988/5288/2214 1989/5423/2265
f 1992/5424/1979 1858/5425/2132 1993/5426/2266
f 1469/5427/1983 387/5428/1938 382/5429/2154
f 10/5215/2184 240/5160/1940 24/5430/2267
f 2381/5431/2228 2379/5388/2208 2380/5390/2256
f 1294/5142/2156 1297/5432/2268 1292/5196/2065
f 1992/5433/1979 1993/5434/2266 1998/5435/2161
f 775/5009/2103 697/5008/2102 693/5436/2269
f 385/5244/2194 393/5437/2252 390/5399/2251
f 1193/5094/2136 1208/5178/2170 1478/5189/2174
f 685/5296/2217 702/5438/2270 711/5297/2218
f 1469/5427/1983 382/5429/2154 1201/5439/2183
f 2394/5440/2271 2156/5441/2271 2378/5442/2271
f 1191/5421/2057 1206/5443/2229 1200/5422/2264
f 2242/5444/1953 1998/5445/2161 1994/5446/2272
f 2381/5325/2228 2382/5447/2273 2374/5108/2141
f 378/5013/2105 397/5448/2274 398/5449/2275
f 22/5450/2261 25/5451/2276 26/5452/2135
f 1195/5175/2044 1200/5422/2264 1192/5070/2124
f 396/5109/2110 397/5448/2274 378/5013/2105
f 23/5453/2262 17/5454/2210 25/5451/2276
f 681/5391/2209 706/5393/2257 703/5455/2094
f 1208/5178/2170 1198/5327/2068 1197/5456/2277
f 2374/5135/2141 1988/5288/2214 1982/5136/2153
f 7/5132/2150 36/5457/2104 38/5458/2278
f 2379/5276/2208 2376/5300/2169 2401/5459/2255
f 27/5460/2199 11/5461/2196 13/5462/2195
f 34/5030/2052 44/5463/2279 36/5031/2104
f 381/5464/2280 393/5465/2280 399/5466/2280
f 2222/5283/2211 2230/5298/2219 2227/5364/2126
f 698/5467/2176 684/5291/2193 683/5290/2215
f 10/5215/2184 24/5430/2267 715/5264/2204
f 276/5468/2171 268/5017/2049 274/5197/2178
f 1199/5372/2248 1201/5210/2183 393/5469/2252
f 262/5470/2011 267/5471/2130 270/5472/2115
f 394/5385/2148 390/5473/2251 395/5386/2247
f 1292/4909/2065 1297/5474/2268 1206/5326/2229
f 25/5475/2276 22/5409/2261 43/5476/2281
f 11/5461/2196 27/5460/2199 30/5477/2282
f 2216/5478/2096 2219/5479/2146 2223/5480/2233
f 399/5481/2283 393/5437/2252 385/5244/2194
f 1857/4922/2070 1861/5482/2284 1860/5483/2285
f 25/5451/2276 17/5454/2210 26/5452/2135
f 698/5467/2176 683/5290/2215 699/5484/2286
f 1208/5178/2170 1197/5456/2277 1209/5485/2287
f 240/5160/1940 12/5162/2164 28/5486/2288
f 2228/5487/2289 2233/5488/2289 2156/5489/2289
f 35/5490/2243 19/5491/2238 51/5492/2290
f 23/5453/2262 21/5493/2187 17/5454/2210
f 689/5494/2242 694/5495/2291 695/5496/2239
f 696/5497/2292 691/5498/2263 1068/5499/2293
f 1858/5087/2132 1859/5089/2134 1863/5500/2294
f 2380/5501/2256 2385/5502/2295 2381/5503/2228
f 19/5504/2238 276/5468/2171 280/5505/2296
f 240/5160/1940 28/5486/2288 24/5430/2267
f 25/5475/2276 29/5506/2297 23/5415/2262
f 697/5507/2298 698/5508/2298 699/5509/2298
f 1297/5432/2268 1294/5142/2156 1299/5510/2299
f 1949/4998/2097 1990/5021/2108 1950/5511/2300
f 686/5512/2226 688/5513/2249 700/5514/2301
f 27/5416/2199 23/5415/2262 30/5515/2282
f 31/5516/2245 32/5517/2302 33/5518/2303
f 695/5519/2239 710/5520/2304 688/5513/2249
f 2385/5502/2295 2380/5501/2256 2395/5521/2305
f 25/5475/2276 43/5476/2281 29/5506/2297
f 1068/5522/2306 711/5523/2306 696/5524/2306
f 1856/5525/2045 692/5526/2185 1862/5527/2307
f 1949/5528/2308 1952/5529/2308 1946/5530/2308
f 395/5386/2247 390/5473/2251 382/5531/2154
f 2395/5521/2305 2383/5532/2309 2385/5502/2295
f 1862/5527/2307 692/5526/2185 895/5533/2310
f 270/5472/2115 267/5471/2130 277/5534/2311
f 396/5109/2110 388/5332/2231 397/5448/2274
f 1201/5535/2183 382/5531/2154 393/5536/2252
f 2156/5537/2312 2233/5538/2313 2378/5539/2314
f 19/5504/2238 280/5505/2296 39/5540/2315
f 276/5468/2171 274/5197/2178 280/5505/2296
f 270/5541/2115 277/5542/2311 274/5543/2178
f 1202/5544/2316 1203/5545/2212 1192/5070/2124
f 2376/5300/2169 2384/5546/2317 2401/5459/2255
f 7/5132/2150 38/5458/2278 43/5476/2281
f 895/5547/2310 692/5548/2185 896/5549/2318
f 400/5550/2319 389/5551/2319 391/5552/2319
f 31/5553/2245 33/5554/2303 34/5555/2052
f 390/5473/2251 393/5536/2252 382/5531/2154
f 389/5343/2236 405/5342/2101 401/5556/2320
f 378/5293/2105 398/5557/2275 405/5309/2101
f 2380/5501/2256 2401/5558/2255 2395/5521/2305
f 7/5132/2150 43/5476/2281 22/5409/2261
f 2227/5559/2126 2223/5480/2233 2219/5479/2146
f 1853/5560/2025 1857/4922/2070 1859/5561/2321
f 1206/5326/2229 1297/5474/2268 1204/5562/2322
f 695/5496/2239 694/5495/2291 710/5563/2304
f 409/5256/2197 374/4924/2054 1478/5564/2174
f 273/5228/2188 479/4854/1736 290/5403/2259
f 692/5419/2185 691/5418/2263 894/5565/2323
f 31/5516/2245 35/5566/2243 32/5517/2302
f 2395/5567/2305 2396/5568/2324 2397/5569/2325
f 2226/5570/2241 2229/5571/2326 2230/5572/2219
f 2214/4904/2062 2242/4654/1953 1994/5573/2272
f 1192/5070/2124 1200/5422/2264 1202/5544/2316
f 1858/5425/2132 1863/5574/2294 2000/5575/2327
f 685/5576/2328 687/5577/2328 702/5578/2328
f 36/5579/2104 37/5580/2329 38/5581/2278
f 686/5512/2226 700/5514/2301 682/5582/2111
f 1850/4706/1839 1861/5482/2284 1857/4922/2070
f 1298/5583/2330 1303/5584/2330 1297/5585/2330
f 23/5415/2262 29/5506/2297 30/5515/2282
f 775/5009/2103 693/5436/2269 706/5586/2257
f 277/5542/2311 278/5587/2331 282/5588/2332
f 2401/5589/2255 2396/5568/2324 2395/5567/2305
f 1206/5590/2229 1204/5591/2322 1211/5592/2333
f 2381/5325/2228 2385/5593/2295 2386/5594/2334
f 1298/5595/2335 1299/5596/2299 1300/5597/2336
f 19/5491/2238 39/5598/2315 51/5492/2290
f 688/5513/2249 710/5520/2304 700/5514/2301
f 692/5548/2185 894/5599/2323 896/5549/2318
f 2226/5350/2241 2214/4904/2062 2229/5600/2326
f 2378/5601/2337 2388/5602/2337 2384/5603/2337
f 1563/5103/1961 1304/5105/2140 1295/5155/2162
f 11/5604/2196 28/5486/2288 12/5605/2164
f 2374/5108/2141 2387/5606/2338 1988/5607/2214
f 895/5608/2310 896/5609/2318 1862/5610/2307
f 1298/5595/2335 1297/5611/2268 1299/5596/2299
f 2231/5612/2339 1994/5613/2272 1995/5614/2340
f 2381/5325/2228 2386/5594/2334 2382/5447/2273
f 277/5542/2311 282/5588/2332 274/5543/2178
f 2397/5569/2325 2433/5615/2341 2395/5567/2305
f 1989/5616/2342 1950/5617/2342 1990/5618/2342
f 699/5619/2286 683/5620/2215 712/5621/2343
f 2395/5567/2305 2436/5622/2344 2383/5623/2309
f 697/5008/2102 699/5624/2286 712/5625/2343
f 697/5008/2102 712/5625/2343 693/5436/2269
f 409/5256/2197 402/5626/2345 413/5627/2346
f 2231/5628/2347 1995/5629/2347 1997/5630/2347
f 2401/5459/2255 2384/5546/2317 2388/5631/2348
f 1203/5632/2212 1202/5633/2316 1205/5634/2349
f 1995/5614/2340 1994/5613/2272 1993/5635/2266
f 687/5636/2350 701/5637/2351 702/5638/2270
f 1995/5639/2340 1996/5640/2352 1997/5641/2353
f 277/5642/2311 283/5643/2354 278/5644/2331
f 281/5645/2355 282/5588/2332 278/5587/2331
f 277/5534/2311 267/5471/2130 283/5646/2354
f 2214/4904/2062 1994/5573/2272 1999/5647/2356
f 1949/5648/2357 1950/5649/2357 1952/5650/2357
f 1947/5201/2180 1946/4942/2075 1951/5651/2358
f 1297/5652/2268 1303/5653/2359 1211/5592/2333
f 1993/5635/2266 1994/5613/2272 1998/5654/2161
f 35/5490/2243 51/5492/2290 60/5655/2360
f 274/5656/2178 279/5657/2361 280/5658/2296
f 33/5518/2303 32/5517/2302 40/5659/2362
f 1204/5591/2322 1297/5652/2268 1211/5592/2333
f 1857/4922/2070 1860/5483/2285 1859/5561/2321
f 1206/5443/2229 1223/5660/2363 1200/5422/2264
f 1206/5661/2229 1211/5662/2333 1223/5663/2363
f 1209/5664/2287 1207/5665/2364 1208/5666/2170
f 2230/5572/2219 1999/5667/2356 2231/5668/2365
f 1478/5564/2174 417/5669/2366 409/5256/2197
f 32/5517/2302 35/5566/2243 40/5659/2362
f 703/5670/2367 701/5637/2351 687/5636/2350
f 694/5671/2291 689/5402/2242 709/5672/2368
f 711/5673/2369 713/5674/2369 704/5675/2369
f 50/5676/2370 43/5677/2281 47/5678/2371
f 33/5518/2303 40/5659/2362 41/5679/2372
f 389/5343/2236 401/5556/2320 403/5680/2373
f 1455/5681/1852 1219/5682/2374 1197/5683/2277
f 39/5684/2315 280/5658/2296 279/5657/2361
f 2397/5685/2325 2396/5686/2324 2399/5687/2375
f 711/5688/2376 704/5689/2377 696/5497/2292
f 33/5554/2303 41/5690/2372 34/5555/2052
f 2383/5691/2309 2386/5692/2334 2385/5693/2295
f 2224/5355/2175 2225/5357/2234 2232/5694/2378
f 2228/5408/2120 2235/5695/2379 2233/5696/2313
f 1995/5639/2340 1993/5697/2266 1996/5640/2352
f 2231/5698/2380 1999/5699/2380 1994/5700/2380
f 37/5580/2329 42/5701/2381 38/5581/2278
f 278/5644/2331 283/5643/2354 281/5702/2355
f 384/5240/2100 410/5239/2192 289/5703/2382
f 1455/5176/1852 1203/5286/2212 1219/5704/2374
f 35/5566/2243 60/5705/2360 40/5659/2362
f 2230/5572/2219 2229/5571/2326 1999/5667/2356
f 282/5706/2383 281/5707/2383 283/5708/2383
f 1299/5709/2384 1294/5710/2384 1300/5711/2384
f 1951/5651/2358 1324/5712/2385 1947/5201/2180
f 2378/5539/2314 2233/5538/2313 2388/5713/2348
f 274/5656/2178 282/5714/2332 279/5657/2361
f 894/5715/2323 691/5498/2263 705/5716/2386
f 384/5004/2100 289/5717/2382 290/5403/2259
f 896/5718/2387 894/5719/2387 705/5720/2387
f 388/5332/2231 407/5721/2388 397/5448/2274
f 39/5722/2315 279/5723/2361 51/5724/2290
f 38/5581/2278 42/5701/2381 43/5725/2281
f 34/5555/2052 41/5690/2372 44/5726/2279
f 706/5727/2257 693/5728/2269 719/5729/2389
f 2397/5730/2325 2400/5731/2390 2433/5732/2341
f 1856/4865/2045 1861/5482/2284 1850/4706/1839
f 11/5604/2196 45/5733/2391 28/5486/2288
f 1862/5610/2307 896/5609/2318 897/5734/2392
f 1988/5288/2214 2387/5735/2338 1989/5423/2265
f 273/5736/2188 283/5646/2354 267/5471/2130
f 409/5249/2197 408/5737/2393 388/5413/2231
f 389/5738/2236 403/5739/2373 410/5740/2192
f 706/5741/2394 719/5742/2394 703/5743/2394
f 689/5402/2242 16/5401/2203 715/5744/2204
f 397/5448/2274 404/5745/2395 398/5449/2275
f 43/5725/2281 46/5746/2396 47/5747/2371
f 2382/5447/2273 2387/5606/2338 2374/5108/2141
f 689/5402/2242 715/5744/2204 709/5672/2368
f 1863/5748/2397 1865/5749/2397 2000/5750/2397
f 391/5751/2253 389/5738/2236 410/5740/2192
f 711/5297/2218 702/5438/2270 718/5752/2398
f 1294/5142/2156 1314/5166/2166 1300/5753/2336
f 2227/5754/2126 2230/5755/2219 2234/5756/2399
f 1858/5425/2132 2000/5575/2327 1993/5426/2266
f 1314/5166/2166 1301/5757/2400 1300/5753/2336
f 1947/5758/2180 1302/5759/2401 1948/5104/2139
f 405/5760/2101 406/5761/2402 401/5762/2320
f 683/5763/2215 682/5582/2111 707/5764/2403
f 2383/5691/2309 2436/5765/2344 2386/5692/2334
f 693/5728/2269 712/5766/2343 719/5729/2389
f 1300/5753/2336 1301/5757/2400 1298/5767/2335
f 1208/5768/2170 1214/5769/2404 1478/5770/2174
f 682/5582/2111 700/5514/2301 707/5764/2403
f 691/5498/2263 696/5497/2292 708/5771/2405
f 1859/5772/2406 1860/5773/2406 1863/5774/2406
f 2395/5567/2305 2398/5775/2407 2436/5622/2344
f 2230/5755/2219 2231/5776/2365 2234/5756/2399
f 2214/4904/2062 1999/5647/2356 2229/5600/2326
f 1197/5683/2277 1212/5777/2408 1209/5778/2287
f 2401/5779/2255 2388/5780/2348 2399/5781/2375
f 702/5638/2270 701/5637/2351 718/5782/2398
f 1303/5783/2409 1298/5784/2409 1218/5785/2409
f 51/5724/2290 279/5723/2361 48/5786/2410
f 1296/5156/1934 1295/5155/2162 1314/5787/2166
f 29/5788/2297 49/5789/2411 30/5790/2282
f 704/5689/2377 708/5771/2405 696/5497/2292
f 283/5791/2354 279/5657/2361 282/5714/2332
f 1298/5792/2335 1308/5793/2412 1218/5794/2413
f 1303/5795/2414 1218/5796/2414 1211/5797/2414
f 1205/5798/2349 1215/5799/2415 1203/5800/2212
f 1478/5564/2174 1213/5801/2416 417/5669/2366
f 705/5716/2386 691/5498/2263 708/5771/2405
f 2397/5685/2325 2399/5687/2375 2400/5802/2390
f 2395/5567/2305 2433/5615/2341 2398/5775/2407
f 1993/5803/2266 2000/5804/2327 1996/5805/2352
f 2401/5806/2255 2399/5687/2375 2396/5686/2324
f 1950/5807/2417 1989/5423/2265 1954/5808/2418
f 715/5264/2204 24/5430/2267 716/5809/2419
f 43/5725/2281 42/5701/2381 46/5746/2396
f 279/5657/2361 283/5791/2354 48/5810/2410
f 36/5031/2104 44/5463/2279 37/5811/2329
f 1948/5104/2139 1302/5759/2401 1304/5105/2140
f 1861/5812/2284 1856/5813/2045 1862/5814/2307
f 11/5815/2196 30/5816/2282 45/5817/2391
f 1210/5818/2420 1211/5819/2420 1218/5820/2420
f 716/5809/2419 24/5430/2267 28/5486/2288
f 43/5821/2281 50/5822/2370 29/5788/2297
f 1863/5823/2421 1864/5824/2421 1865/5825/2421
f 1197/5683/2277 1219/5682/2374 1212/5777/2408
f 709/5826/2368 52/5827/2422 694/5828/2291
f 710/5829/2304 776/5830/2423 700/5514/2301
f 2225/5338/2234 2223/5337/2233 2239/5831/2424
f 2225/5338/2234 2239/5831/2424 2232/5832/2378
f 29/5788/2297 50/5822/2370 49/5789/2411
f 712/5621/2343 683/5620/2215 722/5833/2425
f 711/5834/2426 718/5835/2426 713/5836/2426
f 408/5737/2393 407/5837/2388 388/5413/2231
f 409/5256/2197 417/5669/2366 402/5626/2345
f 1212/5838/2408 1207/5665/2364 1209/5664/2287
f 1202/5839/2316 1216/5840/2427 1205/5841/2349
f 1950/5842/2428 1954/5843/2428 1952/5844/2428
f 2228/5408/2120 2224/5190/2175 2235/5695/2379
f 719/5845/2389 712/5846/2343 724/5847/2429
f 1861/5812/2284 1862/5814/2307 1868/5848/2430
f 710/5563/2304 694/5495/2291 52/5849/2422
f 710/5563/2304 52/5849/2422 776/5850/2423
f 1951/5651/2358 1946/4942/2075 1953/5851/2431
f 40/5659/2362 60/5705/2360 41/5679/2372
f 1865/5852/2432 2002/5853/2433 2000/5804/2327
f 404/5745/2395 412/5854/2434 398/5449/2275
f 1298/5792/2335 1301/5855/2400 1308/5793/2412
f 2233/5856/2313 2403/5857/2435 2388/5858/2348
f 703/5670/2367 727/5859/2436 701/5637/2351
f 719/5845/2389 724/5847/2429 725/5860/2437
f 413/5861/2346 408/5862/2393 409/5863/2197
f 1989/5423/2265 2001/5864/2438 1954/5808/2418
f 51/5865/2290 48/5866/2410 284/5867/2439
f 289/5868/2382 410/5869/2192 416/5870/2440
f 403/5871/2441 416/5872/2441 410/5873/2441
f 1213/5874/2416 1478/5875/2174 1214/5876/2404
f 1215/5877/2415 1205/5878/2349 1216/5879/2427
f 403/5680/2373 401/5556/2320 419/5880/2442
f 722/5881/2425 683/5763/2215 707/5764/2403
f 713/5882/2443 718/5883/2444 720/5884/2445
f 1202/5839/2316 1200/5422/2264 1232/5885/2446
f 1863/5886/2447 1860/5887/2447 1864/5888/2447
f 1211/5662/2333 1220/5889/2448 1223/5663/2363
f 712/5890/2343 714/5891/2449 724/5892/2429
f 716/5809/2419 28/5486/2288 64/5893/2450
f 401/5762/2320 406/5761/2402 411/5894/2451
f 283/5895/2354 284/5867/2439 48/5866/2410
f 2388/5780/2348 2405/5896/2452 2399/5781/2375
f 2386/5692/2334 2436/5765/2344 2410/5897/2453
f 1862/5898/2307 897/5899/2392 1871/5900/2454
f 2231/5901/2365 1997/5902/2353 2234/5903/2399
f 2224/5355/2175 2232/5694/2378 2235/5904/2379
f 2386/5905/2334 2389/5906/2455 2382/5907/2273
f 1202/5839/2316 1217/5908/2456 1216/5840/2427
f 1304/5909/2140 1302/5910/2401 1305/5911/2457
f 2235/5695/2379 2006/5912/2458 2233/5696/2313
f 1202/5839/2316 1232/5885/2446 1217/5908/2456
f 403/5680/2373 419/5880/2442 416/5913/2459
f 715/5914/2460 716/5915/2460 709/5916/2460
f 1996/5917/2352 2005/5918/2461 1997/5919/2353
f 708/5771/2405 898/5920/2462 705/5716/2386
f 2227/5754/2126 2234/5756/2399 2238/5921/2463
f 273/5922/2188 286/5923/2464 283/5924/2354
f 1314/5787/2166 1295/5155/2162 1306/5925/2465
f 2002/5926/2433 1865/5927/2432 2067/5928/2466
f 2400/5731/2390 2441/5929/2467 2433/5732/2341
f 1200/5422/2264 1223/5660/2363 1232/5885/2446
f 398/5557/2275 412/5930/2434 406/5931/2402
f 398/5557/2275 406/5931/2402 405/5309/2101
f 1860/5483/2285 1866/5932/2468 1864/5933/2469
f 2387/5606/2338 2382/5447/2273 2389/5934/2455
f 30/5816/2282 68/5935/2470 45/5817/2391
f 1214/5769/2404 1208/5768/2170 1207/5936/2364
f 413/5937/2346 402/5938/2345 414/5939/2471
f 401/5556/2320 411/5940/2451 419/5880/2442
f 1215/5877/2415 1216/5879/2427 1217/5941/2456
f 289/5942/2382 416/5943/2440 415/5944/2472
f 1861/5812/2284 1868/5848/2430 1866/5945/2468
f 1861/5482/2284 1866/5932/2468 1860/5483/2285
f 52/5946/2422 717/5947/2473 56/5948/2474
f 1310/5949/2475 1304/5909/2140 1307/5950/2476
f 1997/5902/2353 2236/5951/2477 2234/5903/2399
f 53/5952/2478 54/5953/2479 47/5954/2371
f 2239/5831/2424 2223/5337/2233 2237/5955/2480
f 52/5827/2422 709/5826/2368 717/5956/2473
f 718/5957/2481 701/5958/2481 729/5959/2481
f 1218/5960/2413 1311/5961/2482 1210/5962/2483
f 712/5621/2343 722/5833/2425 714/5891/2449
f 1867/5963/2484 1865/5964/2432 1866/5965/2468
f 2433/5966/2341 2441/5967/2467 2440/5968/2485
f 2433/5966/2341 2435/5969/2486 2398/5970/2407
f 1210/5971/2483 1220/5889/2448 1211/5662/2333
f 41/5690/2372 55/5972/2487 44/5726/2279
f 727/5859/2436 729/5973/2488 701/5637/2351
f 2004/5974/2489 1997/5919/2353 2005/5918/2461
f 1203/5800/2212 1215/5799/2415 1219/5975/2374
f 705/5976/2386 899/5977/2490 896/5978/2318
f 713/5882/2443 720/5884/2445 704/5979/2377
f 703/5670/2367 719/5980/2389 727/5859/2436
f 411/5940/2451 294/5981/2491 419/5880/2442
f 2239/5831/2424 2237/5955/2480 2240/5982/2492
f 52/5983/2422 56/5984/2474 744/5985/2493
f 720/5986/2445 718/5987/2444 721/5988/2494
f 1946/5989/2495 1952/5990/2495 1953/5991/2495
f 52/5849/2422 752/5992/2496 776/5850/2423
f 1954/5993/2418 2008/5994/2497 1952/5995/2498
f 52/5849/2422 733/5996/2499 752/5992/2496
f 1305/5911/2457 1307/5950/2476 1304/5909/2140
f 2389/5906/2455 2386/5905/2334 2402/5997/2500
f 2387/5735/2338 2001/5864/2438 1989/5423/2265
f 1304/5105/2140 1310/5998/2475 1295/5155/2162
f 1311/5961/2482 1570/5999/2501 1210/5962/2483
f 2388/5780/2348 2403/6000/2435 2405/5896/2452
f 700/5514/2301 776/5830/2423 707/5764/2403
f 1865/5964/2432 1864/6001/2469 1866/5965/2468
f 2233/5856/2313 2010/6002/2502 2403/5857/2435
f 41/5679/2372 60/5705/2360 55/6003/2487
f 707/6004/2403 777/6005/2503 722/6006/2425
f 2232/5832/2378 2239/5831/2424 2235/6007/2379
f 47/5678/2371 57/6008/2504 50/5676/2370
f 720/5986/2445 721/5988/2494 704/6009/2377
f 2433/5966/2341 2440/5968/2485 2435/5969/2486
f 898/6010/2462 899/6011/2490 705/6012/2386
f 53/6013/2505 67/6014/2505 54/6015/2505
f 1308/6016/2412 1309/6017/2506 1218/6018/2413
f 1212/5777/2408 1219/5682/2374 1225/6019/2507
f 1210/5962/2483 1570/5999/2501 1220/6020/2448
f 2004/6021/2489 2009/6022/2508 2003/6023/2509
f 2400/5802/2390 2399/5687/2375 2404/6024/2510
f 413/5861/2346 414/6025/2471 408/5862/2393
f 896/5609/2318 900/6026/2511 897/5734/2392
f 1311/5961/2482 1384/6027/2512 1570/5999/2501
f 2004/6028/2489 2005/6029/2461 2009/6030/2508
f 1867/5963/2484 1866/5965/2468 1868/6031/2430
f 2399/5687/2375 2413/6032/2513 2404/6024/2510
f 1214/5876/2404 1207/6033/2364 1227/6034/2514
f 1295/5155/2162 1310/6035/2475 1306/5925/2465
f 2223/5480/2233 2227/5559/2126 2238/6036/2463
f 406/6037/2402 412/6038/2434 458/6039/2515
f 411/5894/2451 406/5761/2402 294/6040/2491
f 2233/5856/2313 2006/6041/2458 2010/6002/2502
f 707/6004/2403 776/6042/2423 777/6005/2503
f 1868/6043/2430 1873/6044/2516 1867/6045/2484
f 1221/6046/2517 1220/6020/2448 1570/5999/2501
f 37/5811/2329 44/5463/2279 42/6047/2381
f 1996/5805/2352 2000/5804/2327 2002/5853/2433
f 1996/5805/2352 2007/6048/2518 2005/6049/2461
f 416/6050/2519 419/6051/2519 418/6052/2519
f 1218/6053/2413 1309/6017/2506 1311/6054/2482
f 284/6055/2439 283/5924/2354 286/5923/2464
f 51/5865/2290 284/5867/2439 58/6056/2520
f 1997/6057/2353 2004/6021/2489 2236/6058/2477
f 897/5734/2392 900/6026/2511 902/6059/2521
f 709/6060/2368 716/5809/2419 64/5893/2450
f 64/5893/2450 717/6061/2473 709/6060/2368
f 708/5771/2405 905/6062/2522 898/5920/2462
f 2223/6063/2233 2238/6064/2463 2237/6065/2480
f 402/5626/2345 417/5669/2366 426/6066/2523
f 1867/6045/2484 2067/6067/2466 1865/6068/2432
f 417/6069/2524 1213/6070/2524 1226/6071/2524
f 1572/6072/2525 1577/6073/2526 1569/6074/2527
f 55/5972/2487 59/6075/2528 44/5726/2279
f 1314/5787/2166 1306/5925/2465 1321/6076/2529
f 60/5655/2360 51/5492/2290 58/6077/2520
f 1569/6078/2530 1577/6079/2530 1585/6080/2530
f 59/6081/2528 55/6082/2487 60/6083/2360
f 59/6081/2528 60/6083/2360 61/6084/2531
f 1873/6044/2516 1869/6085/2532 1867/6045/2484
f 729/6086/2533 728/6087/2533 718/6088/2533
f 2238/6089/2463 2234/5903/2399 2236/5951/2477
f 2403/6090/2435 2010/6091/2502 2405/6092/2452
f 2235/6007/2379 2239/5831/2424 2016/6093/2534
f 1572/6094/2525 1569/6095/2527 1686/6096/2535
f 1384/6097/2536 1311/6098/2536 1315/6099/2536
f 1952/5995/2498 2008/5994/2497 1953/6100/2537
f 28/5486/2288 45/5733/2391 62/6101/2538
f 406/5761/2402 458/6102/2515 294/6040/2491
f 53/6103/2478 47/6104/2371 65/6105/2539
f 1862/5898/2307 1871/5900/2454 1868/6106/2430
f 2009/6107/2508 2068/6108/2540 2003/6109/2509
f 290/5403/2259 285/6110/2541 273/5228/2188
f 404/5745/2395 407/5721/2388 412/5854/2434
f 397/5448/2274 407/5721/2388 404/5745/2395
f 45/5817/2391 68/5935/2470 62/6111/2538
f 2006/6112/2542 2235/6113/2542 2011/6114/2542
f 1384/6027/2512 1222/6115/2543 1570/5999/2501
f 896/5978/2318 899/5977/2490 900/6116/2511
f 719/6117/2389 725/6118/2437 723/6119/2544
f 2010/6120/2545 2006/6121/2545 2011/6122/2545
f 2410/5897/2453 2436/5765/2344 2411/6123/2546
f 724/6124/2429 730/6125/2547 725/6126/2437
f 2239/6127/2424 2240/6128/2492 2016/6129/2534
f 1207/6130/2364 1212/6131/2408 1227/6132/2514
f 2399/5687/2375 2405/6133/2452 2413/6032/2513
f 714/5891/2449 722/5833/2425 731/6134/2548
f 2005/6029/2461 2007/6135/2518 2009/6030/2508
f 412/6038/2434 435/6136/2549 458/6039/2515
f 1308/6016/2412 1317/6137/2550 1309/6017/2506
f 2008/6138/2497 1954/6139/2418 2028/6140/2551
f 1219/5682/2374 1228/6141/2552 1225/6019/2507
f 714/5891/2449 731/6134/2548 724/5892/2429
f 61/6142/2531 60/5655/2360 58/6077/2520
f 2404/6143/2510 2441/6144/2467 2400/6145/2390
f 412/6038/2434 407/6146/2388 435/6136/2549
f 2002/5853/2433 2007/6048/2518 1996/5805/2352
f 2236/6058/2477 2004/6021/2489 2003/6023/2509
f 1220/6020/2448 1232/6147/2446 1223/6148/2363
f 2009/6149/2508 2007/6150/2518 2068/6151/2540
f 1301/5855/2400 1312/6152/2553 1308/5793/2412
f 50/6153/2554 74/6154/2554 49/6155/2554
f 1227/6034/2514 1226/6156/2555 1213/5874/2416
f 1309/6017/2506 1313/6157/2556 1311/6054/2482
f 28/5486/2288 62/6101/2538 64/5893/2450
f 1301/6158/2557 1314/6159/2557 1312/6160/2557
f 415/6161/2472 302/6162/2558 289/6163/2382
f 1384/6164/2512 1315/6165/2559 1316/6166/2560
f 725/6126/2437 730/6125/2547 726/6167/2561
f 1570/6168/2501 1571/6169/2562 1224/6170/2563
f 718/5987/2444 728/6171/2564 721/5988/2494
f 2386/5905/2334 2410/6172/2453 2402/5997/2500
f 1570/6168/2501 1222/6173/2543 1571/6169/2562
f 776/5850/2423 752/5992/2496 777/6174/2503
f 418/6175/2565 419/6176/2565 294/6177/2565
f 1221/6046/2517 1570/5999/2501 1224/6178/2563
f 56/5948/2474 717/5947/2473 64/6179/2450
f 777/6174/2503 752/5992/2496 732/6180/2566
f 725/6181/2567 726/6182/2567 723/6183/2567
f 2237/6065/2480 2238/6064/2463 2241/6184/2568
f 1308/6185/2569 1312/6186/2569 1317/6187/2569
f 2067/6067/2466 1867/6045/2484 1869/6085/2532
f 289/6188/2382 302/6189/2558 290/6190/2259
f 1215/5877/2415 1217/5941/2456 1219/5682/2374
f 1947/6191/2180 1955/6192/2570 1302/5910/2401
f 2436/6193/2344 2398/5970/2407 2437/6194/2571
f 58/6077/2520 63/6195/2572 61/6142/2531
f 727/6196/2573 728/6197/2573 729/6198/2573
f 730/6199/2547 731/6200/2548 732/6201/2566
f 56/5984/2474 64/6202/2450 744/5985/2493
f 2398/5970/2407 2438/6203/2574 2437/6194/2571
f 2235/6204/2575 2015/6205/2575 2011/6206/2575
f 1569/6095/2527 1574/6207/2576 1686/6096/2535
f 897/5734/2392 902/6059/2521 1871/6208/2454
f 730/6199/2547 724/6209/2429 731/6200/2548
f 2436/6210/2344 2449/6211/2577 2411/6212/2546
f 733/6213/2578 52/6214/2578 86/6215/2578
f 2387/6216/2338 2390/6217/2579 2391/6218/2580
f 1572/6219/2525 1686/6220/2535 1573/6221/2581
f 730/6199/2547 732/6201/2566 735/6222/2582
f 53/6103/2478 65/6105/2539 67/6223/2583
f 727/5859/2436 778/6224/2584 728/6225/2564
f 2389/6226/2455 2390/6217/2579 2387/6216/2338
f 54/5953/2479 57/6227/2504 47/5954/2371
f 1569/6228/2527 1585/6229/2585 1574/6230/2576
f 1217/5941/2456 1228/6141/2552 1219/5682/2374
f 726/6167/2561 730/6125/2547 734/6231/2586
f 416/5943/2440 418/6232/2587 415/5944/2472
f 1220/6020/2448 1221/6046/2517 1230/6233/2588
f 1214/5876/2404 1227/6034/2514 1213/5874/2416
f 1311/6054/2482 1313/6157/2556 1315/6234/2559
f 735/6235/2582 732/6236/2566 753/6237/2589
f 2010/6238/2590 2015/6239/2590 2409/6240/2590
f 1868/6241/2591 1870/6242/2591 1872/6243/2591
f 722/6006/2425 777/6005/2503 731/6244/2548
f 2236/6058/2477 2003/6023/2509 2241/6245/2568
f 2235/6246/2592 2016/6247/2592 2015/6248/2592
f 2010/6249/2593 2011/6250/2593 2015/6251/2593
f 1226/6252/2555 426/6066/2523 417/5669/2366
f 46/5746/2396 65/6253/2539 47/5747/2371
f 424/6254/2594 458/6255/2515 425/6256/2595
f 1571/6169/2562 1222/6173/2543 1575/6257/2596
f 2398/5970/2407 2439/6258/2597 2438/6203/2574
f 2404/6259/2598 2413/6260/2598 2406/6261/2598
f 414/6025/2471 439/6262/2599 408/5862/2393
f 1873/6044/2516 1884/6263/2600 1869/6085/2532
f 2002/6264/2601 2012/6265/2601 2007/6266/2601
f 1868/6106/2430 1871/5900/2454 1870/6267/2602
f 704/6009/2377 721/5988/2494 736/6268/2603
f 1947/5201/2180 1324/5712/2385 1955/6269/2570
f 2410/6172/2453 2412/6270/2604 2402/5997/2500
f 2404/6143/2510 2407/6271/2605 2441/6144/2467
f 54/6272/2479 122/6273/2606 57/6274/2504
f 1571/6169/2562 1575/6257/2596 1224/6170/2563
f 2440/6275/2485 2441/6276/2467 2407/6277/2605
f 1575/6257/2596 1687/6278/2607 1224/6170/2563
f 730/6125/2547 735/6279/2582 734/6231/2586
f 44/5726/2279 59/6075/2528 66/6280/2608
f 435/6281/2549 425/6282/2595 458/6283/2515
f 1305/5911/2457 1302/5910/2401 1318/6284/2609
f 1384/6164/2512 1316/6166/2560 1222/6285/2543
f 1574/6207/2576 1576/6286/2610 1686/6096/2535
f 1577/6287/2526 1578/6288/2611 1583/6289/2612
f 2398/5970/2407 2435/5969/2486 2439/6258/2597
f 1579/6290/2613 1580/6291/2614 1592/6292/2615
f 1579/6290/2613 1592/6292/2615 1581/6293/2616
f 777/6005/2503 732/6294/2566 731/6244/2548
f 2241/6295/2617 2238/6296/2617 2236/6297/2617
f 752/6298/2496 753/6237/2589 732/6236/2566
f 2437/6194/2571 2438/6203/2574 2444/6299/2618
f 408/5737/2393 420/6300/2619 407/5837/2388
f 719/6117/2389 723/6119/2544 738/6301/2620
f 1575/6257/2596 1582/6302/2621 1584/6303/2622
f 1212/6131/2408 1225/6304/2507 1227/6132/2514
f 2008/6305/2623 1956/6306/2623 1953/6307/2623
f 1572/6072/2525 1573/6308/2581 1577/6073/2526
f 1224/6178/2563 1594/6309/2624 1221/6046/2517
f 2448/6310/2625 2437/6311/2626 2442/6312/2627
f 1581/6293/2616 1583/6313/2612 1579/6290/2613
f 1314/5787/2166 1321/6076/2529 1312/6314/2628
f 1574/6230/2576 1585/6229/2585 1584/6315/2622
f 905/6062/2522 708/5771/2405 736/6316/2603
f 723/6317/2629 737/6318/2629 738/6319/2629
f 1575/6257/2596 1222/6173/2543 1582/6302/2621
f 1316/6166/2560 1315/6165/2559 1319/6320/2630
f 1574/6207/2576 1584/6303/2622 1576/6286/2610
f 2443/6321/2631 2444/6299/2618 2438/6203/2574
f 1951/5651/2358 1325/6322/2632 1324/5712/2385
f 67/6323/2633 70/6324/2633 54/6325/2633
f 402/5938/2345 320/6326/2634 414/5939/2471
f 1575/6257/2596 1584/6315/2622 1687/6278/2607
f 1686/6096/2535 1576/6286/2610 1610/6327/2635
f 2402/5997/2500 2408/6328/2636 2389/5906/2455
f 402/5626/2345 426/6066/2523 427/6329/2637
f 726/6330/2561 734/6331/2586 723/6332/2638
f 2068/6151/2540 2007/6150/2518 2013/6333/2639
f 1226/6334/2555 1227/6335/2514 1235/6336/2640
f 2016/6337/2641 2240/6338/2641 2027/6339/2641
f 1579/6290/2613 1588/6340/2642 1590/6341/2643
f 415/6342/2472 418/6343/2587 291/6344/2644
f 1686/6220/2535 1610/6345/2635 1573/6221/2581
f 415/6161/2472 291/6346/2644 302/6162/2558
f 2067/5928/2466 2014/6347/2645 2002/5926/2433
f 2015/6348/2646 2016/6349/2647 2031/6350/2648
f 294/6351/2649 292/6352/2650 418/6353/2587
f 708/5771/2405 704/5689/2377 736/6316/2603
f 1584/6303/2622 1582/6302/2621 1576/6286/2610
f 1309/6017/2506 1317/6137/2550 1313/6157/2556
f 44/6354/2279 66/6355/2608 42/6356/2381
f 59/6357/2528 61/6358/2531 63/6359/2572
f 2438/6203/2574 2439/6258/2597 2443/6360/2631
f 727/5859/2436 719/5980/2389 778/6224/2584
f 68/6361/2470 69/6362/2651 72/6363/2652
f 1225/6364/2507 1237/6365/2653 1227/6366/2514
f 30/6367/2282 49/6368/2411 69/6362/2651
f 1581/6369/2616 1577/6287/2526 1583/6289/2612
f 1957/6370/2654 1953/6371/2431 2030/6372/2655
f 1226/6252/2555 1234/6373/2656 426/6066/2523
f 1577/6374/2526 1581/6375/2616 1585/6376/2585
f 1590/6341/2643 1588/6340/2642 1589/6377/2657
f 1579/6290/2613 1583/6313/2612 1588/6378/2642
f 70/6379/2658 71/6380/2658 54/6381/2658
f 42/6356/2381 66/6355/2608 81/6382/2659
f 2440/6275/2485 2407/6277/2605 2446/6383/2660
f 2405/6092/2452 2010/6091/2502 2414/6384/2661
f 1579/6290/2613 1590/6341/2643 1580/6291/2614
f 719/5980/2389 738/6385/2620 778/6224/2584
f 2442/6386/2662 2437/6387/2662 2444/6388/2662
f 1577/6287/2526 1573/6221/2581 1578/6288/2611
f 1584/6315/2622 1585/6229/2585 1687/6278/2607
f 1232/6147/2446 1220/6020/2448 1230/6233/2588
f 46/6389/2396 81/6382/2659 65/6390/2539
f 402/5626/2345 431/6391/2663 320/6392/2634
f 1953/6393/2664 1956/6394/2664 2030/6395/2664
f 46/6389/2396 42/6356/2381 81/6382/2659
f 2411/6212/2546 2449/6211/2577 2445/6396/2665
f 407/6397/2666 420/6398/2666 421/6399/2666
f 432/6400/2667 422/6401/2667 421/6402/2667
f 1588/6378/2642 1583/6313/2612 1587/6403/2668
f 2387/5735/2338 2017/6404/2669 2001/5864/2438
f 2391/6405/2580 2017/6404/2669 2387/5735/2338
f 721/5988/2494 728/6171/2564 739/6406/2670
f 294/6407/2671 442/6408/2671 293/6409/2671
f 1310/6410/2475 1320/6411/2672 1306/6412/2465
f 2010/6091/2502 2409/6413/2673 2414/6384/2661
f 723/6332/2638 734/6331/2586 737/6414/2674
f 294/6415/2675 293/6416/2676 295/6417/2677
f 1956/6418/2678 2008/6419/2678 2028/6420/2678
f 407/6421/2679 421/6422/2679 422/6423/2679
f 1955/6192/2570 1318/6284/2609 1302/5910/2401
f 294/6040/2491 458/6102/2515 442/6424/2680
f 2003/6109/2509 2068/6108/2540 2069/6425/2681
f 2410/6426/2682 2411/6427/2682 2412/6428/2682
f 426/6429/2683 1234/6430/2683 423/6431/2683
f 2437/6432/2571 2449/6211/2577 2436/6210/2344
f 408/5737/2393 439/6433/2599 420/6300/2619
f 1225/6019/2507 1228/6141/2552 1237/6434/2653
f 421/6435/2684 426/6436/2523 432/6437/2685
f 2241/6438/2568 2069/6425/2681 2029/6439/2686
f 2237/6440/2480 2241/6441/2568 2240/6442/2492
f 67/6223/2583 65/6105/2539 70/6443/2687
f 900/6116/2511 899/5977/2490 903/6444/2688
f 2241/6438/2568 2003/6109/2509 2069/6425/2681
f 1953/5851/2431 1957/6445/2654 1325/6322/2632
f 2390/6446/2689 2389/6447/2689 2408/6448/2689
f 1221/6046/2517 1594/6309/2624 1230/6233/2588
f 734/6231/2586 735/6279/2582 740/6449/2690
f 425/6450/2691 459/6451/2691 436/6452/2691
f 2012/6453/2692 2013/6333/2639 2007/6150/2518
f 424/6454/2693 425/6455/2693 428/6456/2693
f 426/6457/2523 421/6458/2684 427/6459/2637
f 2435/5969/2486 2454/6460/2694 2439/6258/2597
f 431/6391/2663 402/5626/2345 427/6329/2637
f 1583/6289/2612 1586/6461/2695 1587/6462/2668
f 425/6463/2696 436/6464/2696 428/6465/2696
f 1583/6289/2612 1578/6288/2611 1586/6461/2695
f 57/6008/2504 85/6466/2697 50/5676/2370
f 1873/6467/2698 1885/6468/2698 1884/6469/2698
f 63/6359/2572 66/6470/2608 59/6357/2528
f 432/6437/2685 426/6436/2523 429/6471/2699
f 1588/6472/2642 1631/6473/2700 1589/6474/2657
f 30/6367/2282 69/6362/2651 68/6361/2470
f 68/5935/2470 72/6475/2652 62/6111/2538
f 421/6476/2684 430/6477/2701 431/6478/2663
f 1870/6479/2602 1871/6480/2454 1872/6481/2702
f 1224/6170/2563 1687/6278/2607 1598/6482/2703
f 1316/6483/2560 1603/6484/2704 1222/6173/2543
f 424/6254/2594 442/6485/2680 458/6255/2515
f 1232/6486/2705 1228/6487/2705 1217/6488/2705
f 422/6489/2706 432/6490/2685 451/6491/2707
f 422/6489/2706 451/6491/2707 446/6492/2708
f 422/6493/2706 446/6494/2708 407/6495/2388
f 1580/6496/2614 1590/6497/2643 1595/6498/2709
f 1868/6499/2430 1872/6481/2702 1886/6500/2710
f 1310/6410/2475 1307/6501/2476 1320/6411/2672
f 1226/6334/2555 1235/6336/2640 1234/6502/2656
f 1585/6376/2585 1581/6375/2616 1591/6503/2711
f 1953/5851/2431 1325/6322/2632 1951/5651/2358
f 88/6504/2712 741/6505/2713 733/6506/2499
f 1585/6376/2585 1591/6503/2711 1687/6507/2607
f 2001/5864/2438 2017/6404/2669 2018/6508/2714
f 1321/6076/2529 1329/6509/2715 1312/6314/2628
f 1588/6472/2642 1587/6510/2668 1631/6473/2700
f 439/6262/2599 414/6025/2471 320/6511/2634
f 2067/6512/2466 1869/6513/2532 2022/6514/2716
f 432/6490/2685 447/6515/2717 451/6491/2707
f 425/6282/2595 434/6516/2718 459/6517/2719
f 418/6343/2587 292/6518/2650 291/6344/2644
f 900/6519/2511 901/6520/2720 902/6521/2521
f 900/6519/2511 906/6522/2721 901/6520/2720
f 2240/6442/2492 2241/6441/2568 2027/6523/2722
f 2446/6524/2723 2407/6525/2723 2456/6526/2723
f 2447/6527/2724 2448/6310/2625 2442/6312/2627
f 2409/6528/2725 2015/6529/2725 2019/6530/2725
f 899/6011/2490 898/6010/2462 903/6531/2688
f 2404/6532/2510 2413/6533/2726 2420/6534/2727
f 2437/6535/2728 2448/6536/2728 2449/6537/2728
f 290/6190/2259 302/6189/2558 285/6538/2541
f 421/6458/2684 431/6539/2663 427/6459/2637
f 295/6540/2677 293/6541/2676 297/6542/2729
f 426/6436/2523 1234/6543/2730 429/6471/2699
f 1868/6499/2430 1886/6500/2710 1873/6544/2516
f 721/5988/2494 739/6406/2670 736/6545/2603
f 1317/6546/2550 1330/6547/2731 1313/6548/2556
f 2404/6143/2510 2416/6549/2732 2407/6271/2605
f 2015/6348/2646 2031/6350/2648 2019/6550/2733
f 900/6551/2511 904/6552/2734 906/6553/2721
f 420/6300/2619 439/6433/2599 433/6554/2735
f 1582/6302/2621 1222/6173/2543 1605/6555/2736
f 1222/6173/2543 1603/6484/2704 1605/6555/2736
f 1589/6556/2657 1593/6557/2737 1590/6497/2643
f 736/6558/2603 908/6559/2738 905/6560/2522
f 2442/6312/2627 2450/6561/2739 2447/6527/2724
f 733/6562/2740 90/6563/2740 88/6564/2740
f 900/6565/2741 903/6566/2741 904/6567/2741
f 58/6568/2520 284/6569/2439 63/6570/2572
f 65/6390/2539 81/6382/2659 70/6571/2687
f 1869/6085/2532 1884/6263/2600 2021/6572/2742
f 2405/6573/2452 2414/6574/2661 2413/6575/2513
f 294/6415/2675 295/6417/2677 305/6576/2743
f 2027/6577/2744 2020/6578/2745 2016/6579/2647
f 1234/6543/2730 440/6580/2746 429/6471/2699
f 446/6581/2747 430/6477/2701 421/6476/2684
f 294/6582/2748 305/6583/2748 292/6584/2748
f 420/6585/2619 446/6586/2747 421/6587/2684
f 905/6560/2522 908/6559/2738 909/6588/2749
f 1592/6589/2615 1616/6590/2750 1581/6591/2616
f 407/6495/2388 446/6494/2708 433/6592/2751
f 295/6417/2677 296/6593/2752 305/6576/2743
f 442/6594/2753 297/6595/2753 293/6596/2753
f 2067/6597/2466 2022/6598/2716 2014/6599/2645
f 420/6585/2619 433/6600/2735 446/6586/2747
f 2012/6601/2692 2002/5926/2433 2013/6602/2639
f 1315/6603/2559 1313/6548/2556 1332/6604/2754
f 2413/6605/2755 2421/6606/2755 2420/6607/2755
f 435/6281/2549 434/6516/2718 425/6282/2595
f 2435/5969/2486 2440/5968/2485 2454/6460/2694
f 286/6608/2464 73/6609/2756 284/6569/2439
f 736/6558/2603 749/6610/2757 908/6559/2738
f 273/5922/2188 285/6611/2541 286/5923/2464
f 1869/6513/2532 2021/6612/2742 2022/6514/2716
f 407/6613/2388 433/6614/2751 434/6615/2718
f 1317/6546/2550 1312/6616/2628 1330/6547/2731
f 906/6553/2721 904/6552/2734 909/6617/2749
f 2442/6618/2627 2444/6619/2618 2451/6620/2758
f 291/6344/2644 292/6518/2650 305/6621/2743
f 432/6622/2685 429/6623/2699 447/6624/2717
f 407/6613/2388 434/6615/2718 435/6625/2549
f 742/6626/2759 738/6385/2620 743/6627/2760
f 2442/6628/2627 2455/6629/2761 2450/6630/2739
f 2409/6413/2673 2023/6631/2762 2414/6384/2661
f 736/6632/2763 739/6633/2763 749/6634/2763
f 898/6010/2462 905/6635/2522 903/6531/2688
f 906/6636/2721 909/6588/2749 908/6559/2738
f 1593/6557/2737 1595/6498/2709 1590/6497/2643
f 2002/5926/2433 2014/6347/2645 2013/6602/2639
f 902/6521/2521 1881/6637/2764 1871/6638/2454
f 738/6385/2620 742/6626/2759 778/6224/2584
f 1227/6366/2514 1237/6365/2653 1229/6639/2765
f 2440/6275/2485 2446/6383/2660 2476/6640/2766
f 1954/6139/2418 2001/5864/2438 2028/6140/2551
f 744/6641/2767 86/6642/2767 52/6643/2767
f 54/6272/2479 71/6644/2768 122/6273/2606
f 1871/6480/2454 1886/6500/2710 1872/6481/2702
f 1592/6589/2615 1580/6645/2614 1616/6590/2750
f 1306/6646/2465 1320/6647/2672 1321/6648/2529
f 2068/6649/2540 2014/6650/2645 2022/6651/2716
f 49/6368/2411 74/6652/2769 69/6362/2651
f 64/5893/2450 78/6653/2770 123/6654/2771
f 1580/6645/2614 1601/6655/2772 1616/6590/2750
f 2409/6656/2773 2019/6657/2773 2023/6658/2773
f 728/6225/2564 748/6659/2774 739/6660/2670
f 906/6522/2721 907/6661/2775 901/6520/2720
f 295/6540/2677 297/6542/2729 296/6662/2752
f 2447/6663/2724 2469/6664/2776 2448/6665/2625
f 738/6666/2620 737/6667/2674 743/6668/2760
f 2455/6629/2761 2442/6628/2627 2451/6669/2758
f 64/5893/2450 62/6101/2538 78/6653/2770
f 428/6670/2777 436/6671/2778 424/6254/2594
f 439/6672/2779 430/6673/2779 433/6674/2779
f 1582/6302/2621 1605/6555/2736 1576/6286/2610
f 433/6614/2751 437/6675/2780 434/6615/2718
f 2391/6676/2580 2390/6677/2579 2434/6678/2781
f 2456/6679/2782 2407/6680/2782 2452/6681/2782
f 2068/6682/2540 2022/6514/2716 2069/6683/2681
f 2408/6684/2636 2417/6685/2783 2390/6677/2579
f 728/6225/2564 778/6224/2584 748/6659/2774
f 1598/6686/2703 1687/6507/2607 1591/6503/2711
f 436/6671/2778 459/6687/2719 424/6254/2594
f 1230/6688/2588 1231/6689/2784 1232/6690/2446
f 2001/5864/2438 2018/6508/2714 2024/6691/2785
f 1589/6474/2657 1631/6473/2700 1593/6692/2737
f 291/6693/2644 305/6694/2743 298/6695/2786
f 1228/6141/2552 1232/6696/2446 1233/6697/2787
f 905/6560/2522 909/6588/2749 903/6698/2688
f 1595/6498/2709 1607/6699/2788 1580/6496/2614
f 63/6700/2572 77/6701/2789 66/6355/2608
f 82/6702/2790 75/6703/2791 71/6704/2768
f 1234/6705/2792 1235/6706/2792 440/6707/2792
f 908/6708/2738 912/6709/2793 906/6522/2721
f 429/6623/2699 438/6710/2794 448/6711/2795
f 82/6712/2790 71/6713/2768 83/6714/2796
f 1616/6715/2750 1591/6503/2711 1581/6375/2616
f 1224/6170/2563 1598/6482/2703 1594/6716/2624
f 433/6717/2797 446/6718/2797 437/6719/2797
f 2016/6349/2647 2020/6720/2745 2031/6350/2648
f 2439/6258/2597 2454/6721/2694 2443/6360/2631
f 753/6237/2589 745/6722/2798 735/6235/2582
f 901/6520/2720 1881/6637/2764 902/6521/2521
f 287/6723/2799 286/6724/2464 301/6725/2800
f 2447/6726/2724 2450/6727/2739 2459/6728/2801
f 81/6382/2659 66/6355/2608 77/6701/2789
f 1318/6284/2609 1322/6729/2802 1305/5911/2457
f 433/6730/2803 430/6731/2803 446/6732/2803
f 901/6520/2720 1880/6733/2804 1881/6637/2764
f 301/6725/2800 286/6724/2464 285/6734/2541
f 64/6735/2450 76/6736/2805 744/6737/2493
f 2402/5997/2500 2412/6270/2604 2415/6738/2806
f 1884/6263/2600 1874/6739/2807 2021/6572/2742
f 63/6570/2572 284/6569/2439 73/6609/2756
f 1227/6335/2514 1239/6740/2808 1235/6336/2640
f 430/6741/2809 439/6742/2809 444/6743/2809
f 740/6744/2690 735/6235/2582 745/6722/2798
f 2404/6532/2510 2420/6534/2727 2416/6745/2732
f 297/6746/2729 299/6747/2810 300/6748/2811
f 1321/6648/2529 1320/6647/2672 1329/6749/2715
f 291/6750/2812 303/6751/2812 302/6752/2812
f 2068/6649/2540 2013/6753/2639 2014/6650/2645
f 743/6754/2760 746/6755/2813 742/6756/2759
f 740/6449/2690 747/6757/2814 737/6758/2674
f 63/6759/2815 73/6760/2815 77/6761/2815
f 72/6475/2652 78/6762/2770 62/6111/2538
f 429/6623/2699 440/6763/2746 438/6710/2794
f 2448/6665/2625 2469/6664/2776 2453/6764/2816
f 901/6520/2720 907/6661/2775 1880/6733/2804
f 2408/6328/2636 2402/5997/2500 2417/6765/2783
f 72/6363/2652 69/6362/2651 75/6766/2791
f 2440/6275/2485 2476/6640/2766 2454/6767/2694
f 1305/5911/2457 1323/6768/2817 1307/5950/2476
f 1595/6769/2709 1596/6770/2818 1597/6771/2819
f 424/6254/2594 441/6772/2820 442/6485/2680
f 1595/6769/2709 1606/6773/2821 1596/6770/2818
f 1606/6773/2821 1595/6769/2709 1593/6774/2737
f 1305/5911/2457 1322/6729/2802 1323/6768/2817
f 739/6660/2670 748/6659/2774 750/6775/2822
f 1955/6192/2570 1324/6776/2385 919/6777/2823
f 299/6778/2810 297/6779/2729 441/6780/2820
f 459/6687/2719 441/6772/2820 424/6254/2594
f 1228/6141/2552 1236/6781/2824 1237/6434/2653
f 740/6449/2690 737/6758/2674 734/6231/2586
f 73/6609/2756 286/6608/2464 288/6782/2825
f 431/6478/2663 430/6477/2701 444/6783/2826
f 1598/6784/2703 1599/6785/2827 1594/6786/2624
f 2450/6727/2739 2455/6787/2761 2459/6728/2801
f 740/6744/2690 745/6722/2798 747/6788/2814
f 286/6789/2828 287/6790/2828 288/6791/2828
f 2449/6792/2577 2448/6665/2625 2453/6764/2816
f 442/6793/2680 441/6780/2820 297/6779/2729
f 1610/6327/2635 1576/6286/2610 1600/6794/2829
f 2001/5864/2438 2024/6691/2785 2028/6140/2551
f 1871/6480/2454 1881/6795/2764 1886/6500/2710
f 74/6796/2830 50/6797/2830 85/6798/2830
f 2022/6514/2716 2021/6612/2742 2025/6799/2831
f 2241/6438/2568 2035/6800/2832 2033/6801/2833
f 1229/6802/2765 1239/6740/2808 1227/6335/2514
f 1595/6769/2709 1597/6771/2819 1607/6803/2788
f 2411/6212/2546 2445/6396/2665 2412/6804/2604
f 1580/6496/2614 1607/6699/2788 1601/6805/2772
f 123/6806/2771 78/6807/2770 79/6808/2834
f 299/6778/2810 441/6780/2820 443/6809/2835
f 2028/6140/2551 2026/6810/2836 2040/6811/2837
f 1232/6696/2446 1241/6812/2838 1233/6697/2787
f 1892/6813/2839 1875/6814/2840 1957/6815/2654
f 439/6816/2841 445/6817/2841 444/6818/2841
f 1315/6603/2559 1334/6819/2842 1319/6820/2630
f 429/6623/2699 448/6711/2795 447/6624/2717
f 2413/6575/2513 2414/6574/2661 2421/6821/2843
f 737/6667/2674 747/6822/2814 743/6668/2760
f 2017/6404/2669 2391/6405/2580 2434/6823/2781
f 437/6675/2780 445/6824/2844 434/6615/2718
f 1315/6603/2559 1332/6604/2754 1334/6819/2842
f 301/6825/2800 303/6826/2845 287/6827/2799
f 1892/6828/2839 1957/6370/2654 2030/6372/2655
f 285/6829/2541 302/6830/2558 301/6825/2800
f 57/6008/2504 122/6831/2606 85/6466/2697
f 75/6703/2791 69/6832/2651 71/6704/2768
f 1610/6345/2635 1602/6833/2846 1573/6221/2581
f 1874/6739/2807 1889/6834/2847 2037/6835/2848
f 1593/6692/2737 1631/6473/2700 1606/6836/2821
f 291/6837/2644 304/6838/2849 303/6839/2845
f 2241/6438/2568 2033/6801/2833 2027/6840/2722
f 2446/6841/2660 2456/6842/2850 2457/6843/2851
f 2412/6270/2604 2471/6844/2852 2415/6738/2806
f 1237/6845/2653 1236/6846/2824 1238/6847/2853
f 2040/6848/2837 1887/6849/2854 1876/6850/2855
f 742/6756/2759 748/6851/2774 778/6852/2584
f 81/6382/2659 77/6701/2789 80/6853/2856
f 2040/6848/2837 1876/6850/2855 2028/6854/2551
f 752/5992/2496 733/5996/2499 758/6855/2857
f 459/6687/2719 434/6856/2718 441/6772/2820
f 1578/6288/2611 1608/6857/2858 1586/6461/2695
f 64/6735/2450 123/6858/2771 76/6736/2805
f 445/6824/2844 441/6859/2820 434/6615/2718
f 2451/6620/2758 2444/6619/2618 2458/6860/2859
f 297/6746/2729 300/6748/2811 315/6861/2860
f 454/6862/2861 431/6863/2861 444/6864/2861
f 1325/6865/2632 1957/6815/2654 1875/6814/2840
f 2028/6866/2862 1876/6867/2862 1956/6868/2862
f 445/6869/2844 439/6262/2599 441/6870/2820
f 1312/6616/2628 1329/6871/2715 1330/6547/2731
f 2467/6872/2863 2459/6873/2801 2465/6874/2864
f 1594/6875/2865 1599/6876/2865 1244/6877/2865
f 742/6756/2759 746/6755/2813 911/6878/2866
f 2459/6728/2801 2460/6879/2867 2447/6726/2724
f 903/6880/2868 909/6881/2868 904/6882/2868
f 303/6826/2845 301/6825/2800 302/6830/2558
f 2447/6726/2724 2460/6879/2867 2469/6883/2776
f 437/6884/2780 446/6885/2869 445/6886/2844
f 303/6887/2845 304/6888/2849 287/6889/2799
f 1233/6697/2787 1236/6781/2824 1228/6141/2552
f 85/6890/2697 122/6891/2606 93/6892/2870
f 2455/6893/2761 2461/6894/2871 2459/6873/2801
f 1316/6166/2560 1319/6320/2630 1336/6895/2872
f 71/6713/2768 70/6896/2687 81/6897/2659
f 82/6898/2873 83/6899/2873 75/6900/2873
f 86/6901/2874 90/6902/2874 733/6903/2874
f 1578/6288/2611 1573/6221/2581 1608/6857/2858
f 1235/6904/2875 1245/6905/2876 440/6906/2746
f 445/6907/2877 446/6908/2877 444/6909/2877
f 2465/6874/2864 2459/6873/2801 2461/6894/2871
f 2402/5997/2500 2415/6738/2806 2417/6765/2783
f 908/6910/2738 749/6911/2757 915/6912/2878
f 2407/6271/2605 2416/6549/2732 2452/6913/2879
f 320/6511/2634 443/6914/2835 439/6262/2599
f 73/6609/2756 288/6782/2825 91/6915/2880
f 72/6475/2652 75/6916/2791 84/6917/2881
f 2019/6918/2882 2045/6919/2882 2023/6920/2882
f 1316/6921/2560 1326/6922/2883 1603/6923/2704
f 1576/6286/2610 1605/6555/2736 1600/6794/2829
f 749/6924/2884 750/6925/2884 911/6926/2884
f 1594/6927/2624 1231/6689/2784 1230/6688/2588
f 74/6928/2769 85/6929/2697 93/6930/2870
f 2069/6683/2681 2052/6931/2885 2029/6932/2686
f 906/6522/2721 916/6933/2886 907/6661/2775
f 2454/6721/2694 2462/6934/2887 2443/6360/2631
f 451/6935/2707 447/6936/2717 452/6937/2888
f 1956/6938/2889 1876/6939/2889 2030/6940/2889
f 1887/6941/2854 2043/6942/2890 1877/6943/2891
f 296/6944/2752 315/6945/2860 305/6946/2743
f 733/6506/2499 741/6505/2713 751/6947/2892
f 2069/6683/2681 2022/6514/2716 2052/6931/2885
f 446/6492/2708 451/6491/2707 444/6948/2893
f 441/6870/2820 439/6262/2599 443/6914/2835
f 1318/6284/2609 1955/6192/2570 921/6949/2894
f 72/6475/2652 84/6917/2881 78/6762/2770
f 123/6858/2771 79/6950/2834 76/6736/2805
f 448/6951/2795 438/6952/2794 1243/6953/2895
f 1573/6221/2581 1602/6833/2846 1608/6857/2858
f 1606/6954/2821 1604/6955/2896 1596/6956/2818
f 86/6957/2897 744/6737/2493 76/6736/2805
f 2019/6958/2733 2031/6959/2648 2045/6960/2898
f 448/6951/2795 452/6937/2888 447/6936/2717
f 438/6961/2794 440/6962/2746 1245/6963/2876
f 907/6661/2775 910/6964/2899 1880/6733/2804
f 454/6965/2900 320/6392/2634 431/6391/2663
f 1324/6776/2385 1325/6966/2632 919/6777/2823
f 69/6967/2651 74/6928/2769 93/6930/2870
f 2241/6438/2568 2029/6439/2686 2035/6800/2832
f 299/6747/2810 443/6968/2835 300/6748/2811
f 1605/6969/2736 1603/6923/2704 1625/6970/2901
f 2028/6140/2551 2024/6691/2785 2026/6810/2836
f 1889/6834/2847 2043/6971/2890 2037/6835/2848
f 2449/6792/2577 2453/6764/2816 2464/6972/2902
f 1606/6973/2821 1631/6974/2700 1620/6975/2903
f 2416/6745/2732 2420/6534/2727 2418/6976/2904
f 1597/6977/2819 1611/6978/2905 1607/6979/2788
f 2030/6980/2655 1876/6981/2906 1892/6982/2839
f 906/6522/2721 912/6709/2793 916/6933/2886
f 2457/6843/2851 2456/6842/2850 2452/6983/2879
f 444/6984/2893 449/6985/2907 454/6986/2908
f 296/6662/2752 297/6542/2729 315/6987/2860
f 739/6988/2670 750/6989/2822 749/6990/2909
f 1229/6991/2765 1238/6992/2853 1239/6993/2808
f 1239/6993/2808 455/6994/2910 1235/6995/2640
f 1876/6981/2906 1878/6996/2911 1892/6982/2839
f 911/6997/2912 915/6912/2878 749/6911/2757
f 733/6506/2499 751/6947/2892 756/6998/2913
f 1612/6999/2914 1587/7000/2668 1586/7001/2695
f 1874/6739/2807 2037/6835/2848 2021/6572/2742
f 2455/6629/2761 2451/6669/2758 2478/7002/2915
f 1320/6647/2672 791/7003/2916 1329/6749/2715
f 1889/7004/2847 1874/7005/2807 1883/7006/2917
f 87/7007/2918 77/7008/2789 73/7009/2756
f 453/7010/2919 1235/6995/2640 455/6994/2910
f 2031/7011/2648 2020/7012/2745 2036/7013/2920
f 2446/7014/2660 2457/7015/2851 2476/7016/2766
f 1603/6923/2704 1326/6922/2883 1625/6970/2901
f 1889/7017/2921 1883/7018/2921 1882/7019/2921
f 1608/7020/2858 1602/7021/2846 1609/7022/2922
f 1610/7023/2635 1615/7024/2923 1602/7021/2846
f 1232/6690/2446 1231/6689/2784 1247/7025/2924
f 453/7026/2925 1240/7027/2925 1235/7028/2925
f 1235/6904/2875 1240/7029/2926 1245/6905/2876
f 1326/7030/2883 1316/7031/2560 1336/7032/2872
f 1596/6956/2818 1618/7033/2927 1597/7034/2819
f 1237/6845/2653 1238/6847/2853 1229/7035/2765
f 752/7036/2928 758/7037/2928 757/7038/2928
f 1607/6699/2788 1611/7039/2905 1601/6805/2772
f 752/7040/2496 757/7041/2929 753/7042/2589
f 2020/6578/2745 2027/6577/2744 2032/7043/2930
f 1232/6690/2446 1247/7025/2924 1241/7044/2838
f 1322/6729/2802 1340/7045/2931 1323/6768/2817
f 2455/6629/2761 2463/7046/2932 2461/7047/2871
f 1586/6461/2695 1608/6857/2858 1612/7048/2914
f 1878/6996/2911 1876/6981/2906 1877/7049/2891
f 1606/6973/2821 1620/6975/2903 1604/7050/2896
f 454/6986/2908 449/6985/2907 450/7051/2933
f 1601/6805/2772 1611/7039/2905 1617/7052/2934
f 454/6986/2908 450/7051/2933 453/7053/2935
f 75/7054/2791 83/7055/2796 84/7056/2881
f 1892/6982/2839 1878/6996/2911 1879/7057/2936
f 1887/7058/2937 1877/7059/2937 1876/7060/2937
f 1307/6501/2476 1323/6768/2817 1320/6411/2672
f 444/7061/2893 451/7062/2707 452/7063/2888
f 77/6701/2789 87/7064/2918 80/6853/2856
f 287/7065/2938 91/7066/2880 288/7067/2825
f 1327/7068/2939 1313/6548/2556 1330/6547/2731
f 1616/6715/2750 1658/7069/2940 1591/6503/2711
f 1881/7070/2764 1880/7071/2804 1882/7072/2941
f 71/7073/2768 93/6892/2870 122/6891/2606
f 88/7074/2712 79/7075/2834 99/7076/2942
f 2455/6629/2761 2478/7002/2915 2463/7046/2932
f 2449/6211/2577 2464/7077/2902 2445/6396/2665
f 95/7078/2943 89/7079/2944 324/7080/2945
f 95/7081/2946 101/7082/2946 89/7083/2946
f 1233/7084/2787 1246/7085/2947 1236/7086/2824
f 88/6504/2712 770/7087/2948 741/6505/2713
f 1881/7088/2949 1882/7089/2949 1883/7090/2949
f 733/6506/2499 756/6998/2913 758/7091/2857
f 90/7092/2950 79/7075/2834 88/7074/2712
f 73/7009/2756 91/7093/2880 92/7094/2951
f 1882/7072/2941 1880/7071/2804 914/7095/2952
f 287/7096/2953 92/7097/2953 91/7098/2953
f 305/6946/2743 315/6945/2860 314/7099/2954
f 444/7061/2893 452/7063/2888 449/7100/2907
f 2465/7101/2864 2475/7102/2955 2467/7103/2863
f 79/6808/2834 78/6807/2770 84/7056/2881
f 748/6851/2774 742/6756/2759 750/7104/2822
f 1874/7005/2807 1884/7105/2600 1885/7106/2956
f 1596/6956/2818 1604/6955/2896 1613/7107/2957
f 2453/6764/2816 2466/7108/2958 2464/6972/2902
f 746/7109/2813 767/7110/2959 911/7111/2866
f 2459/7112/2801 2467/7113/2863 2460/7114/2867
f 1319/6320/2630 1334/7115/2842 1336/6895/2872
f 1320/6411/2672 1323/6768/2817 791/7116/2916
f 1242/7117/2960 1236/7086/2824 1246/7085/2947
f 2023/6631/2762 2056/7118/2961 2414/6384/2661
f 1597/6977/2819 1618/7119/2927 1611/6978/2905
f 95/7078/2962 324/7080/2962 311/7120/2962
f 742/6756/2759 911/6878/2866 750/7104/2822
f 912/7121/2793 908/6910/2738 915/6912/2878
f 438/6961/2794 1245/6963/2876 1243/7122/2895
f 2467/7103/2863 2475/7102/2955 2468/7123/2963
f 1598/6784/2703 1591/6503/2711 1614/7124/2964
f 1313/6548/2556 1327/7068/2939 1332/6604/2754
f 2462/7125/2887 2480/7126/2965 2443/7127/2631
f 2027/7128/2722 2033/7129/2833 2034/7130/2966
f 287/6889/2799 327/7131/2967 92/7132/2968
f 2469/7133/2776 2466/7108/2958 2453/6764/2816
f 87/7007/2918 73/7009/2756 92/7094/2951
f 71/6704/2768 69/6832/2651 93/7134/2870
f 1883/7135/2917 1886/7136/2710 1881/7137/2764
f 1878/7138/2911 913/7139/2969 1879/7140/2936
f 1887/7141/2854 1888/7142/2970 2043/7143/2890
f 2467/7113/2863 2468/7144/2963 2460/7114/2867
f 911/7145/2912 922/7146/2971 915/7147/2878
f 743/7148/2760 747/7149/2814 754/7150/2972
f 1239/6993/2808 1238/6992/2853 455/6994/2910
f 1594/6927/2624 1244/7151/2973 1231/6689/2784
f 1880/6733/2804 910/6964/2899 914/7152/2952
f 1878/6996/2911 1877/7049/2891 914/7153/2952
f 1236/7086/2824 1242/7117/2960 1248/7154/2974
f 2445/6396/2665 2470/7155/2975 2412/6804/2604
f 2017/6404/2669 2434/6823/2781 2018/6508/2714
f 315/6861/2860 306/7156/2976 313/7157/2977
f 1241/7158/2978 1250/7159/2978 1233/7160/2978
f 2035/7161/2832 2034/7130/2966 2033/7129/2833
f 1878/7138/2911 914/7152/2952 913/7139/2969
f 907/6661/2775 916/6933/2886 910/6964/2899
f 2031/6959/2648 2036/7162/2920 2045/6960/2898
f 2020/7163/2745 2032/7164/2930 2036/7165/2920
f 2417/6685/2783 2434/6678/2781 2390/6677/2579
f 453/7053/2935 450/7051/2933 1240/7166/2979
f 1600/7167/2829 1615/7168/2923 1610/7169/2635
f 1887/7141/2854 2040/7170/2837 1888/7142/2970
f 746/7109/2813 754/7171/2972 767/7110/2959
f 305/6694/2743 314/7172/2954 298/6695/2786
f 448/6951/2795 1243/6953/2895 452/6937/2888
f 87/7064/2918 97/7173/2980 94/7174/2981
f 2421/7175/2843 2414/7176/2661 2419/7177/2982
f 2451/6669/2758 2458/7178/2859 2478/7002/2915
f 1322/6729/2802 1318/6284/2609 1340/7045/2931
f 746/7179/2813 743/7148/2760 754/7150/2972
f 319/7180/2983 115/7181/2984 330/7182/2985
f 453/7183/2986 455/7184/2986 454/7185/2986
f 101/7186/2987 95/7187/2988 96/7188/2989
f 1330/6547/2731 1328/7189/2990 1338/7190/2991
f 1596/6956/2818 1613/7107/2957 1618/7033/2927
f 1879/7191/2936 938/7192/2992 1892/7193/2839
f 1240/7194/2993 1243/7195/2993 1245/7196/2993
f 1600/7167/2829 1605/6969/2736 1625/6970/2901
f 2037/7197/2848 2038/7198/2994 2021/7199/2742
f 2022/6514/2716 2025/6799/2831 2052/6931/2885
f 1329/7200/2715 1341/7201/2995 1328/7202/2990
f 1233/7203/2787 1249/7204/2996 1246/7205/2947
f 2032/7206/2997 2027/7207/2997 2041/7208/2997
f 1329/6871/2715 1328/7189/2990 1330/6547/2731
f 2043/6942/2890 1890/7209/2998 1877/6943/2891
f 2444/7210/2618 2443/7127/2631 2480/7126/2965
f 1616/7211/2999 1627/7212/2999 1658/7213/2999
f 92/7214/3000 97/7215/3000 87/7216/3000
f 2025/6799/2831 2021/6612/2742 2048/7217/3001
f 2471/7218/2852 2412/6804/2604 2470/7155/2975
f 910/6964/2899 913/7139/2969 914/7152/2952
f 1600/7167/2829 1635/7219/3002 1615/7168/2923
f 454/6965/2900 1253/7220/3003 308/7221/3004
f 1330/7222/3005 1338/7223/3005 1327/7224/3005
f 1955/6192/2570 919/6777/2823 921/6949/2894
f 1616/6590/2750 1601/6655/2772 1627/7225/3006
f 2461/7226/2871 2463/7227/2932 2465/7101/2864
f 298/7228/2786 314/7229/2954 319/7230/2983
f 449/7100/2907 1243/7231/2895 450/7232/2933
f 1327/7233/2939 1331/7234/3007 1332/7235/2754
f 2445/6396/2665 2464/7077/2902 2470/7155/2975
f 307/7236/3008 316/7237/3008 311/7238/3008
f 2419/7177/2982 2429/7239/3009 2421/7175/2843
f 2027/7240/2722 2034/7241/2966 2041/7242/3010
f 81/6382/2659 80/6853/2856 98/7243/3011
f 87/7064/2918 94/7174/2981 80/6853/2856
f 753/7042/2589 757/7041/2929 755/7244/3012
f 1236/7086/2824 1248/7154/2974 1238/7245/2853
f 449/7100/2907 452/7063/2888 1243/7231/2895
f 2026/7246/2836 2039/7247/3013 2040/7248/2837
f 1889/7249/2847 1890/7250/2998 2043/7251/2890
f 1601/6655/2772 1617/7252/2934 1627/7225/3006
f 2420/7253/3014 2421/7254/3014 2429/7255/3014
f 2476/7016/2766 2457/7015/2851 2472/7256/3015
f 1885/7257/2956 1873/6544/2516 1886/6500/2710
f 756/7258/3016 757/7259/3016 758/7260/3016
f 291/6837/2644 298/7261/2786 304/6838/2849
f 298/7261/2786 327/7262/2967 304/6838/2849
f 916/7263/2886 917/7264/3017 910/6964/2899
f 79/7265/2834 102/7266/3018 99/7267/2942
f 95/7187/2988 311/7268/3019 96/7188/2989
f 1874/7005/2807 1885/7106/2956 1883/7006/2917
f 2023/7269/2762 2045/7270/3020 2046/7271/3021
f 917/7264/3017 939/7272/3022 910/6964/2899
f 1618/7273/2927 1613/7274/2957 1611/7275/2905
f 2452/7276/2879 2416/6745/2732 2418/6976/2904
f 450/7232/2933 1243/7231/2895 1240/7277/2979
f 1611/7275/2905 1613/7274/2957 1619/7278/3023
f 912/7279/3024 915/7280/3024 916/7281/3024
f 916/7282/2886 915/7283/3025 917/7284/3017
f 308/7285/3004 309/7286/3026 320/7287/2634
f 2041/7288/3010 2036/7165/2920 2032/7164/2930
f 1327/7289/3027 1338/7290/3027 1331/7291/3027
f 83/7055/2796 103/7292/3028 84/7056/2881
f 1325/7293/2632 918/7294/3029 919/7295/2823
f 287/6889/2799 304/6888/2849 327/7131/2967
f 1619/7296/3023 1621/7297/3030 1611/7039/2905
f 1613/7274/2957 1604/7298/2896 1619/7278/3023
f 315/6861/2860 300/6748/2811 306/7156/2976
f 1241/7299/3031 1247/7300/3031 1250/7301/3031
f 100/7302/3032 101/7303/2987 96/7304/2989
f 86/7305/3033 76/7306/3033 90/7307/3033
f 84/7056/2881 102/7308/3018 79/6808/2834
f 910/6964/2899 920/7309/3034 913/7139/2969
f 310/7310/3035 323/7311/3036 307/7312/3037
f 1892/7193/2839 938/7192/2992 1875/7313/2840
f 2021/7199/2742 2038/7198/2994 2048/7314/3001
f 757/7041/2929 762/7315/3038 755/7244/3012
f 307/7316/3037 311/7317/3039 312/7318/3040
f 1246/7205/2947 1249/7204/2996 1242/7319/2960
f 1600/7167/2829 1625/6970/2901 1635/7219/3002
f 2042/7320/3041 2043/7321/2890 1888/7322/2970
f 300/6748/2811 443/6968/2835 306/7156/2976
f 1608/6857/2858 1609/7323/2922 1612/7048/2914
f 2420/6534/2727 2429/7324/3042 2418/6976/2904
f 2471/7325/2852 2470/7326/2975 2473/7327/3043
f 83/6714/2796 71/6713/2768 106/7328/3044
f 1879/7140/2936 913/7139/2969 920/7329/3034
f 83/7330/2796 106/7331/3044 103/7332/3028
f 318/7333/3045 316/7334/3046 317/7335/3047
f 2469/7133/2776 2483/7336/3048 2466/7108/2958
f 455/7337/3049 1238/7338/3049 1248/7339/3049
f 320/6392/2634 454/6965/2900 308/7221/3004
f 327/7131/2967 330/7340/2985 92/7132/2968
f 756/7341/2913 762/7315/3038 757/7041/2929
f 1248/7342/2974 1242/7343/2960 1249/7344/2996
f 2464/6972/2902 2466/7108/2958 2485/7345/3050
f 1604/7298/2896 1620/7346/2903 1619/7278/3023
f 2037/7197/2848 2043/7347/2890 2070/7348/3051
f 313/7349/2977 314/7350/2954 315/7351/2860
f 2452/7276/2879 2418/6976/2904 2482/7352/3052
f 101/7303/2987 100/7302/3032 104/7353/3053
f 98/7243/3011 80/6853/2856 108/7354/3054
f 311/7355/3019 325/7356/3055 96/7357/2989
f 316/7358/3056 322/7359/3056 317/7360/3056
f 921/6949/2894 1333/7361/3057 1318/6284/2609
f 1602/7021/2846 1634/7362/3058 1609/7022/2922
f 2464/6972/2902 2485/7345/3050 2474/7363/3059
f 318/7364/3045 325/7356/3055 316/7365/3046
f 88/7366/2712 771/7367/3060 770/7368/2948
f 319/7369/3061 327/7370/3061 298/7371/3061
f 2468/7372/2963 2475/7373/2955 2460/7374/2867
f 88/7366/2712 99/7267/2942 102/7266/3018
f 938/7375/2992 1879/7376/2936 920/7309/3034
f 1591/6503/2711 1654/7377/3062 1614/7124/2964
f 89/7378/2944 105/7379/3063 324/7380/2945
f 2465/7101/2864 2463/7227/2932 2475/7102/2955
f 2023/7269/2762 2044/7381/3064 2056/7382/2961
f 306/7156/2976 443/6968/2835 321/7383/3065
f 2036/7162/2920 2053/7384/3066 2045/6960/2898
f 1602/7021/2846 1615/7024/2923 1634/7362/3058
f 455/7385/3067 1253/7220/3003 454/6965/2900
f 76/6736/2805 79/6950/2834 90/7386/2950
f 2462/6934/2887 2454/6721/2694 2476/7387/2766
f 319/7230/2983 310/7388/3035 115/7389/2984
f 756/6998/2913 751/6947/2892 759/7390/3068
f 755/7244/3012 745/7391/2798 753/7042/2589
f 310/7392/3035 307/7316/3037 312/7318/3040
f 2048/7217/3001 2047/7393/3069 2025/6799/2831
f 2460/6879/2867 2477/7394/3070 2469/6883/2776
f 1318/6284/2609 1333/7361/3057 1340/7045/2931
f 316/7395/3071 307/7312/3037 323/7311/3036
f 316/7395/3071 323/7311/3036 322/7396/3072
f 921/7397/2894 919/7295/2823 918/7294/3029
f 2414/6384/2661 2422/7398/3073 2419/7399/2982
f 2469/6883/2776 2477/7394/3070 2483/7400/3048
f 101/7401/2987 104/7402/3053 772/7403/3074
f 81/6382/2659 98/7243/3011 106/7404/3044
f 1334/7405/2842 1332/7235/2754 1335/7406/3075
f 911/7407/2912 923/7408/3076 924/7409/3077
f 2417/7410/2783 2415/7411/2806 2423/7412/3078
f 2023/7269/2762 2046/7271/3021 2044/7381/3064
f 2037/7197/2848 2070/7348/3051 2038/7198/2994
f 2042/7413/3041 2070/7348/3051 2043/7347/2890
f 911/7407/2912 924/7409/3077 922/7414/2971
f 320/7415/2634 321/7416/3065 443/7417/2835
f 320/7415/2634 326/7418/3079 321/7416/3065
f 2460/7374/2867 2463/7419/2932 2478/7420/2915
f 1329/7421/3080 1344/7422/3080 1341/7423/3080
f 2460/7374/2867 2475/7373/2955 2463/7419/2932
f 94/7174/2981 118/7424/3081 80/6853/2856
f 71/6713/2768 81/6897/2659 106/7328/3044
f 2457/6843/2851 2452/6983/2879 2482/7425/3052
f 1627/7426/3082 1617/7427/3082 1624/7428/3082
f 2025/6799/2831 2047/7393/3069 2052/6931/2885
f 317/7335/3047 322/7429/3072 319/7230/2983
f 1882/7430/2941 1890/7250/2998 1889/7249/2847
f 111/7431/3083 105/7432/3063 103/7292/3028
f 767/7433/3084 923/7434/3084 911/7435/3084
f 311/7355/3019 316/7365/3046 325/7356/3055
f 1233/7203/2787 1250/7436/3085 1251/7437/3086
f 324/7438/3087 120/7439/3087 107/7440/3087
f 910/6964/2899 939/7272/3022 920/7309/3034
f 115/7389/2984 310/7388/3035 119/7441/3088
f 310/7388/3035 319/7230/2983 323/7442/3036
f 111/7443/3089 109/7444/3089 108/7445/3089
f 2026/7246/2836 2024/7446/2785 2039/7247/3013
f 2457/7447/2851 2487/7448/3090 2472/7449/3015
f 319/7230/2983 314/7229/2954 317/7335/3047
f 1617/7052/2934 1611/7039/2905 1621/7297/3030
f 313/7450/3091 318/7451/3091 314/7452/3091
f 101/7401/2987 105/7453/3063 89/7454/2944
f 751/6947/2892 741/6505/2713 768/7455/3092
f 2478/7002/2915 2458/7178/2859 2489/7456/3093
f 2478/7457/2915 2489/7458/3093 2460/6879/2867
f 101/7401/2987 772/7403/3074 105/7453/3063
f 2418/7459/3094 2429/7460/3094 2482/7461/3094
f 1336/7462/2872 1334/7463/2842 1335/7406/3075
f 2460/6879/2867 2489/7458/3093 2477/7394/3070
f 1883/7135/2917 1885/7464/2956 1886/7136/2710
f 322/7429/3072 323/7442/3036 319/7230/2983
f 2056/7118/2961 2422/7398/3073 2414/6384/2661
f 1619/7465/3095 1620/7466/3095 1633/7467/3095
f 763/7468/3096 762/7469/3096 761/7470/3096
f 455/7471/3097 1248/7472/3097 1253/7473/3097
f 747/7149/2814 765/7474/3098 754/7150/2972
f 324/7475/3099 107/7476/3100 311/7477/3039
f 1251/7478/3101 1250/7479/3101 1247/7480/3101
f 1587/7000/2668 1612/6999/2914 1630/7481/3102
f 1325/7293/2632 1875/7313/2840 918/7294/3029
f 2424/7482/3103 2471/7483/2852 2425/7484/3104
f 763/7485/3105 766/7486/3106 762/7487/3038
f 324/7380/2945 105/7379/3063 120/7488/3107
f 88/7366/2712 102/7266/3018 771/7367/3060
f 2415/7411/2806 2471/7483/2852 2424/7482/3103
f 1890/7489/2998 1882/7072/2941 914/7095/2952
f 922/7490/3108 924/7491/3108 780/7492/3108
f 939/7272/3022 938/7375/2992 920/7309/3034
f 96/7493/2989 325/7494/3055 100/7495/3032
f 782/7496/3109 915/7147/2878 922/7146/2971
f 2429/7497/3110 2479/7498/3111 2482/7499/3052
f 1599/7500/2827 1252/7501/3112 1244/7502/2973
f 320/7287/2634 309/7286/3026 326/7503/3079
f 770/7504/3113 772/7505/3113 104/7506/3113
f 319/7180/2983 330/7182/2985 327/7507/2967
f 2422/7398/3073 2426/7508/3114 2419/7399/2982
f 1617/7509/2934 1621/7510/3030 1624/7511/3115
f 1612/7048/2914 1609/7323/2922 1622/7512/3116
f 108/7513/3117 109/7514/3117 98/7515/3117
f 318/7333/3045 317/7335/3047 314/7229/2954
f 2045/7516/3118 2053/7517/3118 2046/7518/3118
f 1244/7502/2973 1252/7501/3112 1231/6689/2784
f 760/7519/3119 759/7390/3068 751/6947/2892
f 2427/7520/3120 2415/7411/2806 2424/7482/3103
f 2034/7521/3121 2035/7522/3121 2055/7523/3121
f 763/7524/3122 759/7525/3068 760/7526/3119
f 761/7527/3123 762/7528/3123 759/7529/3123
f 2472/7256/3015 2481/7530/3124 2476/7016/2766
f 789/7531/3125 104/7353/3053 100/7302/3032
f 762/7315/3038 756/7341/2913 759/7532/3068
f 318/7533/3045 313/7157/2977 328/7534/3126
f 1621/7510/3030 1633/7535/3127 1624/7511/3115
f 306/7156/2976 329/7536/3128 313/7157/2977
f 922/7146/2971 780/7537/3129 782/7496/3109
f 2466/7538/2958 2483/7539/3048 2485/7540/3050
f 1624/7541/3130 1628/7542/3130 1627/7543/3130
f 326/7418/3079 335/7544/3131 321/7416/3065
f 105/7432/3063 110/7545/3132 103/7292/3028
f 108/7546/3133 118/7547/3133 111/7548/3133
f 763/7549/3105 764/7550/3134 766/7551/3106
f 80/7552/3135 118/7553/3135 108/7554/3135
f 766/7486/3106 755/7555/3012 762/7487/3038
f 2473/7556/3043 2425/7484/3104 2471/7483/2852
f 741/6505/2713 770/7087/2948 818/7557/3136
f 1247/7025/2924 1231/6689/2784 1256/7558/3137
f 2476/7387/2766 2480/7559/2965 2462/6934/2887
f 2036/7560/3138 2055/7561/3138 2053/7562/3138
f 119/7441/3088 310/7388/3035 312/7563/3040
f 92/7564/3139 330/7565/3139 97/7566/3139
f 1620/7567/3140 1631/7568/3140 1633/7569/3140
f 1599/7570/2827 1259/7571/3141 1252/7572/3112
f 1344/7573/3142 1329/7574/2715 1337/7575/3143
f 1619/7296/3023 1633/7576/3127 1621/7297/3030
f 1326/7577/2883 1336/7578/2872 1346/7579/3144
f 318/7533/3045 328/7534/3126 325/7494/3055
f 2429/7239/3009 2419/7177/2982 2428/7580/3145
f 747/6788/2814 745/6722/2798 765/7581/3098
f 115/7582/3146 97/7583/3146 330/7584/3146
f 103/7292/3028 110/7545/3132 84/7056/2881
f 112/7585/3147 115/7586/2984 121/7587/3148
f 113/7588/3149 789/7589/3149 100/7590/3149
f 2042/7320/3041 1888/7322/2970 2039/7247/3013
f 914/7153/2952 1877/7049/2891 1890/7591/2998
f 1598/6784/2703 1623/7592/3150 1599/6785/2827
f 2035/7593/2832 2029/6932/2686 2054/7594/3151
f 111/7431/3083 114/7595/3152 105/7432/3063
f 1338/7596/3153 1352/7597/3153 1331/7598/3153
f 1247/7599/2924 1256/7600/3137 1251/7437/3086
f 313/7157/2977 329/7536/3128 328/7534/3126
f 1624/7601/3154 1633/7602/3154 1628/7603/3154
f 763/7604/3155 760/7605/3155 764/7606/3155
f 2476/7387/2766 2481/7607/3124 2480/7559/2965
f 2415/7411/2806 2427/7520/3120 2423/7412/3078
f 921/7397/2894 918/7294/3029 1333/7608/3057
f 2047/7609/3156 2048/7610/3156 2038/7611/3156
f 103/7332/3028 106/7331/3044 109/7612/3157
f 84/7056/2881 110/7545/3132 102/7308/3018
f 1614/7124/2964 1623/7592/3150 1598/6784/2703
f 115/7586/2984 119/7613/3088 121/7587/3148
f 770/7087/2948 104/7614/3053 818/7557/3136
f 1625/7615/2901 1326/7577/2883 1626/7616/3158
f 306/7156/2976 321/7383/3065 329/7536/3128
f 335/7544/3131 336/7617/3159 321/7416/3065
f 791/7116/2916 1323/6768/2817 1340/7045/2931
f 2464/7077/2902 2474/7618/3059 2470/7155/2975
f 1591/6503/2711 1658/7069/2940 1654/7377/3062
f 2024/7446/2785 2049/7619/3160 2039/7247/3013
f 2457/7447/2851 2482/7620/3052 2487/7448/3090
f 1627/7621/3161 1628/7622/3162 1629/7623/3163
f 2429/7239/3009 2428/7580/3145 2473/7624/3043
f 1328/7202/2990 1341/7201/2995 1352/7625/3164
f 2419/7626/2982 2424/7482/3103 2425/7484/3104
f 763/7524/3122 761/7627/3165 759/7525/3068
f 115/7628/3166 112/7629/3166 97/7630/3166
f 745/7391/2798 755/7244/3012 765/7631/3098
f 2047/7632/3069 2038/7198/2994 2070/7348/3051
f 1888/7322/2970 2040/7248/2837 2039/7247/3013
f 2029/6932/2686 2052/6931/2885 2054/7594/3151
f 2018/6508/2714 2434/6823/2781 2024/6691/2785
f 2047/7393/3069 2070/7633/3051 2050/7634/3167
f 1329/7574/2715 791/7635/2916 1337/7575/3143
f 1587/6510/2668 1630/7636/3102 1631/6473/2700
f 2041/7288/3010 2055/7637/3168 2036/7165/2920
f 2483/7539/3048 2486/7638/3169 2485/7540/3050
f 780/7639/3170 793/7640/3170 779/7641/3170
f 2050/7642/3167 2070/7348/3051 2042/7413/3041
f 100/7495/3032 325/7494/3055 331/7643/3171
f 325/7494/3055 328/7534/3126 332/7644/3172
f 94/7174/2981 116/7645/3173 118/7424/3081
f 780/7646/3174 924/7647/3077 793/7648/3175
f 111/7431/3083 117/7649/3176 114/7595/3152
f 2473/7556/3043 2428/7650/3145 2425/7484/3104
f 332/7644/3172 331/7643/3171 325/7494/3055
f 917/7651/3177 928/7652/3177 939/7653/3177
f 98/7243/3011 109/7654/3157 106/7404/3044
f 2044/7381/3064 2058/7655/3178 2056/7382/2961
f 1333/7361/3057 1339/7656/3179 1340/7045/2931
f 2473/7657/3180 2479/7658/3180 2429/7659/3180
f 2055/7660/3181 2035/7593/2832 2054/7594/3151
f 337/7661/3182 333/7662/3183 340/7663/3184
f 2424/7482/3103 2419/7626/2982 2427/7520/3120
f 2047/7393/3069 2051/7664/3185 2052/6931/2885
f 113/7665/3186 100/7666/3032 337/7661/3182
f 1633/7667/3187 1631/7668/3187 1632/7669/3187
f 817/7670/3188 818/7557/3136 789/7671/3125
f 780/7672/3189 779/7673/3189 781/7674/3189
f 1340/7675/2931 1339/7676/3179 791/7677/2916
f 2425/7484/3104 2428/7650/3145 2419/7626/2982
f 119/7678/3088 312/7679/3040 117/7649/3176
f 764/7550/3134 787/7680/3190 766/7551/3106
f 789/7671/3125 818/7557/3136 104/7614/3053
f 1633/7681/3191 1632/7682/3192 1628/7683/3162
f 796/7684/3193 925/7685/3193 926/7686/3193
f 329/7536/3128 334/7687/3194 328/7534/3126
f 2053/7688/3195 2054/7689/3195 2052/7690/3195
f 2047/7393/3069 2050/7634/3167 2051/7664/3185
f 766/7486/3106 765/7691/3098 755/7555/3012
f 1615/7692/2923 1689/7693/3196 1634/7694/3058
f 780/7695/3129 781/7696/3197 782/7697/3109
f 1635/7698/3002 1636/7699/3198 1615/7692/2923
f 107/7476/3100 312/7700/3040 311/7477/3039
f 2053/7701/3199 2052/6931/2885 2051/7664/3185
f 915/7147/2878 782/7496/3109 927/7702/3200
f 2483/7703/3201 2477/7704/3201 2486/7705/3201
f 787/7680/3190 801/7706/3202 766/7551/3106
f 754/7707/3203 765/7708/3203 766/7709/3203
f 2053/7710/3204 2055/7711/3204 2054/7712/3204
f 1622/7713/3116 1630/7481/3102 1612/6999/2914
f 111/7714/3205 103/7715/3205 109/7716/3205
f 767/7717/2959 754/7718/2972 783/7719/3206
f 2042/7320/3041 2039/7247/3013 2050/7634/3167
f 2034/7241/2966 2055/7720/3168 2041/7242/3010
f 925/7721/3207 796/7722/3208 939/7723/3022
f 1599/6785/2827 1623/7592/3150 1259/7724/3141
f 2419/7626/2982 2426/7508/3114 2427/7520/3120
f 1328/7202/2990 1352/7625/3164 1338/7725/2991
f 2417/7410/2783 2430/7726/3209 2434/7727/2781
f 117/7728/3176 111/7729/3083 118/7730/3081
f 337/7661/3182 100/7666/3032 333/7662/3183
f 1341/7731/3210 1344/7732/3210 1347/7733/3210
f 1632/7682/3192 1640/7734/3211 1628/7683/3162
f 751/7735/2892 768/7736/3092 760/7737/3119
f 2444/7738/2618 2515/7739/3212 2458/7178/2859
f 2444/7738/2618 2484/7740/3213 2515/7739/3212
f 1248/7342/2974 1249/7344/2996 1257/7741/3214
f 1609/7323/2922 1634/7742/3058 1643/7743/3215
f 94/7174/2981 112/7744/3216 116/7645/3173
f 925/7745/3207 939/7746/3022 928/7747/3217
f 1248/7748/3218 1257/7749/3218 1253/7750/3218
f 2485/7751/3050 2486/7752/3169 2490/7753/3219
f 326/7503/3079 309/7286/3026 335/7754/3131
f 1332/7235/2754 1342/7755/3220 1335/7406/3075
f 328/7534/3126 334/7687/3194 332/7644/3172
f 1336/7462/2872 1335/7406/3075 1345/7756/3221
f 2485/7751/3050 2490/7753/3219 2474/7757/3059
f 2046/7271/3021 2058/7758/3178 2044/7381/3064
f 331/7643/3171 332/7644/3172 333/7759/3183
f 308/7285/3004 339/7760/3222 309/7286/3026
f 331/7643/3171 333/7759/3183 100/7495/3032
f 918/7761/3029 929/7762/3223 1333/7763/3057
f 1627/7621/3161 1629/7623/3163 1637/7764/3224
f 335/7765/3131 343/7766/3225 336/7767/3159
f 2423/7412/3078 2430/7726/3209 2417/7410/2783
f 117/7768/3176 116/7769/3173 119/7770/3088
f 332/7644/3172 334/7687/3194 333/7759/3183
f 329/7536/3128 321/7383/3065 334/7687/3194
f 1231/6689/2784 1252/7501/3112 1256/7558/3137
f 2427/7520/3120 2426/7508/3114 2423/7412/3078
f 1337/7771/3143 1343/7772/3226 1344/7773/3142
f 337/7774/3182 338/7775/3227 113/7776/3186
f 2458/7178/2859 2495/7777/3228 2489/7456/3093
f 915/7147/2878 927/7702/3200 928/7778/3229
f 786/7779/3230 785/7780/3231 781/7781/3197
f 2056/7782/3232 2431/7783/3232 2422/7784/3232
f 2024/7446/2785 2434/7785/2781 2057/7786/3233
f 1625/7615/2901 1626/7616/3158 1635/7698/3002
f 97/7173/2980 112/7744/3216 94/7174/2981
f 1632/7787/3234 1638/7788/3234 1640/7789/3234
f 1336/7790/3235 1345/7791/3235 1346/7792/3235
f 781/7781/3197 779/7793/3236 786/7779/3230
f 105/7432/3063 114/7595/3152 120/7794/3107
f 918/7294/3029 1875/7313/2840 930/7795/3237
f 741/7796/3238 773/7797/3238 768/7798/3238
f 766/7551/3106 783/7719/3206 754/7718/2972
f 333/7662/3183 334/7799/3194 336/7617/3159
f 1635/7698/3002 1626/7616/3158 1636/7699/3198
f 336/7617/3159 334/7799/3194 321/7416/3065
f 917/7800/3239 915/7801/3239 928/7802/3239
f 2050/7634/3167 2039/7247/3013 2051/7664/3185
f 1658/7803/3240 1627/7621/3161 1637/7764/3224
f 1332/7235/2754 1331/7234/3007 1342/7755/3220
f 939/7723/3022 930/7795/3237 938/7192/2992
f 119/7770/3088 116/7769/3173 121/7804/3148
f 2486/7805/3169 2477/7806/3070 2493/7807/3241
f 105/7432/3063 772/7808/3074 110/7545/3132
f 767/7809/2959 783/7810/3206 932/7811/3242
f 2477/7806/3070 2495/7812/3228 2493/7807/3241
f 918/7294/3029 797/7813/3243 929/7814/3223
f 2482/7499/3052 2479/7498/3111 2487/7815/3090
f 2488/7816/3244 2473/7327/3043 2470/7326/2975
f 336/7617/3159 340/7663/3184 333/7662/3183
f 116/7817/3245 112/7818/3245 121/7819/3245
f 1252/7572/3112 1259/7571/3141 1260/7820/3246
f 796/7722/3208 930/7795/3237 939/7723/3022
f 787/7821/3190 764/7822/3134 769/7823/3247
f 2474/7618/3059 2491/7824/3248 2470/7155/2975
f 2489/7825/3093 2495/7812/3228 2477/7806/3070
f 2057/7786/3233 2049/7619/3160 2024/7446/2785
f 308/7221/3004 1253/7220/3003 339/7826/3222
f 2490/7827/3219 2486/7805/3169 2493/7807/3241
f 117/7649/3176 312/7679/3040 114/7595/3152
f 926/7828/3249 928/7829/3249 927/7830/3249
f 791/7831/2916 1339/7832/3179 784/7833/3250
f 1256/7834/3137 1252/7572/3112 1260/7820/3246
f 1346/7579/3144 1626/7616/3158 1326/7577/2883
f 2474/7835/3059 2490/7836/3219 2517/7837/3251
f 1638/7838/3252 1639/7839/3253 1640/7840/3254
f 1875/7313/2840 938/7192/2992 930/7795/3237
f 2474/7835/3059 2517/7837/3251 2491/7841/3248
f 926/7842/3255 927/7702/3200 934/7843/3256
f 1233/7203/2787 1251/7437/3086 1249/7204/2996
f 785/7844/3231 786/7845/3230 794/7846/3257
f 770/7847/3258 771/7848/3258 772/7849/3258
f 1344/7850/3142 1351/7851/3259 1347/7852/3260
f 102/7308/3018 110/7545/3132 771/7853/3060
f 918/7294/3029 930/7795/3237 797/7813/3243
f 2458/7178/2859 2492/7854/3261 2495/7777/3228
f 1335/7406/3075 1348/7855/3262 1345/7756/3221
f 791/7856/2916 790/7857/3263 1337/7771/3143
f 2053/7858/3199 2058/7859/3178 2046/7860/3021
f 797/7813/3243 930/7795/3237 827/7861/3264
f 2481/7862/3124 2472/7449/3015 2487/7448/3090
f 1638/7863/3252 1632/7864/3265 1650/7865/3266
f 1631/6473/2700 1630/7636/3102 1659/7866/3267
f 2458/7178/2859 2515/7739/3212 2492/7854/3261
f 114/7595/3152 107/7867/3100 120/7868/3107
f 1253/7869/3003 1257/7870/3214 339/7871/3222
f 1342/7755/3220 1331/7234/3007 1353/7872/3268
f 1615/7692/2923 1636/7699/3198 1689/7693/3196
f 782/7496/3109 934/7843/3256 927/7702/3200
f 1632/7864/3265 1631/6473/2700 1659/7866/3267
f 764/7822/3134 760/7737/3119 810/7873/3269
f 2051/7664/3185 2039/7247/3013 2059/7874/3270
f 1632/7864/3265 1659/7866/3267 1650/7865/3266
f 110/7545/3132 772/7808/3074 771/7853/3060
f 337/7774/3182 340/7875/3184 338/7775/3227
f 1614/7124/2964 1652/7876/3271 1623/7592/3150
f 782/7496/3109 931/7877/3272 934/7843/3256
f 116/7878/3173 117/7728/3176 118/7730/3081
f 2493/7879/3273 2494/7880/3273 2497/7881/3273
f 1638/7838/3252 1641/7882/3274 1639/7839/3253
f 2493/7883/3241 2501/7884/3275 2494/7885/3276
f 926/7886/3277 937/7887/3277 796/7888/3277
f 2431/7889/3278 2426/7508/3114 2422/7398/3073
f 2470/7326/2975 2491/7890/3248 2488/7816/3244
f 2493/7883/3241 2495/7891/3228 2501/7884/3275
f 769/7892/3247 813/7893/3279 787/7894/3190
f 1263/7895/3280 1256/7896/3280 1254/7897/3280
f 766/7551/3106 801/7706/3202 783/7719/3206
f 1337/7771/3143 790/7857/3263 1343/7772/3226
f 114/7595/3152 312/7679/3040 107/7867/3100
f 339/7898/3222 346/7899/3281 309/7900/3026
f 1339/7832/3179 929/7901/3223 784/7833/3250
f 2039/7247/3013 2049/7619/3160 2059/7874/3270
f 2051/7664/3185 2059/7874/3270 2053/7701/3199
f 1333/7763/3057 929/7762/3223 1339/7902/3179
f 2434/7785/2781 2430/7903/3209 2057/7786/3233
f 2423/7412/3078 2426/7508/3114 2430/7726/3209
f 1256/7834/3137 1260/7820/3246 1254/7904/3282
f 787/7905/3283 808/7906/3283 801/7907/3283
f 1344/7850/3142 1343/7908/3226 1351/7851/3259
f 767/7909/3284 932/7910/3284 923/7911/3284
f 1349/7912/3285 1345/7756/3221 1348/7855/3262
f 785/7913/3231 788/7914/3286 781/7696/3197
f 783/7915/3287 801/7916/3287 792/7917/3287
f 789/7918/3288 113/7919/3288 831/7920/3288
f 1263/7921/3289 1255/7922/3289 1256/7923/3289
f 2484/7740/3213 2444/7738/2618 2496/7924/3290
f 817/7925/3291 789/7926/3291 831/7927/3291
f 1249/7928/2996 1264/7929/3292 1257/7930/3214
f 2493/7807/3241 2497/7931/3293 2490/7827/3219
f 2473/7327/3043 2488/7816/3244 2479/7932/3111
f 764/7822/3134 810/7873/3269 769/7823/3247
f 924/7647/3077 923/7933/3076 793/7648/3175
f 785/7913/3231 792/7934/3294 788/7914/3286
f 932/7935/3295 793/7936/3295 923/7937/3295
f 2494/7938/3296 2505/7939/3296 2497/7940/3296
f 925/7745/3207 928/7747/3217 926/7941/3297
f 2495/7777/3228 2492/7854/3261 2498/7942/3298
f 1251/7437/3086 1256/7600/3137 1258/7943/3299
f 1350/7944/3300 1352/7625/3164 1341/7201/2995
f 2053/7858/3199 2059/7945/3270 2060/7946/3301
f 1259/7947/3141 1655/7948/3302 1260/7949/3246
f 2444/7210/2618 2480/7126/2965 2496/7950/3290
f 1251/7437/3086 1258/7943/3299 1249/7204/2996
f 2495/7891/3228 2498/7951/3298 2501/7884/3275
f 2492/7952/3303 2515/7953/3303 2512/7954/3303
f 1341/7201/2995 1347/7955/3260 1350/7944/3300
f 790/7956/3263 791/7957/2916 795/7958/3304
f 2481/7607/3124 2499/7959/3305 2480/7559/2965
f 2517/7837/3251 2490/7836/3219 2506/7960/3306
f 2056/7961/3307 2058/7962/3307 2431/7963/3307
f 931/7877/3272 936/7964/3308 934/7843/3256
f 113/7965/3309 338/7966/3309 831/7967/3309
f 2430/7726/3209 2426/7508/3114 2432/7968/3310
f 773/7969/3311 741/6505/2713 818/7557/3136
f 1640/7970/3211 1629/7971/3163 1628/7972/3162
f 796/7973/3312 936/7974/3312 933/7975/3312
f 340/7875/3184 347/7976/3313 338/7775/3227
f 2431/7889/3278 2432/7968/3310 2426/7508/3114
f 785/7844/3231 794/7846/3257 792/7977/3294
f 930/7795/3237 807/7978/3314 827/7861/3264
f 1249/7204/2996 1258/7943/3299 1261/7979/3315
f 1348/7855/3262 1342/7755/3220 1359/7980/3316
f 456/7981/3317 349/7982/3318 339/7983/3222
f 1254/7984/3282 1262/7985/3319 1263/7986/3320
f 810/7873/3269 760/7737/3119 773/7987/3321
f 931/7988/3272 809/7989/3322 816/7990/3323
f 456/7991/3317 339/7992/3222 1265/7993/3324
f 1345/7994/3325 1349/7995/3325 1346/7996/3325
f 931/7988/3272 782/7997/3109 809/7989/3322
f 1335/7406/3075 1342/7755/3220 1348/7855/3262
f 793/7998/3326 932/7811/3242 794/7999/3257
f 792/7934/3294 822/8000/3327 788/7914/3286
f 791/7831/2916 784/7833/3250 795/8001/3304
f 336/8002/3159 353/8003/3328 340/8004/3184
f 796/7722/3208 807/7978/3314 930/7795/3237
f 796/8005/3329 933/8006/3329 807/8007/3329
f 1640/8008/3330 1646/8009/3330 1645/8010/3330
f 797/8011/3243 823/8012/3331 784/8013/3250
f 1347/8014/3260 1354/8015/3332 1350/8016/3300
f 797/8011/3243 784/8013/3250 929/8017/3223
f 2059/8018/3270 2061/8019/3333 2060/8020/3301
f 1257/7870/3214 1264/8021/3292 339/7871/3222
f 933/8022/3334 936/8023/3334 828/8024/3334
f 1265/8025/3324 1264/7929/3292 1249/7928/2996
f 760/7737/3119 768/7736/3092 773/7987/3321
f 1265/7993/3324 339/7992/3222 1264/8026/3292
f 801/8027/3335 821/8028/3336 792/8029/3294
f 797/8011/3243 827/8030/3264 823/8012/3331
f 2484/7740/3213 2500/8031/3337 2515/7739/3212
f 926/8032/3255 934/8033/3256 937/8034/3338
f 796/8035/3339 937/8036/3338 936/8037/3308
f 1626/8038/3158 1346/8039/3144 1349/8040/3285
f 341/8041/3340 342/8042/3341 352/8043/3342
f 798/8044/3343 800/8045/3344 810/8046/3269
f 2059/7874/3270 2049/7619/3160 2057/7786/3233
f 779/8047/3236 793/8048/3326 786/7845/3230
f 1640/7970/3211 1645/8049/3345 1629/7971/3163
f 931/8050/3272 935/8051/3346 936/8052/3308
f 2058/7859/3178 2053/7858/3199 2060/7946/3301
f 2430/7903/3209 2432/8053/3310 2057/7786/3233
f 1265/8054/3347 349/8055/3347 456/8056/3347
f 1614/7124/2964 1654/7377/3062 1652/7876/3271
f 2061/8057/3333 2432/8053/3310 2431/8058/3278
f 2510/8059/3348 2480/7559/2965 2499/7959/3305
f 2481/7862/3124 2487/7448/3090 2499/8060/3305
f 2432/8053/3310 2061/8057/3333 2057/7786/3233
f 2059/7874/3270 2057/7786/3233 2061/8057/3333
f 934/7843/3256 936/7964/3308 937/8061/3338
f 2494/8062/3276 2509/8063/3349 2505/8064/3350
f 1347/8065/3260 1351/8066/3259 1354/8067/3332
f 2494/8062/3276 2501/8068/3275 2509/8063/3349
f 2431/8069/3278 2060/8020/3301 2061/8019/3333
f 1256/7600/3137 1255/8070/3351 1258/7943/3299
f 1640/7840/3254 1639/7839/3253 1646/8071/3352
f 1638/7863/3252 1650/7865/3266 1641/8072/3274
f 931/8050/3272 816/8073/3323 935/8051/3346
f 2487/7815/3090 2479/7498/3111 2502/8074/3353
f 810/8046/3269 800/8045/3344 769/8075/3247
f 784/8013/3250 823/8012/3331 795/8076/3304
f 788/7914/3286 822/8000/3327 799/8077/3354
f 341/8041/3340 350/8078/3355 342/8042/3341
f 2517/8079/3251 2506/8080/3306 2503/8081/3356
f 798/8082/3343 804/8083/3357 800/8084/3344
f 1331/8085/3358 1352/8086/3358 1353/8087/3358
f 1254/8088/3282 1267/8089/3359 1262/8090/3319
f 1637/7764/3224 1629/7623/3163 1642/8091/3360
f 1260/7949/3246 1655/7948/3302 1267/8089/3359
f 801/8092/3335 808/8093/3361 821/8094/3336
f 339/7898/3222 348/8095/3362 346/7899/3281
f 786/7845/3230 793/8048/3326 794/7846/3257
f 2492/8096/3363 2512/8097/3363 2514/8098/3363
f 800/8045/3344 814/8099/3364 769/8075/3247
f 795/8076/3304 823/8012/3331 802/8100/3365
f 1626/7616/3158 1689/7693/3196 1636/7699/3198
f 1609/7323/2922 1643/7743/3215 1622/7512/3116
f 803/8101/3366 804/8102/3357 805/8103/3367
f 2487/7815/3090 2502/8074/3353 2504/8104/3368
f 806/8105/3369 814/8099/3364 800/8045/3344
f 1634/7694/3058 1688/8106/3370 1643/8107/3215
f 336/8002/3159 343/8108/3225 353/8003/3328
f 1249/7204/2996 1261/7979/3315 1265/8109/3324
f 2497/8110/3293 2505/8111/3350 2492/8112/3261
f 335/7754/3131 309/7286/3026 350/8113/3355
f 2490/7827/3219 2497/7931/3293 2506/8114/3306
f 2058/8115/3178 2060/8020/3301 2431/8069/3278
f 932/7811/3242 783/7810/3206 794/7999/3257
f 1637/7764/3224 1642/8091/3360 1658/7803/3240
f 335/7765/3131 350/8116/3355 343/7766/3225
f 806/8105/3369 799/8117/3354 814/8099/3364
f 2484/7740/3213 2496/7924/3290 2500/8031/3337
f 806/8118/3369 812/8119/3371 799/8120/3354
f 1254/8088/3282 1260/7949/3246 1267/8089/3359
f 1259/8121/3141 1644/8122/3372 1655/8123/3302
f 933/8124/3373 892/8125/3374 807/8126/3314
f 2497/7931/3293 2492/8127/3261 2514/8128/3375
f 1634/7694/3058 1689/7693/3196 1688/8106/3370
f 1645/8129/3345 1646/8130/3352 1639/8131/3253
f 799/8117/3354 822/8132/3327 814/8099/3364
f 2491/7890/3248 2507/8133/3376 2488/7816/3244
f 792/8134/3377 794/8135/3377 783/8136/3377
f 1352/8137/3164 1355/8138/3378 1353/8139/3268
f 795/7958/3304 845/8140/3379 790/7956/3263
f 787/7894/3190 813/7893/3279 808/8141/3361
f 804/8083/3357 803/8142/3366 815/8143/3380
f 800/8084/3344 804/8083/3357 830/8144/3381
f 782/7697/3109 781/7696/3197 809/8145/3322
f 2503/8146/3382 2519/8147/3382 2517/8148/3382
f 1342/7755/3220 1353/7872/3268 1359/7980/3316
f 781/7696/3197 788/7914/3286 809/8145/3322
f 1623/8149/3150 1644/8122/3372 1259/8121/3141
f 2488/7816/3244 2502/8074/3353 2479/7932/3111
f 798/8150/3343 810/8151/3269 804/8152/3357
f 2498/7942/3298 2492/7854/3261 2508/8153/3383
f 822/8154/3384 839/8155/3384 814/8156/3384
f 1263/7986/3320 1262/7985/3319 1255/8157/3385
f 1647/8158/3386 1644/8122/3372 1623/8149/3150
f 935/8159/3387 816/8160/3387 811/8161/3387
f 1352/8137/3164 1350/8162/3300 1355/8138/3378
f 1622/7512/3116 1643/7743/3215 1653/8163/3388
f 806/8164/3369 833/8165/3389 812/8166/3371
f 1645/8129/3345 1641/8167/3274 1650/8168/3266
f 806/8169/3369 800/8170/3344 833/8171/3389
f 339/7983/3222 349/7982/3318 348/8172/3362
f 1645/8049/3345 1661/8173/3390 1629/7971/3163
f 813/8174/3279 769/8175/3247 814/8176/3364
f 1645/8129/3345 1639/8131/3253 1641/8167/3274
f 341/8177/3340 352/8178/3342 344/8179/3391
f 817/8180/3392 805/8103/3367 774/8181/3393
f 803/8182/3366 805/8183/3367 815/8184/3380
f 1350/8185/3300 1354/8186/3332 1358/8187/3394
f 2498/8188/3298 2509/8063/3349 2501/8068/3275
f 809/8145/3322 811/8189/3395 816/8190/3323
f 1645/8049/3345 1648/8191/3396 1661/8173/3390
f 2492/8112/3261 2505/8111/3350 2508/8192/3383
f 343/8108/3225 345/8193/3397 353/8003/3328
f 2498/8188/3298 2508/8194/3383 2509/8063/3349
f 2487/7815/3090 2504/8104/3368 2499/8195/3305
f 815/8143/3380 830/8144/3381 804/8083/3357
f 1659/8196/3398 1648/8197/3398 1650/8198/3398
f 817/8199/3399 774/8200/3399 818/8201/3399
f 821/8202/3336 822/8000/3327 792/7934/3294
f 825/8203/3400 892/8125/3374 933/8124/3373
f 1354/8204/3401 1372/8205/3401 1363/8206/3401
f 804/8102/3357 774/8181/3393 805/8103/3367
f 2497/7931/3293 2514/8128/3375 2506/8114/3306
f 1349/8040/3285 1271/8207/3402 1649/8208/3403
f 1354/8067/3332 1351/8066/3259 1372/8209/3404
f 1349/7912/3285 1348/7855/3262 1271/8210/3402
f 1626/8038/3158 1349/8040/3285 1649/8208/3403
f 346/8211/3405 348/8212/3405 309/8213/3405
f 846/8214/3406 893/8215/3407 815/8216/3380
f 2491/7841/3248 2518/8217/3408 2507/8218/3376
f 935/8219/3346 811/8189/3395 819/8220/3409
f 2505/8111/3350 2509/8221/3349 2508/8192/3383
f 846/8222/3406 820/8223/3410 893/8224/3407
f 1650/8225/3266 1648/8191/3396 1645/8049/3345
f 821/8226/3336 839/8227/3411 822/8228/3327
f 1642/8229/3360 1629/8230/3163 1651/8231/3412
f 1265/8109/3324 1261/7979/3315 349/8232/3413
f 2502/8074/3353 2488/7816/3244 2507/8133/3376
f 2496/7950/3290 2480/7126/2965 2504/8233/3368
f 2480/7126/2965 2510/8234/3348 2504/8233/3368
f 1355/8235/3378 1350/8236/3300 1356/8237/3414
f 823/8238/3331 824/8239/3415 802/8240/3365
f 823/8241/3331 827/8242/3264 824/8243/3415
f 2491/7841/3248 2517/7837/3251 2518/8217/3408
f 1351/8066/3259 1343/8244/3226 1372/8209/3404
f 795/7958/3304 802/8245/3365 845/8140/3379
f 1353/8246/3268 1357/8247/3416 1269/8248/3417
f 1357/8249/3416 1353/8250/3268 1355/8251/3378
f 933/8252/3373 828/8253/3418 825/8254/3400
f 1652/8255/3271 1647/8158/3386 1623/8149/3150
f 1357/8249/3416 1355/8251/3378 1356/8256/3414
f 309/7286/3026 348/8257/3419 342/8258/3341
f 807/8259/3314 826/8260/3420 827/8261/3264
f 353/8003/3328 837/8262/3421 340/8004/3184
f 1354/8263/3332 1363/8264/3422 1364/8265/3423
f 809/8145/3322 788/7914/3286 811/8189/3395
f 309/7286/3026 342/8258/3341 350/8113/3355
f 936/8266/3308 935/8219/3346 828/8267/3418
f 892/8268/3374 826/8260/3420 807/8259/3314
f 1630/7481/3102 1622/7713/3116 1653/8269/3388
f 1654/8270/3062 1672/8271/3424 1652/8255/3271
f 2499/8195/3305 2504/8104/3368 2510/8272/3348
f 1644/8122/3372 1271/8273/3402 1655/8274/3302
f 815/8184/3380 805/8183/3367 829/8275/3425
f 1649/8276/3403 1271/8273/3402 1644/8122/3372
f 1266/8277/3426 1262/8090/3319 1267/8089/3359
f 341/8278/3340 344/8279/3391 357/8280/3427
f 1362/8281/3428 1357/8249/3416 1356/8256/3414
f 350/8116/3355 345/8282/3397 343/7766/3225
f 799/8120/3354 842/8283/3429 788/7914/3286
f 1651/8231/3412 1629/8230/3163 1656/8284/3430
f 1658/7803/3240 1642/8091/3360 1678/8285/3431
f 2506/8080/3306 2511/8286/3432 2503/8081/3356
f 1262/8287/3433 1272/8288/3433 1255/8289/3433
f 1643/8290/3215 1688/8291/3370 1653/8292/3388
f 1354/8263/3332 1364/8265/3423 1358/8293/3394
f 2506/8114/3306 2514/8128/3375 2511/8294/3432
f 788/7914/3286 819/8220/3409 811/8189/3395
f 1350/8236/3300 1365/8295/3434 1356/8237/3414
f 1661/8296/3390 1656/8284/3430 1629/8230/3163
f 1359/8297/3316 1353/8246/3268 1268/8298/3435
f 1271/8210/3402 1348/7855/3262 1268/8298/3435
f 1651/8299/3412 1666/8300/3436 1642/8301/3360
f 2512/8302/3437 2515/8303/3437 2514/8304/3437
f 1350/8236/3300 1358/8305/3394 1365/8295/3434
f 1359/8297/3316 1268/8298/3435 1348/7855/3262
f 1656/8306/3430 1666/8300/3436 1651/8299/3412
f 1644/8122/3372 1647/8158/3386 1649/8276/3403
f 824/8243/3415 827/8242/3264 841/8307/3438
f 1358/8305/3394 1364/8308/3423 1365/8295/3434
f 893/8309/3407 812/8166/3371 833/8165/3389
f 814/8176/3364 839/8310/3411 813/8174/3279
f 1343/7772/3226 790/7857/3263 1360/8311/3439
f 1642/8091/3360 1657/8312/3440 1678/8285/3431
f 340/8313/3184 837/8314/3421 832/8315/3441
f 840/8316/3442 837/8317/3421 852/8318/3443
f 1353/8246/3268 1269/8248/3417 1268/8298/3435
f 800/8170/3344 830/8319/3381 833/8171/3389
f 1356/8256/3414 1361/8320/3444 1362/8281/3428
f 788/7914/3286 842/8283/3429 819/8220/3409
f 340/8313/3184 832/8315/3441 347/8321/3313
f 2503/8322/3356 2513/8323/3445 2519/8324/3446
f 1689/8325/3196 1626/8038/3158 1690/8326/3447
f 2511/8327/3432 2513/8323/3445 2503/8322/3356
f 1368/8328/3448 1357/8247/3416 1374/8329/3449
f 338/8330/3450 835/8331/3450 831/8332/3450
f 799/8120/3354 812/8119/3371 842/8283/3429
f 1267/8333/3359 1268/8334/3435 1266/8335/3426
f 825/8203/3400 857/8336/3451 892/8125/3374
f 1357/8247/3416 1362/8337/3428 1374/8329/3449
f 352/8043/3342 342/8042/3341 348/8338/3419
f 1269/8339/3417 1266/8335/3426 1268/8334/3435
f 1280/8340/3452 1270/8341/3453 1258/7943/3299
f 1656/8306/3430 1661/8342/3390 1666/8300/3436
f 1658/8343/3454 1678/8344/3454 1654/8345/3454
f 1357/8247/3416 1368/8328/3448 1269/8248/3417
f 1652/8255/3271 1672/8271/3424 1647/8158/3386
f 348/8346/3455 349/8347/3455 352/8348/3455
f 1267/8333/3359 1655/8349/3302 1268/8334/3435
f 1655/8349/3302 1271/8350/3402 1268/8334/3435
f 1266/8351/3426 1272/8352/3456 1262/8353/3319
f 2511/8327/3432 2514/8354/3375 2513/8323/3445
f 1363/8355/3422 1372/8356/3457 1364/8357/3423
f 893/8358/3407 820/8359/3410 812/8360/3371
f 804/8152/3357 810/8151/3269 774/8361/3393
f 1258/7943/3299 1255/8070/3351 1280/8340/3452
f 1269/8339/3417 1368/8362/3448 1266/8335/3426
f 1266/8335/3426 1368/8362/3448 1275/8363/3458
f 1660/8364/3459 1626/8038/3158 1649/8208/3403
f 1343/8244/3226 1360/8365/3439 1372/8209/3404
f 832/8366/3441 837/8367/3421 844/8368/3460
f 1659/8369/3461 1665/8370/3461 1648/8371/3461
f 2514/8372/3375 2515/8373/3212 2521/8374/3462
f 802/8240/3365 824/8239/3415 845/8375/3379
f 892/8268/3374 838/8376/3463 826/8260/3420
f 341/8377/3340 357/8378/3427 358/8379/3464
f 1362/8281/3428 1361/8320/3444 1369/8380/3465
f 1626/8038/3158 1660/8364/3459 1690/8326/3447
f 341/8377/3340 358/8379/3464 350/8381/3355
f 1258/7943/3299 1270/8341/3453 1261/7979/3315
f 893/8215/3407 833/8382/3389 815/8216/3380
f 2516/8383/3466 2496/8384/3290 2504/8104/3368
f 834/8385/3467 829/8386/3425 817/8387/3392
f 810/8388/3468 773/8389/3468 774/8390/3468
f 1647/8158/3386 1660/8391/3459 1649/8276/3403
f 2502/8074/3353 2516/8383/3466 2504/8104/3368
f 1266/8351/3426 1273/8392/3469 1272/8352/3456
f 338/8393/3227 347/8394/3313 835/8395/3470
f 2507/8133/3376 2516/8383/3466 2502/8074/3353
f 2507/8396/3376 2523/8397/3471 2516/8398/3466
f 1689/7693/3196 1690/8399/3447 1688/8106/3370
f 2515/8373/3212 2500/8400/3337 2532/8401/3472
f 1266/8351/3426 1277/8402/3473 1273/8392/3469
f 1255/8070/3351 1272/8403/3456 1280/8340/3452
f 2507/8218/3376 2518/8217/3408 2523/8404/3471
f 1630/7636/3102 1668/8405/3474 1659/7866/3267
f 815/8216/3380 833/8382/3389 830/8406/3381
f 2517/8407/3251 2519/8408/3446 2518/8409/3408
f 1365/8295/3434 1364/8308/3423 1366/8410/3475
f 349/8411/3476 351/8412/3476 352/8413/3476
f 1661/8414/3390 1648/8415/3396 1662/8416/3477
f 2519/8417/3446 2513/8418/3445 2524/8419/3478
f 845/8375/3379 824/8239/3415 862/8420/3479
f 2519/8417/3446 2524/8419/3478 2520/8421/3480
f 805/8422/3367 817/8387/3392 829/8386/3425
f 839/8423/3411 836/8424/3481 813/8425/3279
f 2514/8426/3375 2521/8427/3462 2513/8418/3445
f 840/8428/3442 848/8429/3482 837/8430/3421
f 2518/8409/3408 2519/8408/3446 2520/8431/3480
f 1362/8337/3428 1369/8432/3465 1374/8329/3449
f 824/8433/3483 841/8434/3483 862/8435/3483
f 2500/8031/3337 2496/7924/3290 2533/8436/3484
f 892/8437/3485 855/8438/3485 838/8439/3485
f 1356/8440/3486 1365/8441/3486 1367/8442/3486
f 1261/7979/3315 1274/8443/3487 349/8232/3413
f 1666/8444/3436 1661/8414/3390 1662/8416/3477
f 2513/8418/3445 2521/8427/3462 2524/8419/3478
f 835/8445/3488 834/8446/3488 831/8447/3488
f 817/8448/3489 831/8449/3489 834/8450/3489
f 808/8451/3361 813/8425/3279 836/8424/3481
f 1642/8452/3360 1666/8453/3436 1657/8454/3440
f 1275/8455/3458 1277/8402/3473 1266/8351/3426
f 1356/8456/3490 1367/8457/3490 1369/8458/3490
f 1648/8415/3396 1665/8459/3491 1662/8416/3477
f 815/8460/3492 829/8461/3492 846/8462/3492
f 2515/8373/3212 2532/8401/3472 2521/8374/3462
f 353/8003/3328 863/8463/3493 837/8262/3421
f 1365/8295/3434 1366/8410/3475 1367/8464/3494
f 839/8465/3411 821/8094/3336 808/8093/3361
f 846/8222/3406 872/8466/3495 820/8223/3410
f 1647/8158/3386 1672/8467/3424 1660/8391/3459
f 1630/7481/3102 1653/8269/3388 1668/8468/3474
f 836/8424/3481 839/8423/3411 808/8469/3361
f 349/8470/3496 1274/8471/3496 351/8472/3496
f 827/8261/3264 826/8260/3420 841/8473/3438
f 840/8474/3442 852/8475/3443 848/8476/3482
f 1690/8399/3447 1663/8477/3497 1688/8106/3370
f 1665/8478/3498 1659/8479/3498 1664/8480/3498
f 1653/8292/3388 1688/8291/3370 1663/8481/3497
f 857/8336/3451 825/8203/3400 843/8482/3499
f 1356/8256/3414 1369/8380/3465 1361/8320/3444
f 1366/8483/3475 1370/8484/3500 1367/8485/3494
f 1368/8486/3448 1277/8487/3473 1275/8488/3458
f 826/8260/3420 838/8376/3463 841/8489/3438
f 812/8360/3371 820/8359/3410 842/8490/3429
f 1366/8483/3475 1364/8357/3423 1370/8484/3500
f 820/8359/3410 843/8491/3499 842/8490/3429
f 843/8492/3499 820/8223/3410 858/8493/3501
f 1368/8494/3502 1374/8495/3502 1375/8496/3502
f 818/7557/3136 774/8497/3503 773/7969/3311
f 344/8179/3391 352/8178/3342 351/8498/3504
f 1665/8499/3505 1664/8500/3505 1675/8501/3505
f 845/8140/3379 868/8502/3506 790/7956/3263
f 848/8476/3482 872/8466/3495 846/8222/3406
f 1666/8503/3507 1662/8504/3507 1670/8505/3507
f 935/8219/3346 819/8220/3409 828/8267/3418
f 353/8003/3328 345/8193/3397 853/8506/3508
f 1654/8270/3062 1678/8507/3431 1672/8271/3424
f 2520/8508/3480 2524/8509/3478 2525/8510/3509
f 1690/8326/3447 1660/8364/3459 1671/8511/3510
f 2496/8512/3290 2516/8398/3466 2533/8513/3484
f 1659/7866/3267 1667/8514/3511 1664/8515/3512
f 835/8395/3470 347/8394/3313 851/8516/3513
f 2524/8517/3478 2521/8518/3462 2528/8519/3514
f 1653/8292/3388 1663/8481/3497 1668/8520/3474
f 2516/8398/3466 2523/8397/3471 2522/8521/3515
f 844/8522/3516 849/8523/3516 832/8524/3516
f 1369/8525/3517 1367/8526/3494 1370/8527/3500
f 2524/8517/3478 2528/8519/3514 2527/8528/3518
f 2518/8409/3408 2520/8431/3480 2530/8529/3519
f 855/8530/3520 892/8125/3374 857/8336/3451
f 858/8493/3501 820/8223/3410 872/8466/3495
f 1272/8531/3456 1273/8532/3469 1289/8533/3521
f 353/8534/3522 853/8535/3522 354/8536/3522
f 2516/8398/3466 2522/8521/3515 2533/8513/3484
f 1270/8341/3453 1274/8443/3487 1261/7979/3315
f 852/8475/3443 854/8537/3523 848/8476/3482
f 1272/8531/3456 1289/8533/3521 1276/8538/3524
f 1360/8311/3439 790/7857/3263 865/8539/3525
f 845/8540/3526 862/8541/3526 850/8542/3526
f 2523/8543/3471 2518/8409/3408 2530/8529/3519
f 354/8544/3527 863/8545/3527 353/8546/3527
f 1368/8486/3448 1375/8547/3528 1277/8487/3473
f 846/8548/3406 847/8549/3529 848/8550/3482
f 832/8551/3530 849/8552/3530 347/8553/3530
f 1660/8391/3459 1672/8467/3424 1671/8554/3510
f 854/8555/3523 877/8556/3531 355/8557/3532
f 790/7956/3263 868/8502/3506 865/8558/3525
f 1272/8531/3456 1276/8538/3524 1280/8559/3452
f 1665/8560/3491 1675/8561/3533 1662/8562/3477
f 1364/8357/3423 1372/8356/3457 1371/8563/3534
f 2524/8564/3535 2527/8565/3535 2525/8566/3535
f 845/8567/3379 850/8568/3536 868/8569/3506
f 835/8570/3537 851/8571/3537 834/8572/3537
f 1663/8481/3497 1673/8573/3538 1677/8574/3539
f 1273/8532/3469 1278/8575/3540 1289/8533/3521
f 1369/8525/3517 1370/8527/3500 1371/8576/3534
f 357/8577/3541 356/8578/3541 358/8579/3541
f 2520/8508/3480 2525/8510/3509 2530/8580/3519
f 854/8555/3523 356/8581/3542 877/8556/3531
f 1277/8582/3473 1278/8575/3540 1273/8532/3469
f 842/8490/3429 843/8491/3499 828/8583/3418
f 1662/8562/3477 1675/8561/3533 1674/8584/3543
f 846/8548/3406 829/8585/3425 847/8549/3529
f 1663/8481/3497 1677/8574/3539 1668/8520/3474
f 1372/8586/3544 1360/8587/3544 1371/8588/3544
f 1663/8477/3497 1690/8399/3447 1671/8589/3510
f 1270/8341/3453 1280/8590/3452 1282/8591/3545
f 843/8492/3499 858/8493/3501 857/8592/3451
f 828/8253/3418 843/8593/3499 825/8254/3400
f 852/8594/3443 853/8595/3508 854/8596/3523
f 1666/8453/3436 1669/8597/3546 1657/8454/3440
f 1364/8357/3423 1371/8563/3534 1370/8484/3500
f 1672/8271/3424 1678/8507/3431 1673/8598/3538
f 838/8599/3463 855/8600/3520 856/8601/3547
f 848/8429/3482 881/8602/3548 837/8430/3421
f 1666/8603/3436 1670/8604/3549 1681/8605/3550
f 1360/8606/3439 1373/8607/3551 1371/8576/3534
f 2521/8374/3462 2532/8401/3472 2528/8608/3514
f 1670/8609/3549 1662/8610/3477 1682/8611/3552
f 1671/8612/3553 1672/8613/3553 1673/8614/3553
f 857/8615/3451 858/8616/3501 856/8617/3547
f 819/8220/3409 842/8283/3429 828/8618/3418
f 356/8581/3542 357/8619/3427 877/8556/3531
f 834/8620/3467 851/8621/3513 859/8622/3554
f 1278/8623/3540 1277/8487/3473 1279/8624/3555
f 838/8376/3463 861/8625/3556 841/8489/3438
f 1280/8626/3557 1276/8627/3557 1282/8628/3557
f 844/8629/3460 859/8622/3554 849/8630/3558
f 2526/8631/3559 2527/8632/3518 2528/8633/3514
f 838/8376/3463 856/8634/3547 860/8635/3560
f 344/8636/3391 351/8637/3504 360/8638/3561
f 1666/8603/3436 1681/8605/3550 1669/8639/3546
f 834/8385/3467 847/8640/3529 829/8386/3425
f 1373/8607/3551 1360/8606/3439 865/8641/3525
f 841/8642/3438 861/8643/3556 862/8644/3562
f 857/8615/3451 856/8617/3547 855/8645/3520
f 356/8646/3542 854/8647/3523 358/8648/3464
f 347/8394/3313 849/8649/3558 851/8516/3513
f 1270/8341/3453 1282/8591/3545 1274/8443/3487
f 1374/8650/3449 1369/8651/3465 1375/8652/3563
f 852/8318/3443 837/8317/3421 863/8653/3493
f 838/8376/3463 860/8635/3560 861/8625/3556
f 872/8466/3495 848/8476/3482 879/8654/3564
f 351/8655/3504 1274/8656/3487 359/8657/3565
f 864/8658/3566 1371/8576/3534 1373/8607/3551
f 837/8367/3421 881/8659/3548 844/8368/3460
f 852/8594/3443 863/8660/3493 853/8595/3508
f 1377/8661/3567 1369/8525/3517 1371/8576/3534
f 850/8662/3536 862/8644/3562 861/8643/3556
f 844/8368/3460 881/8659/3548 859/8663/3554
f 1663/8477/3497 1671/8589/3510 1673/8664/3538
f 1369/8665/3568 1377/8666/3568 1376/8667/3568
f 1371/8576/3534 864/8658/3566 1379/8668/3569
f 851/8621/3513 849/8630/3558 859/8622/3554
f 357/8280/3427 344/8279/3391 877/8669/3531
f 1375/8652/3563 1369/8651/3465 1378/8670/3570
f 1674/8671/3543 1675/8672/3533 1676/8673/3571
f 861/8643/3556 866/8674/3572 850/8662/3536
f 847/8640/3529 834/8385/3467 859/8675/3554
f 1678/8507/3431 1677/8676/3539 1673/8598/3538
f 1677/8574/3539 1678/8677/3431 1679/8678/3573
f 1668/8405/3474 1680/8679/3574 1659/7866/3267
f 1670/8609/3549 1682/8611/3552 1681/8680/3550
f 350/8116/3355 358/8681/3464 345/8282/3397
f 1668/8520/3474 1677/8574/3539 1680/8682/3574
f 858/8616/3501 872/8683/3495 856/8617/3547
f 1373/8684/3551 870/8685/3575 864/8686/3566
f 864/8687/3576 875/8688/3576 873/8689/3576
f 1678/8677/3431 1657/8690/3440 1679/8678/3573
f 2532/8401/3472 2534/8691/3577 2528/8608/3514
f 1373/8684/3551 865/8692/3525 870/8685/3575
f 854/8537/3523 355/8693/3532 879/8654/3564
f 1371/8576/3534 1379/8668/3569 1377/8661/3567
f 853/8506/3508 345/8193/3397 358/8694/3464
f 854/8537/3523 879/8654/3564 848/8476/3482
f 2532/8401/3472 2500/8400/3337 2529/8695/3578
f 2527/8632/3518 2526/8631/3559 2525/8696/3509
f 864/8686/3566 870/8685/3575 875/8697/3579
f 872/8698/3495 871/8699/3580 856/8700/3547
f 854/8647/3523 853/8701/3508 358/8648/3464
f 2523/8702/3471 2530/8703/3519 2522/8704/3515
f 865/8692/3525 868/8705/3506 870/8685/3575
f 850/8568/3536 866/8706/3572 868/8569/3506
f 860/8707/3560 867/8708/3581 866/8709/3572
f 1675/8710/3533 1664/8515/3512 1667/8514/3511
f 1667/8514/3511 1659/7866/3267 1680/8679/3574
f 2500/8400/3337 2533/8711/3484 2529/8695/3578
f 2525/8510/3509 2531/8712/3582 2530/8580/3519
f 861/8625/3556 860/8635/3560 866/8713/3572
f 856/8634/3547 871/8714/3580 860/8635/3560
f 853/8715/3583 863/8716/3583 354/8717/3583
f 360/8718/3561 877/8669/3531 344/8279/3391
f 1369/8651/3465 1376/8719/3584 1378/8670/3570
f 1274/8656/3487 361/8720/3585 359/8657/3565
f 864/8721/3566 1383/8722/3586 1379/8723/3569
f 860/8724/3560 871/8725/3580 867/8726/3581
f 868/8727/3587 869/8728/3587 870/8729/3587
f 359/8730/3565 360/8638/3561 351/8637/3504
f 1377/8731/3567 1382/8732/3588 1376/8733/3584
f 871/8734/3589 872/8735/3589 878/8736/3589
f 1277/8487/3473 1375/8547/3528 1279/8624/3555
f 2525/8737/3509 2534/8738/3577 2532/8739/3472
f 1676/8673/3571 1682/8740/3552 1662/8741/3477
f 879/8654/3564 355/8693/3532 885/8742/3590
f 1278/8743/3591 1279/8744/3591 1289/8745/3591
f 2522/8704/3515 2530/8703/3519 2531/8746/3582
f 2522/8704/3515 2531/8746/3582 2533/8747/3484
f 873/8748/3592 1383/8749/3586 864/8750/3566
f 868/8569/3506 866/8706/3572 874/8751/3593
f 1378/8752/3570 1376/8753/3584 1287/8754/3594
f 1377/8731/3567 1379/8755/3569 1382/8732/3588
f 2529/8756/3578 2531/8712/3582 2532/8757/3472
f 2528/8633/3514 2534/8758/3577 2526/8631/3559
f 2533/8747/3484 2531/8746/3582 2529/8759/3578
f 1674/8671/3543 1676/8673/3571 1662/8741/3477
f 1677/8574/3539 1679/8678/3573 1680/8682/3574
f 875/8760/3579 870/8761/3575 873/8762/3592
f 1681/8763/3550 1682/8764/3552 1683/8765/3595
f 1274/8656/3487 1282/8766/3545 1281/8767/3596
f 859/8675/3554 881/8768/3548 847/8640/3529
f 2532/8757/3472 2531/8712/3582 2525/8510/3509
f 359/8769/3597 361/8770/3597 360/8771/3597
f 1276/8772/3524 1289/8773/3521 1283/8774/3598
f 2525/8737/3509 2526/8775/3559 2534/8738/3577
f 361/8776/3585 1286/8777/3599 355/8693/3532
f 1675/8710/3533 1667/8514/3511 1676/8778/3571
f 1276/8772/3524 1283/8774/3598 1282/8779/3545
f 355/8693/3532 1286/8777/3599 885/8742/3590
f 885/8742/3590 876/8780/3600 879/8654/3564
f 1667/8514/3511 1685/8781/3601 1676/8778/3571
f 355/8693/3532 877/8782/3531 361/8776/3585
f 1679/8678/3573 1657/8690/3440 1669/8783/3546
f 1289/8784/3602 1279/8785/3602 1284/8786/3602
f 1680/8787/3574 1679/8678/3573 1684/8788/3603
f 1685/8789/3601 1683/8765/3595 1676/8790/3571
f 871/8725/3580 878/8791/3604 867/8726/3581
f 868/8792/3605 874/8793/3605 869/8794/3605
f 1667/8514/3511 1680/8679/3574 1685/8781/3601
f 1684/8795/3603 1681/8605/3550 1683/8796/3595
f 1683/8765/3595 1682/8764/3552 1676/8790/3571
f 1282/8766/3545 1283/8797/3598 1281/8767/3596
f 1287/8798/3594 1376/8799/3584 1380/8800/3606
f 1274/8656/3487 1281/8767/3596 361/8720/3585
f 883/8801/3607 879/8802/3564 876/8803/3600
f 867/8708/3581 878/8804/3604 880/8805/3608
f 1681/8605/3550 1684/8795/3603 1669/8639/3546
f 1286/8777/3599 886/8806/3609 885/8742/3590
f 870/8761/3575 891/8807/3610 873/8762/3592
f 848/8550/3482 847/8549/3529 881/8808/3548
f 1669/8783/3546 1684/8788/3603 1679/8678/3573
f 1287/8809/3594 1284/8810/3611 1378/8811/3570
f 1378/8811/3570 1284/8810/3611 1375/8812/3563
f 876/8780/3600 1291/8813/3612 873/8814/3592
f 1286/8815/3599 361/8816/3585 1290/8817/3613
f 1680/8787/3574 1684/8788/3603 1685/8818/3601
f 885/8742/3590 1291/8813/3612 876/8780/3600
f 1379/8723/3569 1383/8722/3586 1381/8819/3614
f 867/8708/3581 880/8805/3608 866/8709/3572
f 1290/8817/3613 361/8816/3585 1285/8820/3615
f 1290/8821/3616 1287/8809/3594 884/8822/3617
f 1283/8823/3598 1285/8824/3615 1281/8767/3596
f 869/8825/3618 874/8826/3618 882/8827/3618
f 1375/8828/3619 1284/8829/3619 1279/8830/3619
f 1683/8796/3595 1685/8831/3601 1684/8795/3603
f 1290/8832/3620 1288/8833/3620 1286/8834/3620
f 879/8835/3564 883/8836/3607 872/8837/3495
f 1281/8767/3596 1285/8824/3615 361/8720/3585
f 872/8837/3495 883/8836/3607 878/8804/3604
f 1290/8838/3616 884/8839/3617 1288/8840/3621
f 1287/8809/3594 1290/8821/3616 1284/8810/3611
f 878/8804/3604 883/8836/3607 888/8841/3622
f 877/8842/3623 360/8843/3623 361/8844/3623
f 866/8709/3572 880/8805/3608 874/8845/3593
f 884/8846/3624 1287/8847/3624 1385/8848/3624
f 873/8814/3592 1291/8813/3612 1383/8849/3586
f 876/8803/3600 873/8850/3592 883/8801/3607
f 878/8804/3604 888/8841/3622 880/8805/3608
f 1291/8813/3612 885/8742/3590 1385/8851/3625
f 1286/8852/3626 1288/8853/3626 886/8854/3626
f 1289/8773/3521 1285/8855/3615 1283/8774/3598
f 1289/8856/3627 1284/8857/3627 1290/8858/3627
f 884/8859/3628 1385/8851/3625 885/8742/3590
f 874/8860/3593 880/8861/3608 882/8862/3629
f 1376/8799/3584 1382/8863/3588 1380/8800/3606
f 1379/8723/3569 1381/8819/3614 1382/8864/3588
f 885/8865/3630 886/8866/3630 884/8867/3630
f 1289/8868/3631 1290/8869/3631 1285/8870/3631
f 869/8871/3632 882/8872/3629 889/8873/3633
f 1287/8874/3594 1380/8875/3606 1385/8876/3634
f 880/8861/3608 888/8877/3622 882/8862/3629
f 870/8878/3575 869/8879/3632 891/8880/3610
f 1291/8813/3612 887/8881/3635 1383/8849/3586
f 1385/8882/3636 887/8883/3636 1291/8884/3636
f 886/8885/3637 1288/8886/3637 884/8887/3637
f 1380/8875/3606 1382/8888/3588 1385/8876/3634
f 887/8889/3635 1381/8890/3614 1383/8891/3586
f 882/8872/3629 888/8892/3622 890/8893/3638
f 869/8879/3632 889/8894/3633 891/8880/3610
f 1382/8895/3588 1381/8890/3614 887/8889/3635
f 882/8872/3629 890/8893/3638 889/8873/3633
f 1385/8896/3634 1382/8895/3588 887/8889/3635
f 888/8841/3622 883/8836/3607 890/8897/3638
f 889/8873/3633 890/8893/3638 891/8898/3610
f 873/8850/3592 891/8899/3610 883/8801/3607
f 883/8836/3607 891/8900/3610 890/8897/3638
f 2111/1468/568 2119/1941/721 2118/1469/565
